TravelDate,DayOfWeek,TubeJourneyCount,BusJourneyCount,SourceFile,CalculatedDayOfWeek,Year,Month,MonthName,Quarter,DayOfMonth,WeekOfYear,IsWeekend,TotalJourneyCount
2019-01-01,Tuesday,1801000,2312000,Journeys_2019.csv,Tuesday,2019,1,January,1,1,1,0,4113000
2019-01-02,Wednesday,3410000,4536000,Journeys_2019.csv,Wednesday,2019,1,January,1,2,1,0,7946000
2019-01-03,Thursday,3604000,4742000,Journeys_2019.csv,Thursday,2019,1,January,1,3,1,0,8346000
2019-01-04,Friday,3693000,4984000,Journeys_2019.csv,Friday,2019,1,January,1,4,1,0,8677000
2019-01-05,Saturday,2583000,4046000,Journeys_2019.csv,Saturday,2019,1,January,1,5,1,1,6629000
2019-01-06,Sunday,1679000,2989000,Journeys_2019.csv,Sunday,2019,1,January,1,6,1,1,4668000
2019-01-07,Monday,3700000,5511000,Journeys_2019.csv,Monday,2019,1,January,1,7,2,0,9211000
2019-01-08,Tuesday,4026000,5909000,Journeys_2019.csv,Tuesday,2019,1,January,1,8,2,0,9935000
2019-01-09,Wednesday,4056000,5905000,Journeys_2019.csv,Wednesday,2019,1,January,1,9,2,0,9961000
2019-01-10,Thursday,4173000,5895000,Journeys_2019.csv,Thursday,2019,1,January,1,10,2,0,10068000
2019-01-11,Friday,4202000,6085000,Journeys_2019.csv,Friday,2019,1,January,1,11,2,0,10287000
2019-01-12,Saturday,2888000,4349000,Journeys_2019.csv,Saturday,2019,1,January,1,12,2,1,7237000
2019-01-13,Sunday,1986000,3130000,Journeys_2019.csv,Sunday,2019,1,January,1,13,2,1,5116000
2019-01-14,Monday,4029000,5974000,Journeys_2019.csv,Monday,2019,1,January,1,14,3,0,10003000
2019-01-15,Tuesday,4257000,6059000,Journeys_2019.csv,Tuesday,2019,1,January,1,15,3,0,10316000
2019-01-16,Wednesday,4330000,6031000,Journeys_2019.csv,Wednesday,2019,1,January,1,16,3,0,10361000
2019-01-17,Thursday,4454000,6146000,Journeys_2019.csv,Thursday,2019,1,January,1,17,3,0,10600000
2019-01-18,Friday,4797000,6210000,Journeys_2019.csv,Friday,2019,1,January,1,18,3,0,11007000
2019-01-19,Saturday,3424000,4434000,Journeys_2019.csv,Saturday,2019,1,January,1,19,3,1,7858000
2019-01-20,Sunday,2088000,3219000,Journeys_2019.csv,Sunday,2019,1,January,1,20,3,1,5307000
2019-01-21,Monday,4096000,5962000,Journeys_2019.csv,Monday,2019,1,January,1,21,4,0,10058000
2019-01-22,Tuesday,4350000,6075000,Journeys_2019.csv,Tuesday,2019,1,January,1,22,4,0,10425000
2019-01-23,Wednesday,4385000,6010000,Journeys_2019.csv,Wednesday,2019,1,January,1,23,4,0,10395000
2019-01-24,Thursday,4518000,6023000,Journeys_2019.csv,Thursday,2019,1,January,1,24,4,0,10541000
2019-01-25,Friday,1905000,1245000,Journeys_2019.csv,Friday,2019,1,January,1,25,4,0,3150000
2019-01-26,Saturday,2264000,4525000,Journeys_2019.csv,Saturday,2019,1,January,1,26,4,1,6789000
2019-01-27,Sunday,2079000,3140000,Journeys_2019.csv,Sunday,2019,1,January,1,27,4,1,5219000
2019-01-28,Monday,4148000,6036000,Journeys_2019.csv,Monday,2019,1,January,1,28,5,0,10184000
2019-01-29,Tuesday,4385000,6103000,Journeys_2019.csv,Tuesday,2019,1,January,1,29,5,0,10488000
2019-01-30,Wednesday,4414000,6075000,Journeys_2019.csv,Wednesday,2019,1,January,1,30,5,0,10489000
2019-01-31,Thursday,4438000,6053000,Journeys_2019.csv,Thursday,2019,1,January,1,31,5,0,10491000
2019-02-01,Friday,4247000,5817000,Journeys_2019.csv,Friday,2019,2,February,1,1,5,0,10064000
2019-02-02,Saturday,3143000,4458000,Journeys_2019.csv,Saturday,2019,2,February,1,2,5,1,7601000
2019-02-03,Sunday,2129000,3208000,Journeys_2019.csv,Sunday,2019,2,February,1,3,5,1,5337000
2019-02-04,Monday,4151000,5863000,Journeys_2019.csv,Monday,2019,2,February,1,4,6,0,10014000
2019-02-05,Tuesday,4392000,6107000,Journeys_2019.csv,Tuesday,2019,2,February,1,5,6,0,10499000
2019-02-06,Wednesday,4449000,6104000,Journeys_2019.csv,Wednesday,2019,2,February,1,6,6,0,10553000
2019-02-07,Thursday,4534000,6167000,Journeys_2019.csv,Thursday,2019,2,February,1,7,6,0,10701000
2019-02-08,Friday,4480000,6066000,Journeys_2019.csv,Friday,2019,2,February,1,8,6,0,10546000
2019-02-09,Saturday,3127000,4645000,Journeys_2019.csv,Saturday,2019,2,February,1,9,6,1,7772000
2019-02-10,Sunday,2159000,3220000,Journeys_2019.csv,Sunday,2019,2,February,1,10,6,1,5379000
2019-02-11,Monday,4176000,6054000,Journeys_2019.csv,Monday,2019,2,February,1,11,7,0,10230000
2019-02-12,Tuesday,4374000,6200000,Journeys_2019.csv,Tuesday,2019,2,February,1,12,7,0,10574000
2019-02-13,Wednesday,4515000,6262000,Journeys_2019.csv,Wednesday,2019,2,February,1,13,7,0,10777000
2019-02-14,Thursday,4475000,6297000,Journeys_2019.csv,Thursday,2019,2,February,1,14,7,0,10772000
2019-02-15,Friday,4457000,6191000,Journeys_2019.csv,Friday,2019,2,February,1,15,7,0,10648000
2019-02-16,Saturday,3120000,4499000,Journeys_2019.csv,Saturday,2019,2,February,1,16,7,1,7619000
2019-02-17,Sunday,2214000,3371000,Journeys_2019.csv,Sunday,2019,2,February,1,17,7,1,5585000
2019-02-18,Monday,4130000,5165000,Journeys_2019.csv,Monday,2019,2,February,1,18,8,0,9295000
2019-02-19,Tuesday,4357000,5474000,Journeys_2019.csv,Tuesday,2019,2,February,1,19,8,0,9831000
2019-02-20,Wednesday,4414000,5426000,Journeys_2019.csv,Wednesday,2019,2,February,1,20,8,0,9840000
2019-02-21,Thursday,4497000,5480000,Journeys_2019.csv,Thursday,2019,2,February,1,21,8,0,9977000
2019-02-22,Friday,4485000,5543000,Journeys_2019.csv,Friday,2019,2,February,1,22,8,0,10028000
2019-02-23,Saturday,3174000,4632000,Journeys_2019.csv,Saturday,2019,2,February,1,23,8,1,7806000
2019-02-24,Sunday,2219000,3373000,Journeys_2019.csv,Sunday,2019,2,February,1,24,8,1,5592000
2019-02-25,Monday,4074000,5999000,Journeys_2019.csv,Monday,2019,2,February,1,25,9,0,10073000
2019-02-26,Tuesday,4370000,6238000,Journeys_2019.csv,Tuesday,2019,2,February,1,26,9,0,10608000
2019-02-27,Wednesday,4535000,6252000,Journeys_2019.csv,Wednesday,2019,2,February,1,27,9,0,10787000
2019-02-28,Thursday,4576000,6250000,Journeys_2019.csv,Thursday,2019,2,February,1,28,9,0,10826000
2019-03-01,Friday,4516000,6347000,Journeys_2019.csv,Friday,2019,3,March,1,1,9,0,10863000
2019-03-02,Saturday,3301000,4804000,Journeys_2019.csv,Saturday,2019,3,March,1,2,9,1,8105000
2019-03-03,Sunday,2037000,3230000,Journeys_2019.csv,Sunday,2019,3,March,1,3,9,1,5267000
2019-03-04,Monday,4199000,6156000,Journeys_2019.csv,Monday,2019,3,March,1,4,10,0,10355000
2019-03-05,Tuesday,4412000,6308000,Journeys_2019.csv,Tuesday,2019,3,March,1,5,10,0,10720000
2019-03-06,Wednesday,4469000,6235000,Journeys_2019.csv,Wednesday,2019,3,March,1,6,10,0,10704000
2019-03-07,Thursday,4621000,6330000,Journeys_2019.csv,Thursday,2019,3,March,1,7,10,0,10951000
2019-03-08,Friday,4601000,6419000,Journeys_2019.csv,Friday,2019,3,March,1,8,10,0,11020000
2019-03-09,Saturday,3251000,4762000,Journeys_2019.csv,Saturday,2019,3,March,1,9,10,1,8013000
2019-03-10,Sunday,2234000,3267000,Journeys_2019.csv,Sunday,2019,3,March,1,10,10,1,5501000
2019-03-11,Monday,4228000,6158000,Journeys_2019.csv,Monday,2019,3,March,1,11,11,0,10386000
2019-03-12,Tuesday,4358000,6009000,Journeys_2019.csv,Tuesday,2019,3,March,1,12,11,0,10367000
2019-03-13,Wednesday,4457000,6222000,Journeys_2019.csv,Wednesday,2019,3,March,1,13,11,0,10679000
2019-03-14,Thursday,4557000,6194000,Journeys_2019.csv,Thursday,2019,3,March,1,14,11,0,10751000
2019-03-15,Friday,4498000,6307000,Journeys_2019.csv,Friday,2019,3,March,1,15,11,0,10805000
2019-03-16,Saturday,3173000,4641000,Journeys_2019.csv,Saturday,2019,3,March,1,16,11,1,7814000
2019-03-17,Sunday,2221000,3402000,Journeys_2019.csv,Sunday,2019,3,March,1,17,11,1,5623000
2019-03-18,Monday,4132000,6100000,Journeys_2019.csv,Monday,2019,3,March,1,18,12,0,10232000
2019-03-19,Tuesday,4377000,6202000,Journeys_2019.csv,Tuesday,2019,3,March,1,19,12,0,10579000
2019-03-20,Wednesday,4430000,5956000,Journeys_2019.csv,Wednesday,2019,3,March,1,20,12,0,10386000
2019-03-21,Thursday,4485000,6161000,Journeys_2019.csv,Thursday,2019,3,March,1,21,12,0,10646000
2019-03-22,Friday,4518000,6311000,Journeys_2019.csv,Friday,2019,3,March,1,22,12,0,10829000
2019-03-23,Saturday,3512000,4798000,Journeys_2019.csv,Saturday,2019,3,March,1,23,12,1,8310000
2019-03-24,Sunday,2296000,3494000,Journeys_2019.csv,Sunday,2019,3,March,1,24,12,1,5790000
2019-03-25,Monday,4133000,6107000,Journeys_2019.csv,Monday,2019,3,March,1,25,13,0,10240000
2019-03-26,Tuesday,4326000,6222000,Journeys_2019.csv,Tuesday,2019,3,March,1,26,13,0,10548000
2019-03-27,Wednesday,4388000,6203000,Journeys_2019.csv,Wednesday,2019,3,March,1,27,13,0,10591000
2019-03-28,Thursday,4500000,6292000,Journeys_2019.csv,Thursday,2019,3,March,1,28,13,0,10792000
2019-03-29,Friday,4553000,6438000,Journeys_2019.csv,Friday,2019,3,March,1,29,13,0,10991000
2019-03-30,Saturday,3279000,4984000,Journeys_2019.csv,Saturday,2019,3,March,1,30,13,1,8263000
2019-03-31,Sunday,2135000,3381000,Journeys_2019.csv,Sunday,2019,3,March,1,31,13,1,5516000
2019-04-01,Monday,4097000,6098000,Journeys_2019.csv,Monday,2019,4,April,2,1,14,0,10195000
2019-04-02,Tuesday,4250000,6086000,Journeys_2019.csv,Tuesday,2019,4,April,2,2,14,0,10336000
2019-04-03,Wednesday,4361000,6205000,Journeys_2019.csv,Wednesday,2019,4,April,2,3,14,0,10566000
2019-04-04,Thursday,4391000,6156000,Journeys_2019.csv,Thursday,2019,4,April,2,4,14,0,10547000
2019-04-05,Friday,4318000,6358000,Journeys_2019.csv,Friday,2019,4,April,2,5,14,0,10676000
2019-04-06,Saturday,3065000,4610000,Journeys_2019.csv,Saturday,2019,4,April,2,6,14,1,7675000
2019-04-07,Sunday,2125000,3309000,Journeys_2019.csv,Sunday,2019,4,April,2,7,14,1,5434000
2019-04-08,Monday,4055000,5374000,Journeys_2019.csv,Monday,2019,4,April,2,8,15,0,9429000
2019-04-09,Tuesday,4274000,5454000,Journeys_2019.csv,Tuesday,2019,4,April,2,9,15,0,9728000
2019-04-10,Wednesday,4323000,5627000,Journeys_2019.csv,Wednesday,2019,4,April,2,10,15,0,9950000
2019-04-11,Thursday,4418000,5513000,Journeys_2019.csv,Thursday,2019,4,April,2,11,15,0,9931000
2019-04-12,Friday,4299000,5514000,Journeys_2019.csv,Friday,2019,4,April,2,12,15,0,9813000
2019-04-13,Saturday,3103000,4594000,Journeys_2019.csv,Saturday,2019,4,April,2,13,15,1,7697000
2019-04-14,Sunday,2126000,3415000,Journeys_2019.csv,Sunday,2019,4,April,2,14,15,1,5541000
2019-04-15,Monday,4129000,5165000,Journeys_2019.csv,Monday,2019,4,April,2,15,16,0,9294000
2019-04-16,Tuesday,4389000,5180000,Journeys_2019.csv,Tuesday,2019,4,April,2,16,16,0,9569000
2019-04-17,Wednesday,4427000,5274000,Journeys_2019.csv,Wednesday,2019,4,April,2,17,16,0,9701000
2019-04-18,Thursday,4383000,5386000,Journeys_2019.csv,Thursday,2019,4,April,2,18,16,0,9769000
2019-04-19,Friday,2650000,4269000,Journeys_2019.csv,Friday,2019,4,April,2,19,16,0,6919000
2019-04-20,Saturday,2828000,4469000,Journeys_2019.csv,Saturday,2019,4,April,2,20,16,1,7297000
2019-04-21,Sunday,1943000,3090000,Journeys_2019.csv,Sunday,2019,4,April,2,21,16,1,5033000
2019-04-22,Monday,1931000,3431000,Journeys_2019.csv,Monday,2019,4,April,2,22,17,0,5362000
2019-04-23,Tuesday,4006000,5808000,Journeys_2019.csv,Tuesday,2019,4,April,2,23,17,0,9814000
2019-04-24,Wednesday,4277000,5992000,Journeys_2019.csv,Wednesday,2019,4,April,2,24,17,0,10269000
2019-04-25,Thursday,4424000,6179000,Journeys_2019.csv,Thursday,2019,4,April,2,25,17,0,10603000
2019-04-26,Friday,4466000,6314000,Journeys_2019.csv,Friday,2019,4,April,2,26,17,0,10780000
2019-04-27,Saturday,3141000,4693000,Journeys_2019.csv,Saturday,2019,4,April,2,27,17,1,7834000
2019-04-28,Sunday,2376000,3268000,Journeys_2019.csv,Sunday,2019,4,April,2,28,17,1,5644000
2019-04-29,Monday,4126000,6059000,Journeys_2019.csv,Monday,2019,4,April,2,29,18,0,10185000
2019-04-30,Tuesday,4443000,6295000,Journeys_2019.csv,Tuesday,2019,4,April,2,30,18,0,10738000
2019-05-01,Wednesday,4447000,6292000,Journeys_2019.csv,Wednesday,2019,5,May,2,1,18,0,10739000
2019-05-02,Thursday,4594000,6299000,Journeys_2019.csv,Thursday,2019,5,May,2,2,18,0,10893000
2019-05-03,Friday,4429000,6370000,Journeys_2019.csv,Friday,2019,5,May,2,3,18,0,10799000
2019-05-04,Saturday,3018000,4819000,Journeys_2019.csv,Saturday,2019,5,May,2,4,18,1,7837000
2019-05-05,Sunday,2203000,3628000,Journeys_2019.csv,Sunday,2019,5,May,2,5,18,1,5831000
2019-05-06,Monday,1923000,3449000,Journeys_2019.csv,Monday,2019,5,May,2,6,19,0,5372000
2019-05-07,Tuesday,4168000,6197000,Journeys_2019.csv,Tuesday,2019,5,May,2,7,19,0,10365000
2019-05-08,Wednesday,4362000,6068000,Journeys_2019.csv,Wednesday,2019,5,May,2,8,19,0,10430000
2019-05-09,Thursday,4466000,6179000,Journeys_2019.csv,Thursday,2019,5,May,2,9,19,0,10645000
2019-05-10,Friday,4396000,6380000,Journeys_2019.csv,Friday,2019,5,May,2,10,19,0,10776000
2019-05-11,Saturday,2848000,4737000,Journeys_2019.csv,Saturday,2019,5,May,2,11,19,1,7585000
2019-05-12,Sunday,1991000,3550000,Journeys_2019.csv,Sunday,2019,5,May,2,12,19,1,5541000
2019-05-13,Monday,4062000,6118000,Journeys_2019.csv,Monday,2019,5,May,2,13,20,0,10180000
2019-05-14,Tuesday,4278000,6230000,Journeys_2019.csv,Tuesday,2019,5,May,2,14,20,0,10508000
2019-05-15,Wednesday,4362000,6229000,Journeys_2019.csv,Wednesday,2019,5,May,2,15,20,0,10591000
2019-05-16,Thursday,4407000,6280000,Journeys_2019.csv,Thursday,2019,5,May,2,16,20,0,10687000
2019-05-17,Friday,4330000,6246000,Journeys_2019.csv,Friday,2019,5,May,2,17,20,0,10576000
2019-05-18,Saturday,3059000,4691000,Journeys_2019.csv,Saturday,2019,5,May,2,18,20,1,7750000
2019-05-19,Sunday,2074000,3356000,Journeys_2019.csv,Sunday,2019,5,May,2,19,20,1,5430000
2019-05-20,Monday,4023000,6053000,Journeys_2019.csv,Monday,2019,5,May,2,20,21,0,10076000
2019-05-21,Tuesday,4323000,6229000,Journeys_2019.csv,Tuesday,2019,5,May,2,21,21,0,10552000
2019-05-22,Wednesday,4387000,6200000,Journeys_2019.csv,Wednesday,2019,5,May,2,22,21,0,10587000
2019-05-23,Thursday,4390000,6203000,Journeys_2019.csv,Thursday,2019,5,May,2,23,21,0,10593000
2019-05-24,Friday,4270000,6262000,Journeys_2019.csv,Friday,2019,5,May,2,24,21,0,10532000
2019-05-25,Saturday,2973000,4670000,Journeys_2019.csv,Saturday,2019,5,May,2,25,21,1,7643000
2019-05-26,Sunday,2281000,3563000,Journeys_2019.csv,Sunday,2019,5,May,2,26,21,1,5844000
2019-05-27,Monday,2221000,3526000,Journeys_2019.csv,Monday,2019,5,May,2,27,22,0,5747000
2019-05-28,Tuesday,4051000,5418000,Journeys_2019.csv,Tuesday,2019,5,May,2,28,22,0,9469000
2019-05-29,Wednesday,4287000,5469000,Journeys_2019.csv,Wednesday,2019,5,May,2,29,22,0,9756000
2019-05-30,Thursday,4347000,5538000,Journeys_2019.csv,Thursday,2019,5,May,2,30,22,0,9885000
2019-05-31,Friday,4381000,5674000,Journeys_2019.csv,Friday,2019,5,May,2,31,22,0,10055000
2019-06-01,Saturday,3279000,4834000,Journeys_2019.csv,Saturday,2019,6,June,2,1,22,1,8113000
2019-06-02,Sunday,2200000,3485000,Journeys_2019.csv,Sunday,2019,6,June,2,2,22,1,5685000
2019-06-03,Monday,4022000,6005000,Journeys_2019.csv,Monday,2019,6,June,2,3,23,0,10027000
2019-06-04,Tuesday,4259000,5989000,Journeys_2019.csv,Tuesday,2019,6,June,2,4,23,0,10248000
2019-06-05,Wednesday,4345000,6082000,Journeys_2019.csv,Wednesday,2019,6,June,2,5,23,0,10427000
2019-06-06,Thursday,4485000,6281000,Journeys_2019.csv,Thursday,2019,6,June,2,6,23,0,10766000
2019-06-07,Friday,4381000,6207000,Journeys_2019.csv,Friday,2019,6,June,2,7,23,0,10588000
2019-06-08,Saturday,3205000,4716000,Journeys_2019.csv,Saturday,2019,6,June,2,8,23,1,7921000
2019-06-09,Sunday,2168000,3524000,Journeys_2019.csv,Sunday,2019,6,June,2,9,23,1,5692000
2019-06-10,Monday,4120000,5701000,Journeys_2019.csv,Monday,2019,6,June,2,10,24,0,9821000
2019-06-11,Tuesday,4392000,6307000,Journeys_2019.csv,Tuesday,2019,6,June,2,11,24,0,10699000
2019-06-12,Wednesday,4472000,6223000,Journeys_2019.csv,Wednesday,2019,6,June,2,12,24,0,10695000
2019-06-13,Thursday,4599000,6128000,Journeys_2019.csv,Thursday,2019,6,June,2,13,24,0,10727000
2019-06-14,Friday,4513000,6430000,Journeys_2019.csv,Friday,2019,6,June,2,14,24,0,10943000
2019-06-15,Saturday,3122000,4945000,Journeys_2019.csv,Saturday,2019,6,June,2,15,24,1,8067000
2019-06-16,Sunday,2151000,3521000,Journeys_2019.csv,Sunday,2019,6,June,2,16,24,1,5672000
2019-06-17,Monday,4229000,6108000,Journeys_2019.csv,Monday,2019,6,June,2,17,25,0,10337000
2019-06-18,Tuesday,4483000,6164000,Journeys_2019.csv,Tuesday,2019,6,June,2,18,25,0,10647000
2019-06-19,Wednesday,4456000,6258000,Journeys_2019.csv,Wednesday,2019,6,June,2,19,25,0,10714000
2019-06-20,Thursday,4574000,6310000,Journeys_2019.csv,Thursday,2019,6,June,2,20,25,0,10884000
2019-06-21,Friday,4548000,6356000,Journeys_2019.csv,Friday,2019,6,June,2,21,25,0,10904000
2019-06-22,Saturday,3300000,4945000,Journeys_2019.csv,Saturday,2019,6,June,2,22,25,1,8245000
2019-06-23,Sunday,2293000,3528000,Journeys_2019.csv,Sunday,2019,6,June,2,23,25,1,5821000
2019-06-24,Monday,4120000,6064000,Journeys_2019.csv,Monday,2019,6,June,2,24,26,0,10184000
2019-06-25,Tuesday,4361000,6164000,Journeys_2019.csv,Tuesday,2019,6,June,2,25,26,0,10525000
2019-06-26,Wednesday,4476000,6215000,Journeys_2019.csv,Wednesday,2019,6,June,2,26,26,0,10691000
2019-06-27,Thursday,4503000,6249000,Journeys_2019.csv,Thursday,2019,6,June,2,27,26,0,10752000
2019-06-28,Friday,4439000,6342000,Journeys_2019.csv,Friday,2019,6,June,2,28,26,0,10781000
2019-06-29,Saturday,3266000,4963000,Journeys_2019.csv,Saturday,2019,6,June,2,29,26,1,8229000
2019-06-30,Sunday,2395000,3628000,Journeys_2019.csv,Sunday,2019,6,June,2,30,26,1,6023000
2019-07-01,Monday,4173000,6041000,Journeys_2019.csv,Monday,2019,7,July,3,1,27,0,10214000
2019-07-02,Tuesday,4436000,6225000,Journeys_2019.csv,Tuesday,2019,7,July,3,2,27,0,10661000
2019-07-03,Wednesday,4534000,6229000,Journeys_2019.csv,Wednesday,2019,7,July,3,3,27,0,10763000
2019-07-04,Thursday,4610000,6255000,Journeys_2019.csv,Thursday,2019,7,July,3,4,27,0,10865000
2019-07-05,Friday,4594000,6318000,Journeys_2019.csv,Friday,2019,7,July,3,5,27,0,10912000
2019-07-06,Saturday,3581000,4924000,Journeys_2019.csv,Saturday,2019,7,July,3,6,27,1,8505000
2019-07-07,Sunday,2341000,3654000,Journeys_2019.csv,Sunday,2019,7,July,3,7,27,1,5995000
2019-07-08,Monday,4156000,6048000,Journeys_2019.csv,Monday,2019,7,July,3,8,28,0,10204000
2019-07-09,Tuesday,4333000,6203000,Journeys_2019.csv,Tuesday,2019,7,July,3,9,28,0,10536000
2019-07-10,Wednesday,4458000,6124000,Journeys_2019.csv,Wednesday,2019,7,July,3,10,28,0,10582000
2019-07-11,Thursday,4536000,6119000,Journeys_2019.csv,Thursday,2019,7,July,3,11,28,0,10655000
2019-07-12,Friday,4473000,6210000,Journeys_2019.csv,Friday,2019,7,July,3,12,28,0,10683000
2019-07-13,Saturday,3223000,4836000,Journeys_2019.csv,Saturday,2019,7,July,3,13,28,1,8059000
2019-07-14,Sunday,2295000,3478000,Journeys_2019.csv,Sunday,2019,7,July,3,14,28,1,5773000
2019-07-15,Monday,4145000,5915000,Journeys_2019.csv,Monday,2019,7,July,3,15,29,0,10060000
2019-07-16,Tuesday,4336000,6040000,Journeys_2019.csv,Tuesday,2019,7,July,3,16,29,0,10376000
2019-07-17,Wednesday,4388000,6021000,Journeys_2019.csv,Wednesday,2019,7,July,3,17,29,0,10409000
2019-07-18,Thursday,4407000,5944000,Journeys_2019.csv,Thursday,2019,7,July,3,18,29,0,10351000
2019-07-19,Friday,4228000,5955000,Journeys_2019.csv,Friday,2019,7,July,3,19,29,0,10183000
2019-07-20,Saturday,3005000,4647000,Journeys_2019.csv,Saturday,2019,7,July,3,20,29,1,7652000
2019-07-21,Sunday,2229000,3562000,Journeys_2019.csv,Sunday,2019,7,July,3,21,29,1,5791000
2019-07-22,Monday,3996000,5472000,Journeys_2019.csv,Monday,2019,7,July,3,22,30,0,9468000
2019-07-23,Tuesday,4154000,5516000,Journeys_2019.csv,Tuesday,2019,7,July,3,23,30,0,9670000
2019-07-24,Wednesday,4177000,5334000,Journeys_2019.csv,Wednesday,2019,7,July,3,24,30,0,9511000
2019-07-25,Thursday,3941000,5108000,Journeys_2019.csv,Thursday,2019,7,July,3,25,30,0,9049000
2019-07-26,Friday,4121000,5352000,Journeys_2019.csv,Friday,2019,7,July,3,26,30,0,9473000
2019-07-27,Saturday,2894000,4349000,Journeys_2019.csv,Saturday,2019,7,July,3,27,30,1,7243000
2019-07-28,Sunday,2205000,3397000,Journeys_2019.csv,Sunday,2019,7,July,3,28,30,1,5602000
2019-07-29,Monday,3927000,5278000,Journeys_2019.csv,Monday,2019,7,July,3,29,31,0,9205000
2019-07-30,Tuesday,4091000,5146000,Journeys_2019.csv,Tuesday,2019,7,July,3,30,31,0,9237000
2019-07-31,Wednesday,4145000,5375000,Journeys_2019.csv,Wednesday,2019,7,July,3,31,31,0,9520000
2019-08-01,Thursday,4170000,5361000,Journeys_2019.csv,Thursday,2019,8,August,3,1,31,0,9531000
2019-08-02,Friday,4030000,5388000,Journeys_2019.csv,Friday,2019,8,August,3,2,31,0,9418000
2019-08-03,Saturday,3089000,4438000,Journeys_2019.csv,Saturday,2019,8,August,3,3,31,1,7527000
2019-08-04,Sunday,2371000,3217000,Journeys_2019.csv,Sunday,2019,8,August,3,4,31,1,5588000
2019-08-05,Monday,3829000,5098000,Journeys_2019.csv,Monday,2019,8,August,3,5,32,0,8927000
2019-08-06,Tuesday,4071000,5246000,Journeys_2019.csv,Tuesday,2019,8,August,3,6,32,0,9317000
2019-08-07,Wednesday,4140000,5257000,Journeys_2019.csv,Wednesday,2019,8,August,3,7,32,0,9397000
2019-08-08,Thursday,4177000,5317000,Journeys_2019.csv,Thursday,2019,8,August,3,8,32,0,9494000
2019-08-09,Friday,4040000,5275000,Journeys_2019.csv,Friday,2019,8,August,3,9,32,0,9315000
2019-08-10,Saturday,2889000,4379000,Journeys_2019.csv,Saturday,2019,8,August,3,10,32,1,7268000
2019-08-11,Sunday,2087000,3465000,Journeys_2019.csv,Sunday,2019,8,August,3,11,32,1,5552000
2019-08-12,Monday,3760000,4918000,Journeys_2019.csv,Monday,2019,8,August,3,12,33,0,8678000
2019-08-13,Tuesday,4050000,5282000,Journeys_2019.csv,Tuesday,2019,8,August,3,13,33,0,9332000
2019-08-14,Wednesday,4040000,4895000,Journeys_2019.csv,Wednesday,2019,8,August,3,14,33,0,8935000
2019-08-15,Thursday,4195000,5449000,Journeys_2019.csv,Thursday,2019,8,August,3,15,33,0,9644000
2019-08-16,Friday,3992000,5127000,Journeys_2019.csv,Friday,2019,8,August,3,16,33,0,9119000
2019-08-17,Saturday,3054000,4400000,Journeys_2019.csv,Saturday,2019,8,August,3,17,33,1,7454000
2019-08-18,Sunday,2130000,3214000,Journeys_2019.csv,Sunday,2019,8,August,3,18,33,1,5344000
2019-08-19,Monday,3768000,5071000,Journeys_2019.csv,Monday,2019,8,August,3,19,34,0,8839000
2019-08-20,Tuesday,4004000,5218000,Journeys_2019.csv,Tuesday,2019,8,August,3,20,34,0,9222000
2019-08-21,Wednesday,4031000,5221000,Journeys_2019.csv,Wednesday,2019,8,August,3,21,34,0,9252000
2019-08-22,Thursday,4020000,5396000,Journeys_2019.csv,Thursday,2019,8,August,3,22,34,0,9416000
2019-08-23,Friday,3869000,5339000,Journeys_2019.csv,Friday,2019,8,August,3,23,34,0,9208000
2019-08-24,Saturday,2763000,4334000,Journeys_2019.csv,Saturday,2019,8,August,3,24,34,1,7097000
2019-08-25,Sunday,2268000,3435000,Journeys_2019.csv,Sunday,2019,8,August,3,25,34,1,5703000
2019-08-26,Monday,2193000,3398000,Journeys_2019.csv,Monday,2019,8,August,3,26,35,0,5591000
2019-08-27,Tuesday,3648000,5077000,Journeys_2019.csv,Tuesday,2019,8,August,3,27,35,0,8725000
2019-08-28,Wednesday,3928000,5247000,Journeys_2019.csv,Wednesday,2019,8,August,3,28,35,0,9175000
2019-08-29,Thursday,3999000,5322000,Journeys_2019.csv,Thursday,2019,8,August,3,29,35,0,9321000
2019-08-30,Friday,3939000,5474000,Journeys_2019.csv,Friday,2019,8,August,3,30,35,0,9413000
2019-08-31,Saturday,2819000,4489000,Journeys_2019.csv,Saturday,2019,8,August,3,31,35,1,7308000
2019-09-01,Sunday,1995000,3396000,Journeys_2019.csv,Sunday,2019,9,September,3,1,35,1,5391000
2019-09-02,Monday,3701000,5420000,Journeys_2019.csv,Monday,2019,9,September,3,2,36,0,9121000
2019-09-03,Tuesday,3941000,5616000,Journeys_2019.csv,Tuesday,2019,9,September,3,3,36,0,9557000
2019-09-04,Wednesday,3909000,6036000,Journeys_2019.csv,Wednesday,2019,9,September,3,4,36,0,9945000
2019-09-05,Thursday,4147000,6053000,Journeys_2019.csv,Thursday,2019,9,September,3,5,36,0,10200000
2019-09-06,Friday,4080000,6109000,Journeys_2019.csv,Friday,2019,9,September,3,6,36,0,10189000
2019-09-07,Saturday,2938000,4624000,Journeys_2019.csv,Saturday,2019,9,September,3,7,36,1,7562000
2019-09-08,Sunday,2029000,3450000,Journeys_2019.csv,Sunday,2019,9,September,3,8,36,1,5479000
2019-09-09,Monday,3898000,5966000,Journeys_2019.csv,Monday,2019,9,September,3,9,37,0,9864000
2019-09-10,Tuesday,4190000,6179000,Journeys_2019.csv,Tuesday,2019,9,September,3,10,37,0,10369000
2019-09-11,Wednesday,4254000,6180000,Journeys_2019.csv,Wednesday,2019,9,September,3,11,37,0,10434000
2019-09-12,Thursday,4347000,6255000,Journeys_2019.csv,Thursday,2019,9,September,3,12,37,0,10602000
2019-09-13,Friday,4307000,6376000,Journeys_2019.csv,Friday,2019,9,September,3,13,37,0,10683000
2019-09-14,Saturday,3174000,4803000,Journeys_2019.csv,Saturday,2019,9,September,3,14,37,1,7977000
2019-09-15,Sunday,2231000,3524000,Journeys_2019.csv,Sunday,2019,9,September,3,15,37,1,5755000
2019-09-16,Monday,4076000,6113000,Journeys_2019.csv,Monday,2019,9,September,3,16,38,0,10189000
2019-09-17,Tuesday,4380000,6315000,Journeys_2019.csv,Tuesday,2019,9,September,3,17,38,0,10695000
2019-09-18,Wednesday,4402000,6303000,Journeys_2019.csv,Wednesday,2019,9,September,3,18,38,0,10705000
2019-09-19,Thursday,4466000,6307000,Journeys_2019.csv,Thursday,2019,9,September,3,19,38,0,10773000
2019-09-20,Friday,4455000,6387000,Journeys_2019.csv,Friday,2019,9,September,3,20,38,0,10842000
2019-09-21,Saturday,3126000,4856000,Journeys_2019.csv,Saturday,2019,9,September,3,21,38,1,7982000
2019-09-22,Sunday,2202000,3323000,Journeys_2019.csv,Sunday,2019,9,September,3,22,38,1,5525000
2019-09-23,Monday,4126000,6171000,Journeys_2019.csv,Monday,2019,9,September,3,23,39,0,10297000
2019-09-24,Tuesday,4360000,6145000,Journeys_2019.csv,Tuesday,2019,9,September,3,24,39,0,10505000
2019-09-25,Wednesday,4458000,6303000,Journeys_2019.csv,Wednesday,2019,9,September,3,25,39,0,10761000
2019-09-26,Thursday,4551000,6331000,Journeys_2019.csv,Thursday,2019,9,September,3,26,39,0,10882000
2019-09-27,Friday,4518000,6404000,Journeys_2019.csv,Friday,2019,9,September,3,27,39,0,10922000
2019-09-28,Saturday,3255000,4817000,Journeys_2019.csv,Saturday,2019,9,September,3,28,39,1,8072000
2019-09-29,Sunday,2121000,3303000,Journeys_2019.csv,Sunday,2019,9,September,3,29,39,1,5424000
2019-09-30,Monday,4124000,6250000,Journeys_2019.csv,Monday,2019,9,September,3,30,40,0,10374000
2019-10-01,Tuesday,4394000,6189000,Journeys_2019.csv,Tuesday,2019,10,October,4,1,40,0,10583000
2019-10-02,Wednesday,4564000,6381000,Journeys_2019.csv,Wednesday,2019,10,October,4,2,40,0,10945000
2019-10-03,Thursday,4703000,6341000,Journeys_2019.csv,Thursday,2019,10,October,4,3,40,0,11044000
2019-10-04,Friday,4633000,6378000,Journeys_2019.csv,Friday,2019,10,October,4,4,40,0,11011000
2019-10-05,Saturday,3336000,4889000,Journeys_2019.csv,Saturday,2019,10,October,4,5,40,1,8225000
2019-10-06,Sunday,2287000,3449000,Journeys_2019.csv,Sunday,2019,10,October,4,6,40,1,5736000
2019-10-07,Monday,4367000,6098000,Journeys_2019.csv,Monday,2019,10,October,4,7,41,0,10465000
2019-10-08,Tuesday,4535000,6178000,Journeys_2019.csv,Tuesday,2019,10,October,4,8,41,0,10713000
2019-10-09,Wednesday,4574000,6200000,Journeys_2019.csv,Wednesday,2019,10,October,4,9,41,0,10774000
2019-10-10,Thursday,4723000,6252000,Journeys_2019.csv,Thursday,2019,10,October,4,10,41,0,10975000
2019-10-11,Friday,4670000,6174000,Journeys_2019.csv,Friday,2019,10,October,4,11,41,0,10844000
2019-10-12,Saturday,3196000,4655000,Journeys_2019.csv,Saturday,2019,10,October,4,12,41,1,7851000
2019-10-13,Sunday,2255000,3363000,Journeys_2019.csv,Sunday,2019,10,October,4,13,41,1,5618000
2019-10-14,Monday,4337000,5987000,Journeys_2019.csv,Monday,2019,10,October,4,14,42,0,10324000
2019-10-15,Tuesday,4526000,6275000,Journeys_2019.csv,Tuesday,2019,10,October,4,15,42,0,10801000
2019-10-16,Wednesday,4594000,6225000,Journeys_2019.csv,Wednesday,2019,10,October,4,16,42,0,10819000
2019-10-17,Thursday,4617000,6192000,Journeys_2019.csv,Thursday,2019,10,October,4,17,42,0,10809000
2019-10-18,Friday,4533000,6242000,Journeys_2019.csv,Friday,2019,10,October,4,18,42,0,10775000
2019-10-19,Saturday,3400000,4680000,Journeys_2019.csv,Saturday,2019,10,October,4,19,42,1,8080000
2019-10-20,Sunday,2232000,3384000,Journeys_2019.csv,Sunday,2019,10,October,4,20,42,1,5616000
2019-10-21,Monday,4157000,5211000,Journeys_2019.csv,Monday,2019,10,October,4,21,43,0,9368000
2019-10-22,Tuesday,4393000,5481000,Journeys_2019.csv,Tuesday,2019,10,October,4,22,43,0,9874000
2019-10-23,Wednesday,4420000,5392000,Journeys_2019.csv,Wednesday,2019,10,October,4,23,43,0,9812000
2019-10-24,Thursday,4485000,5193000,Journeys_2019.csv,Thursday,2019,10,October,4,24,43,0,9678000
2019-10-25,Friday,4492000,5563000,Journeys_2019.csv,Friday,2019,10,October,4,25,43,0,10055000
2019-10-26,Saturday,3192000,4488000,Journeys_2019.csv,Saturday,2019,10,October,4,26,43,1,7680000
2019-10-27,Sunday,2459000,3514000,Journeys_2019.csv,Sunday,2019,10,October,4,27,43,1,5973000
2019-10-28,Monday,4305000,5860000,Journeys_2019.csv,Monday,2019,10,October,4,28,44,0,10165000
2019-10-29,Tuesday,4534000,6064000,Journeys_2019.csv,Tuesday,2019,10,October,4,29,44,0,10598000
2019-10-30,Wednesday,4651000,6132000,Journeys_2019.csv,Wednesday,2019,10,October,4,30,44,0,10783000
2019-10-31,Thursday,4637000,6258000,Journeys_2019.csv,Thursday,2019,10,October,4,31,44,0,10895000
2019-11-01,Friday,4647000,6159000,Journeys_2019.csv,Friday,2019,11,November,4,1,44,0,10806000
2019-11-02,Saturday,3122000,4523000,Journeys_2019.csv,Saturday,2019,11,November,4,2,44,1,7645000
2019-11-03,Sunday,2242000,3432000,Journeys_2019.csv,Sunday,2019,11,November,4,3,44,1,5674000
2019-11-04,Monday,4180000,6060000,Journeys_2019.csv,Monday,2019,11,November,4,4,45,0,10240000
2019-11-05,Tuesday,4410000,6205000,Journeys_2019.csv,Tuesday,2019,11,November,4,5,45,0,10615000
2019-11-06,Wednesday,4482000,6207000,Journeys_2019.csv,Wednesday,2019,11,November,4,6,45,0,10689000
2019-11-07,Thursday,4583000,6214000,Journeys_2019.csv,Thursday,2019,11,November,4,7,45,0,10797000
2019-11-08,Friday,4538000,6262000,Journeys_2019.csv,Friday,2019,11,November,4,8,45,0,10800000
2019-11-09,Saturday,3377000,4507000,Journeys_2019.csv,Saturday,2019,11,November,4,9,45,1,7884000
2019-11-10,Sunday,2313000,3388000,Journeys_2019.csv,Sunday,2019,11,November,4,10,45,1,5701000
2019-11-11,Monday,4247000,6043000,Journeys_2019.csv,Monday,2019,11,November,4,11,46,0,10290000
2019-11-12,Tuesday,4487000,6128000,Journeys_2019.csv,Tuesday,2019,11,November,4,12,46,0,10615000
2019-11-13,Wednesday,4543000,6258000,Journeys_2019.csv,Wednesday,2019,11,November,4,13,46,0,10801000
2019-11-14,Thursday,4756000,6242000,Journeys_2019.csv,Thursday,2019,11,November,4,14,46,0,10998000
2019-11-15,Friday,4632000,6227000,Journeys_2019.csv,Friday,2019,11,November,4,15,46,0,10859000
2019-11-16,Saturday,3181000,4748000,Journeys_2019.csv,Saturday,2019,11,November,4,16,46,1,7929000
2019-11-17,Sunday,2164000,3431000,Journeys_2019.csv,Sunday,2019,11,November,4,17,46,1,5595000
2019-11-18,Monday,4198000,6031000,Journeys_2019.csv,Monday,2019,11,November,4,18,47,0,10229000
2019-11-19,Tuesday,4453000,6125000,Journeys_2019.csv,Tuesday,2019,11,November,4,19,47,0,10578000
2019-11-20,Wednesday,4556000,6196000,Journeys_2019.csv,Wednesday,2019,11,November,4,20,47,0,10752000
2019-11-21,Thursday,4691000,6144000,Journeys_2019.csv,Thursday,2019,11,November,4,21,47,0,10835000
2019-11-22,Friday,4719000,6250000,Journeys_2019.csv,Friday,2019,11,November,4,22,47,0,10969000
2019-11-23,Saturday,3560000,4653000,Journeys_2019.csv,Saturday,2019,11,November,4,23,47,1,8213000
2019-11-24,Sunday,2378000,3363000,Journeys_2019.csv,Sunday,2019,11,November,4,24,47,1,5741000
2019-11-25,Monday,4301000,6024000,Journeys_2019.csv,Monday,2019,11,November,4,25,48,0,10325000
2019-11-26,Tuesday,4584000,6167000,Journeys_2019.csv,Tuesday,2019,11,November,4,26,48,0,10751000
2019-11-27,Wednesday,4680000,6186000,Journeys_2019.csv,Wednesday,2019,11,November,4,27,48,0,10866000
2019-11-28,Thursday,4855000,6241000,Journeys_2019.csv,Thursday,2019,11,November,4,28,48,0,11096000
2019-11-29,Friday,4952000,6453000,Journeys_2019.csv,Friday,2019,11,November,4,29,48,0,11405000
2019-11-30,Saturday,3626000,4820000,Journeys_2019.csv,Saturday,2019,11,November,4,30,48,1,8446000
2019-12-01,Sunday,2439000,3452000,Journeys_2019.csv,Sunday,2019,12,December,4,1,48,1,5891000
2019-12-02,Monday,4357000,6100000,Journeys_2019.csv,Monday,2019,12,December,4,2,49,0,10457000
2019-12-03,Tuesday,4631000,6162000,Journeys_2019.csv,Tuesday,2019,12,December,4,3,49,0,10793000
2019-12-04,Wednesday,4745000,6193000,Journeys_2019.csv,Wednesday,2019,12,December,4,4,49,0,10938000
2019-12-05,Thursday,4906000,6237000,Journeys_2019.csv,Thursday,2019,12,December,4,5,49,0,11143000
2019-12-06,Friday,4865000,6251000,Journeys_2019.csv,Friday,2019,12,December,4,6,49,0,11116000
2019-12-07,Saturday,3679000,4818000,Journeys_2019.csv,Saturday,2019,12,December,4,7,49,1,8497000
2019-12-08,Sunday,2483000,3421000,Journeys_2019.csv,Sunday,2019,12,December,4,8,49,1,5904000
2019-12-09,Monday,4448000,6099000,Journeys_2019.csv,Monday,2019,12,December,4,9,50,0,10547000
2019-12-10,Tuesday,4644000,6074000,Journeys_2019.csv,Tuesday,2019,12,December,4,10,50,0,10718000
2019-12-11,Wednesday,4700000,6230000,Journeys_2019.csv,Wednesday,2019,12,December,4,11,50,0,10930000
2019-12-12,Thursday,4697000,6110000,Journeys_2019.csv,Thursday,2019,12,December,4,12,50,0,10807000
2019-12-13,Friday,4748000,6290000,Journeys_2019.csv,Friday,2019,12,December,4,13,50,0,11038000
2019-12-14,Saturday,3565000,4686000,Journeys_2019.csv,Saturday,2019,12,December,4,14,50,1,8251000
2019-12-15,Sunday,2497000,3425000,Journeys_2019.csv,Sunday,2019,12,December,4,15,50,1,5922000
2019-12-16,Monday,4274000,5968000,Journeys_2019.csv,Monday,2019,12,December,4,16,51,0,10242000
2019-12-17,Tuesday,4447000,6017000,Journeys_2019.csv,Tuesday,2019,12,December,4,17,51,0,10464000
2019-12-18,Wednesday,4506000,6153000,Journeys_2019.csv,Wednesday,2019,12,December,4,18,51,0,10659000
2019-12-19,Thursday,4386000,5942000,Journeys_2019.csv,Thursday,2019,12,December,4,19,51,0,10328000
2019-12-20,Friday,4262000,5788000,Journeys_2019.csv,Friday,2019,12,December,4,20,51,0,10050000
2019-12-21,Saturday,2979000,4448000,Journeys_2019.csv,Saturday,2019,12,December,4,21,51,1,7427000
2019-12-22,Sunday,2249000,3400000,Journeys_2019.csv,Sunday,2019,12,December,4,22,51,1,5649000
2019-12-23,Monday,3274000,5062000,Journeys_2019.csv,Monday,2019,12,December,4,23,52,0,8336000
2019-12-24,Tuesday,2202000,4221000,Journeys_2019.csv,Tuesday,2019,12,December,4,24,52,0,6423000
2019-12-25,Wednesday,0,1000,Journeys_2019.csv,Wednesday,2019,12,December,4,25,52,0,1000
2019-12-26,Thursday,1395000,2605000,Journeys_2019.csv,Thursday,2019,12,December,4,26,52,0,4000000
2019-12-27,Friday,2646000,3963000,Journeys_2019.csv,Friday,2019,12,December,4,27,52,0,6609000
2019-12-28,Saturday,2667000,3733000,Journeys_2019.csv,Saturday,2019,12,December,4,28,52,1,6400000
2019-12-29,Sunday,2180000,3157000,Journeys_2019.csv,Sunday,2019,12,December,4,29,52,1,5337000
2019-12-30,Monday,3109000,4459000,Journeys_2019.csv,Monday,2019,12,December,4,30,1,0,7568000
2019-12-31,Tuesday,2973000,4212000,Journeys_2019.csv,Tuesday,2019,12,December,4,31,1,0,7185000
2020-01-01,Wednesday,1831000,2191000,Journeys_2020.csv,Wednesday,2020,1,January,1,1,1,0,4022000
2020-01-02,Thursday,3245000,4356000,Journeys_2020.csv,Thursday,2020,1,January,1,2,1,0,7601000
2020-01-03,Friday,3395000,4680000,Journeys_2020.csv,Friday,2020,1,January,1,3,1,0,8075000
2020-01-04,Saturday,2489000,4104000,Journeys_2020.csv,Saturday,2020,1,January,1,4,1,1,6593000
2020-01-05,Sunday,1702000,2973000,Journeys_2020.csv,Sunday,2020,1,January,1,5,1,1,4675000
2020-01-06,Monday,3663000,5365000,Journeys_2020.csv,Monday,2020,1,January,1,6,2,0,9028000
2020-01-07,Tuesday,3837000,5708000,Journeys_2020.csv,Tuesday,2020,1,January,1,7,2,0,9545000
2020-01-08,Wednesday,3953000,5801000,Journeys_2020.csv,Wednesday,2020,1,January,1,8,2,0,9754000
2020-01-09,Thursday,4087000,5823000,Journeys_2020.csv,Thursday,2020,1,January,1,9,2,0,9910000
2020-01-10,Friday,4115000,6042000,Journeys_2020.csv,Friday,2020,1,January,1,10,2,0,10157000
2020-01-11,Saturday,2750000,4433000,Journeys_2020.csv,Saturday,2020,1,January,1,11,2,1,7183000
2020-01-12,Sunday,1810000,3172000,Journeys_2020.csv,Sunday,2020,1,January,1,12,2,1,4982000
2020-01-13,Monday,4026000,5898000,Journeys_2020.csv,Monday,2020,1,January,1,13,3,0,9924000
2020-01-14,Tuesday,4265000,5946000,Journeys_2020.csv,Tuesday,2020,1,January,1,14,3,0,10211000
2020-01-15,Wednesday,4324000,6023000,Journeys_2020.csv,Wednesday,2020,1,January,1,15,3,0,10347000
2020-01-16,Thursday,4375000,6051000,Journeys_2020.csv,Thursday,2020,1,January,1,16,3,0,10426000
2020-01-17,Friday,4384000,6135000,Journeys_2020.csv,Friday,2020,1,January,1,17,3,0,10519000
2020-01-18,Saturday,3191000,4548000,Journeys_2020.csv,Saturday,2020,1,January,1,18,3,1,7739000
2020-01-19,Sunday,2078000,3229000,Journeys_2020.csv,Sunday,2020,1,January,1,19,3,1,5307000
2020-01-20,Monday,4121000,5936000,Journeys_2020.csv,Monday,2020,1,January,1,20,4,0,10057000
2020-01-21,Tuesday,4377000,6032000,Journeys_2020.csv,Tuesday,2020,1,January,1,21,4,0,10409000
2020-01-22,Wednesday,4436000,5987000,Journeys_2020.csv,Wednesday,2020,1,January,1,22,4,0,10423000
2020-01-23,Thursday,4492000,6023000,Journeys_2020.csv,Thursday,2020,1,January,1,23,4,0,10515000
2020-01-24,Friday,4463000,6119000,Journeys_2020.csv,Friday,2020,1,January,1,24,4,0,10582000
2020-01-25,Saturday,3235000,4579000,Journeys_2020.csv,Saturday,2020,1,January,1,25,4,1,7814000
2020-01-26,Sunday,2073000,3223000,Journeys_2020.csv,Sunday,2020,1,January,1,26,4,1,5296000
2020-01-27,Monday,4086000,5874000,Journeys_2020.csv,Monday,2020,1,January,1,27,5,0,9960000
2020-01-28,Tuesday,4344000,6111000,Journeys_2020.csv,Tuesday,2020,1,January,1,28,5,0,10455000
2020-01-29,Wednesday,4420000,6129000,Journeys_2020.csv,Wednesday,2020,1,January,1,29,5,0,10549000
2020-01-30,Thursday,4408000,7271000,Journeys_2020.csv,Thursday,2020,1,January,1,30,5,0,11679000
2020-01-31,Friday,4469000,6257000,Journeys_2020.csv,Friday,2020,1,January,1,31,5,0,10726000
2020-02-01,Saturday,3062000,4668000,Journeys_2020.csv,Saturday,2020,2,February,1,1,5,1,7730000
2020-02-02,Sunday,1980000,3263000,Journeys_2020.csv,Sunday,2020,2,February,1,2,5,1,5243000
2020-02-03,Monday,4052000,5934000,Journeys_2020.csv,Monday,2020,2,February,1,3,6,0,9986000
2020-02-04,Tuesday,4303000,6070000,Journeys_2020.csv,Tuesday,2020,2,February,1,4,6,0,10373000
2020-02-05,Wednesday,4391000,6106000,Journeys_2020.csv,Wednesday,2020,2,February,1,5,6,0,10497000
2020-02-06,Thursday,4440000,6147000,Journeys_2020.csv,Thursday,2020,2,February,1,6,6,0,10587000
2020-02-07,Friday,4410000,6225000,Journeys_2020.csv,Friday,2020,2,February,1,7,6,0,10635000
2020-02-08,Saturday,3033000,4764000,Journeys_2020.csv,Saturday,2020,2,February,1,8,6,1,7797000
2020-02-09,Sunday,1547000,2664000,Journeys_2020.csv,Sunday,2020,2,February,1,9,6,1,4211000
2020-02-10,Monday,4062000,5932000,Journeys_2020.csv,Monday,2020,2,February,1,10,7,0,9994000
2020-02-11,Tuesday,4324000,6092000,Journeys_2020.csv,Tuesday,2020,2,February,1,11,7,0,10416000
2020-02-12,Wednesday,4383000,6088000,Journeys_2020.csv,Wednesday,2020,2,February,1,12,7,0,10471000
2020-02-13,Thursday,4400000,6044000,Journeys_2020.csv,Thursday,2020,2,February,1,13,7,0,10444000
2020-02-14,Friday,4361000,6190000,Journeys_2020.csv,Friday,2020,2,February,1,14,7,0,10551000
2020-02-15,Saturday,2640000,4185000,Journeys_2020.csv,Saturday,2020,2,February,1,15,7,1,6825000
2020-02-16,Sunday,1791000,2929000,Journeys_2020.csv,Sunday,2020,2,February,1,16,7,1,4720000
2020-02-17,Monday,4121000,5275000,Journeys_2020.csv,Monday,2020,2,February,1,17,8,0,9396000
2020-02-18,Tuesday,4287000,5307000,Journeys_2020.csv,Tuesday,2020,2,February,1,18,8,0,9594000
2020-02-19,Wednesday,4357000,5255000,Journeys_2020.csv,Wednesday,2020,2,February,1,19,8,0,9612000
2020-02-20,Thursday,4382000,5166000,Journeys_2020.csv,Thursday,2020,2,February,1,20,8,0,9548000
2020-02-21,Friday,4308000,5430000,Journeys_2020.csv,Friday,2020,2,February,1,21,8,0,9738000
2020-02-22,Saturday,2827000,4563000,Journeys_2020.csv,Saturday,2020,2,February,1,22,8,1,7390000
2020-02-23,Sunday,1860000,3248000,Journeys_2020.csv,Sunday,2020,2,February,1,23,8,1,5108000
2020-02-24,Monday,3956000,5761000,Journeys_2020.csv,Monday,2020,2,February,1,24,9,0,9717000
2020-02-25,Tuesday,4286000,6089000,Journeys_2020.csv,Tuesday,2020,2,February,1,25,9,0,10375000
2020-02-26,Wednesday,4348000,6096000,Journeys_2020.csv,Wednesday,2020,2,February,1,26,9,0,10444000
2020-02-27,Thursday,4441000,5975000,Journeys_2020.csv,Thursday,2020,2,February,1,27,9,0,10416000
2020-02-28,Friday,4338000,6019000,Journeys_2020.csv,Friday,2020,2,February,1,28,9,0,10357000
2020-02-29,Saturday,3001000,4423000,Journeys_2020.csv,Saturday,2020,2,February,1,29,9,1,7424000
2020-03-01,Sunday,2101000,3302000,Journeys_2020.csv,Sunday,2020,3,March,1,1,9,1,5403000
2020-03-02,Monday,3899000,5952000,Journeys_2020.csv,Monday,2020,3,March,1,2,10,0,9851000
2020-03-03,Tuesday,4128000,6054000,Journeys_2020.csv,Tuesday,2020,3,March,1,3,10,0,10182000
2020-03-04,Wednesday,4168000,6028000,Journeys_2020.csv,Wednesday,2020,3,March,1,4,10,0,10196000
2020-03-05,Thursday,4180000,5826000,Journeys_2020.csv,Thursday,2020,3,March,1,5,10,0,10006000
2020-03-06,Friday,4150000,6173000,Journeys_2020.csv,Friday,2020,3,March,1,6,10,0,10323000
2020-03-07,Saturday,2948000,4450000,Journeys_2020.csv,Saturday,2020,3,March,1,7,10,1,7398000
2020-03-08,Sunday,1907000,3116000,Journeys_2020.csv,Sunday,2020,3,March,1,8,10,1,5023000
2020-03-09,Monday,3733000,5853000,Journeys_2020.csv,Monday,2020,3,March,1,9,11,0,9586000
2020-03-10,Tuesday,3764000,5859000,Journeys_2020.csv,Tuesday,2020,3,March,1,10,11,0,9623000
2020-03-11,Wednesday,3732000,5808000,Journeys_2020.csv,Wednesday,2020,3,March,1,11,11,0,9540000
2020-03-12,Thursday,3578000,5697000,Journeys_2020.csv,Thursday,2020,3,March,1,12,11,0,9275000
2020-03-13,Friday,3177000,5533000,Journeys_2020.csv,Friday,2020,3,March,1,13,11,0,8710000
2020-03-14,Saturday,1906000,3879000,Journeys_2020.csv,Saturday,2020,3,March,1,14,11,1,5785000
2020-03-15,Sunday,1159000,2553000,Journeys_2020.csv,Sunday,2020,3,March,1,15,11,1,3712000
2020-03-16,Monday,2411000,4820000,Journeys_2020.csv,Monday,2020,3,March,1,16,12,0,7231000
2020-03-17,Tuesday,1831000,4336000,Journeys_2020.csv,Tuesday,2020,3,March,1,17,12,0,6167000
2020-03-18,Wednesday,1484000,3917000,Journeys_2020.csv,Wednesday,2020,3,March,1,18,12,0,5401000
2020-03-19,Thursday,1252000,3631000,Journeys_2020.csv,Thursday,2020,3,March,1,19,12,0,4883000
2020-03-20,Friday,1035000,3292000,Journeys_2020.csv,Friday,2020,3,March,1,20,12,0,4327000
2020-03-21,Saturday,431000,1905000,Journeys_2020.csv,Saturday,2020,3,March,1,21,12,1,2336000
2020-03-22,Sunday,242000,1132000,Journeys_2020.csv,Sunday,2020,3,March,1,22,12,1,1374000
2020-03-23,Monday,596000,1911000,Journeys_2020.csv,Monday,2020,3,March,1,23,13,0,2507000
2020-03-24,Tuesday,385000,1362000,Journeys_2020.csv,Tuesday,2020,3,March,1,24,13,0,1747000
2020-03-25,Wednesday,286000,1180000,Journeys_2020.csv,Wednesday,2020,3,March,1,25,13,0,1466000
2020-03-26,Thursday,256000,1121000,Journeys_2020.csv,Thursday,2020,3,March,1,26,13,0,1377000
2020-03-27,Friday,246000,1148000,Journeys_2020.csv,Friday,2020,3,March,1,27,13,0,1394000
2020-03-28,Saturday,124000,828000,Journeys_2020.csv,Saturday,2020,3,March,1,28,13,1,952000
2020-03-29,Sunday,84000,536000,Journeys_2020.csv,Sunday,2020,3,March,1,29,13,1,620000
2020-03-30,Monday,211000,1022000,Journeys_2020.csv,Monday,2020,3,March,1,30,14,0,1233000
2020-03-31,Tuesday,208000,1029000,Journeys_2020.csv,Tuesday,2020,3,March,1,31,14,0,1237000
2020-04-01,Wednesday,205000,995000,Journeys_2020.csv,Wednesday,2020,4,April,2,1,14,0,1200000
2020-04-02,Thursday,200000,981000,Journeys_2020.csv,Thursday,2020,4,April,2,2,14,0,1181000
2020-04-03,Friday,204000,1042000,Journeys_2020.csv,Friday,2020,4,April,2,3,14,0,1246000
2020-04-04,Saturday,111000,788000,Journeys_2020.csv,Saturday,2020,4,April,2,4,14,1,899000
2020-04-05,Sunday,81000,552000,Journeys_2020.csv,Sunday,2020,4,April,2,5,14,1,633000
2020-04-06,Monday,197000,986000,Journeys_2020.csv,Monday,2020,4,April,2,6,15,0,1183000
2020-04-07,Tuesday,193000,971000,Journeys_2020.csv,Tuesday,2020,4,April,2,7,15,0,1164000
2020-04-08,Wednesday,190000,965000,Journeys_2020.csv,Wednesday,2020,4,April,2,8,15,0,1155000
2020-04-09,Thursday,192000,996000,Journeys_2020.csv,Thursday,2020,4,April,2,9,15,0,1188000
2020-04-10,Friday,111000,730000,Journeys_2020.csv,Friday,2020,4,April,2,10,15,0,841000
2020-04-11,Saturday,98000,734000,Journeys_2020.csv,Saturday,2020,4,April,2,11,15,1,832000
2020-04-12,Sunday,65000,440000,Journeys_2020.csv,Sunday,2020,4,April,2,12,15,1,505000
2020-04-13,Monday,93000,618000,Journeys_2020.csv,Monday,2020,4,April,2,13,16,0,711000
2020-04-14,Tuesday,195000,982000,Journeys_2020.csv,Tuesday,2020,4,April,2,14,16,0,1177000
2020-04-15,Wednesday,196000,961000,Journeys_2020.csv,Wednesday,2020,4,April,2,15,16,0,1157000
2020-04-16,Thursday,195000,960000,Journeys_2020.csv,Thursday,2020,4,April,2,16,16,0,1155000
2020-04-17,Friday,198000,991000,Journeys_2020.csv,Friday,2020,4,April,2,17,16,0,1189000
2020-04-18,Saturday,110000,738000,Journeys_2020.csv,Saturday,2020,4,April,2,18,16,1,848000
2020-04-19,Sunday,80000,387000,Journeys_2020.csv,Sunday,2020,4,April,2,19,16,1,467000
2020-04-20,Monday,195000,34000,Journeys_2020.csv,Monday,2020,4,April,2,20,17,0,229000
2020-04-21,Tuesday,197000,21000,Journeys_2020.csv,Tuesday,2020,4,April,2,21,17,0,218000
2020-04-22,Wednesday,197000,16000,Journeys_2020.csv,Wednesday,2020,4,April,2,22,17,0,213000
2020-04-23,Thursday,197000,13000,Journeys_2020.csv,Thursday,2020,4,April,2,23,17,0,210000
2020-04-24,Friday,199000,12000,Journeys_2020.csv,Friday,2020,4,April,2,24,17,0,211000
2020-04-25,Saturday,109000,8000,Journeys_2020.csv,Saturday,2020,4,April,2,25,17,1,117000
2020-04-26,Sunday,77000,5000,Journeys_2020.csv,Sunday,2020,4,April,2,26,17,1,82000
2020-04-27,Monday,202000,9000,Journeys_2020.csv,Monday,2020,4,April,2,27,18,0,211000
2020-04-28,Tuesday,201000,7000,Journeys_2020.csv,Tuesday,2020,4,April,2,28,18,0,208000
2020-04-29,Wednesday,206000,7000,Journeys_2020.csv,Wednesday,2020,4,April,2,29,18,0,213000
2020-04-30,Thursday,207000,7000,Journeys_2020.csv,Thursday,2020,4,April,2,30,18,0,214000
2020-05-01,Friday,211000,6000,Journeys_2020.csv,Friday,2020,5,May,2,1,18,0,217000
2020-05-02,Saturday,118000,5000,Journeys_2020.csv,Saturday,2020,5,May,2,2,18,1,123000
2020-05-03,Sunday,79000,3000,Journeys_2020.csv,Sunday,2020,5,May,2,3,18,1,82000
2020-05-04,Monday,217000,6000,Journeys_2020.csv,Monday,2020,5,May,2,4,19,0,223000
2020-05-05,Tuesday,220000,5000,Journeys_2020.csv,Tuesday,2020,5,May,2,5,19,0,225000
2020-05-06,Wednesday,223000,5000,Journeys_2020.csv,Wednesday,2020,5,May,2,6,19,0,228000
2020-05-07,Thursday,227000,5000,Journeys_2020.csv,Thursday,2020,5,May,2,7,19,0,232000
2020-05-08,Friday,132000,3000,Journeys_2020.csv,Friday,2020,5,May,2,8,19,0,135000
2020-05-09,Saturday,121000,4000,Journeys_2020.csv,Saturday,2020,5,May,2,9,19,1,125000
2020-05-10,Sunday,84000,2000,Journeys_2020.csv,Sunday,2020,5,May,2,10,19,1,86000
2020-05-11,Monday,233000,4000,Journeys_2020.csv,Monday,2020,5,May,2,11,20,0,237000
2020-05-12,Tuesday,238000,4000,Journeys_2020.csv,Tuesday,2020,5,May,2,12,20,0,242000
2020-05-13,Wednesday,241000,4000,Journeys_2020.csv,Wednesday,2020,5,May,2,13,20,0,245000
2020-05-14,Thursday,246000,4000,Journeys_2020.csv,Thursday,2020,5,May,2,14,20,0,250000
2020-05-15,Friday,255000,4000,Journeys_2020.csv,Friday,2020,5,May,2,15,20,0,259000
2020-05-16,Saturday,151000,3000,Journeys_2020.csv,Saturday,2020,5,May,2,16,20,1,154000
2020-05-17,Sunday,108000,2000,Journeys_2020.csv,Sunday,2020,5,May,2,17,20,1,110000
2020-05-18,Monday,288000,4000,Journeys_2020.csv,Monday,2020,5,May,2,18,21,0,292000
2020-05-19,Tuesday,295000,4000,Journeys_2020.csv,Tuesday,2020,5,May,2,19,21,0,299000
2020-05-20,Wednesday,305000,4000,Journeys_2020.csv,Wednesday,2020,5,May,2,20,21,0,309000
2020-05-21,Thursday,302000,4000,Journeys_2020.csv,Thursday,2020,5,May,2,21,21,0,306000
2020-05-22,Friday,314000,5000,Journeys_2020.csv,Friday,2020,5,May,2,22,21,0,319000
2020-05-23,Saturday,177000,37000,Journeys_2020.csv,Saturday,2020,5,May,2,23,21,1,214000
2020-05-24,Sunday,132000,29000,Journeys_2020.csv,Sunday,2020,5,May,2,24,21,1,161000
2020-05-25,Monday,179000,38000,Journeys_2020.csv,Monday,2020,5,May,2,25,22,0,217000
2020-05-26,Tuesday,332000,59000,Journeys_2020.csv,Tuesday,2020,5,May,2,26,22,0,391000
2020-05-27,Wednesday,339000,61000,Journeys_2020.csv,Wednesday,2020,5,May,2,27,22,0,400000
2020-05-28,Thursday,350000,63000,Journeys_2020.csv,Thursday,2020,5,May,2,28,22,0,413000
2020-05-29,Friday,363000,68000,Journeys_2020.csv,Friday,2020,5,May,2,29,22,0,431000
2020-05-30,Saturday,248000,372000,Journeys_2020.csv,Saturday,2020,5,May,2,30,22,1,620000
2020-05-31,Sunday,179000,272000,Journeys_2020.csv,Sunday,2020,5,May,2,31,22,1,451000
2020-06-01,Monday,396000,482000,Journeys_2020.csv,Monday,2020,6,June,2,1,23,0,878000
2020-06-02,Tuesday,412000,485000,Journeys_2020.csv,Tuesday,2020,6,June,2,2,23,0,897000
2020-06-03,Wednesday,429000,468000,Journeys_2020.csv,Wednesday,2020,6,June,2,3,23,0,897000
2020-06-04,Thursday,410000,471000,Journeys_2020.csv,Thursday,2020,6,June,2,4,23,0,881000
2020-06-05,Friday,428000,494000,Journeys_2020.csv,Friday,2020,6,June,2,5,23,0,922000
2020-06-06,Saturday,296000,828000,Journeys_2020.csv,Saturday,2020,6,June,2,6,23,1,1124000
2020-06-07,Sunday,220000,623000,Journeys_2020.csv,Sunday,2020,6,June,2,7,23,1,843000
2020-06-08,Monday,439000,1092000,Journeys_2020.csv,Monday,2020,6,June,2,8,24,0,1531000
2020-06-09,Tuesday,468000,1137000,Journeys_2020.csv,Tuesday,2020,6,June,2,9,24,0,1605000
2020-06-10,Wednesday,456000,1080000,Journeys_2020.csv,Wednesday,2020,6,June,2,10,24,0,1536000
2020-06-11,Thursday,467000,1106000,Journeys_2020.csv,Thursday,2020,6,June,2,11,24,0,1573000
2020-06-12,Friday,490000,1176000,Journeys_2020.csv,Friday,2020,6,June,2,12,24,0,1666000
2020-06-13,Saturday,365000,1234000,Journeys_2020.csv,Saturday,2020,6,June,2,13,24,1,1599000
2020-06-14,Sunday,238000,867000,Journeys_2020.csv,Sunday,2020,6,June,2,14,24,1,1105000
2020-06-15,Monday,569000,1596000,Journeys_2020.csv,Monday,2020,6,June,2,15,25,0,2165000
2020-06-16,Tuesday,563000,1591000,Journeys_2020.csv,Tuesday,2020,6,June,2,16,25,0,2154000
2020-06-17,Wednesday,561000,1555000,Journeys_2020.csv,Wednesday,2020,6,June,2,17,25,0,2116000
2020-06-18,Thursday,566000,1555000,Journeys_2020.csv,Thursday,2020,6,June,2,18,25,0,2121000
2020-06-19,Friday,609000,1719000,Journeys_2020.csv,Friday,2020,6,June,2,19,25,0,2328000
2020-06-20,Saturday,482000,1631000,Journeys_2020.csv,Saturday,2020,6,June,2,20,25,1,2113000
2020-06-21,Sunday,294000,1106000,Journeys_2020.csv,Sunday,2020,6,June,2,21,25,1,1400000
2020-06-22,Monday,619000,1919000,Journeys_2020.csv,Monday,2020,6,June,2,22,26,0,2538000
2020-06-23,Tuesday,643000,1925000,Journeys_2020.csv,Tuesday,2020,6,June,2,23,26,0,2568000
2020-06-24,Wednesday,653000,1924000,Journeys_2020.csv,Wednesday,2020,6,June,2,24,26,0,2577000
2020-06-25,Thursday,663000,1956000,Journeys_2020.csv,Thursday,2020,6,June,2,25,26,0,2619000
2020-06-26,Friday,670000,2036000,Journeys_2020.csv,Friday,2020,6,June,2,26,26,0,2706000
2020-06-27,Saturday,479000,1673000,Journeys_2020.csv,Saturday,2020,6,June,2,27,26,1,2152000
2020-06-28,Sunday,357000,1217000,Journeys_2020.csv,Sunday,2020,6,June,2,28,26,1,1574000
2020-06-29,Monday,664000,2050000,Journeys_2020.csv,Monday,2020,6,June,2,29,27,0,2714000
2020-06-30,Tuesday,674000,2046000,Journeys_2020.csv,Tuesday,2020,6,June,2,30,27,0,2720000
2020-07-01,Wednesday,709000,2097000,Journeys_2020.csv,Wednesday,2020,7,July,3,1,27,0,2806000
2020-07-02,Thursday,709000,2089000,Journeys_2020.csv,Thursday,2020,7,July,3,2,27,0,2798000
2020-07-03,Friday,771000,2242000,Journeys_2020.csv,Friday,2020,7,July,3,3,27,0,3013000
2020-07-04,Saturday,633000,1955000,Journeys_2020.csv,Saturday,2020,7,July,3,4,27,1,2588000
2020-07-05,Sunday,464000,1475000,Journeys_2020.csv,Sunday,2020,7,July,3,5,27,1,1939000
2020-07-06,Monday,778000,2275000,Journeys_2020.csv,Monday,2020,7,July,3,6,28,0,3053000
2020-07-07,Tuesday,806000,2304000,Journeys_2020.csv,Tuesday,2020,7,July,3,7,28,0,3110000
2020-07-08,Wednesday,805000,2240000,Journeys_2020.csv,Wednesday,2020,7,July,3,8,28,0,3045000
2020-07-09,Thursday,822000,2287000,Journeys_2020.csv,Thursday,2020,7,July,3,9,28,0,3109000
2020-07-10,Friday,905000,2468000,Journeys_2020.csv,Friday,2020,7,July,3,10,28,0,3373000
2020-07-11,Saturday,754000,2215000,Journeys_2020.csv,Saturday,2020,7,July,3,11,28,1,2969000
2020-07-12,Sunday,524000,1593000,Journeys_2020.csv,Sunday,2020,7,July,3,12,28,1,2117000
2020-07-13,Monday,831000,2458000,Journeys_2020.csv,Monday,2020,7,July,3,13,29,0,3289000
2020-07-14,Tuesday,858000,2464000,Journeys_2020.csv,Tuesday,2020,7,July,3,14,29,0,3322000
2020-07-15,Wednesday,885000,2467000,Journeys_2020.csv,Wednesday,2020,7,July,3,15,29,0,3352000
2020-07-16,Thursday,911000,2517000,Journeys_2020.csv,Thursday,2020,7,July,3,16,29,0,3428000
2020-07-17,Friday,997000,2680000,Journeys_2020.csv,Friday,2020,7,July,3,17,29,0,3677000
2020-07-18,Saturday,830000,2336000,Journeys_2020.csv,Saturday,2020,7,July,3,18,29,1,3166000
2020-07-19,Sunday,520000,1571000,Journeys_2020.csv,Sunday,2020,7,July,3,19,29,1,2091000
2020-07-20,Monday,894000,2490000,Journeys_2020.csv,Monday,2020,7,July,3,20,30,0,3384000
2020-07-21,Tuesday,924000,2505000,Journeys_2020.csv,Tuesday,2020,7,July,3,21,30,0,3429000
2020-07-22,Wednesday,954000,2514000,Journeys_2020.csv,Wednesday,2020,7,July,3,22,30,0,3468000
2020-07-23,Thursday,972000,2524000,Journeys_2020.csv,Thursday,2020,7,July,3,23,30,0,3496000
2020-07-24,Friday,1069000,2647000,Journeys_2020.csv,Friday,2020,7,July,3,24,30,0,3716000
2020-07-25,Saturday,819000,2266000,Journeys_2020.csv,Saturday,2020,7,July,3,25,30,1,3085000
2020-07-26,Sunday,611000,1719000,Journeys_2020.csv,Sunday,2020,7,July,3,26,30,1,2330000
2020-07-27,Monday,940000,2445000,Journeys_2020.csv,Monday,2020,7,July,3,27,31,0,3385000
2020-07-28,Tuesday,1023000,2619000,Journeys_2020.csv,Tuesday,2020,7,July,3,28,31,0,3642000
2020-07-29,Wednesday,1025000,2654000,Journeys_2020.csv,Wednesday,2020,7,July,3,29,31,0,3679000
2020-07-30,Thursday,1043000,2667000,Journeys_2020.csv,Thursday,2020,7,July,3,30,31,0,3710000
2020-07-31,Friday,1085000,2715000,Journeys_2020.csv,Friday,2020,7,July,3,31,31,0,3800000
2020-08-01,Saturday,943000,2425000,Journeys_2020.csv,Saturday,2020,8,August,3,1,31,1,3368000
2020-08-02,Sunday,660000,1789000,Journeys_2020.csv,Sunday,2020,8,August,3,2,31,1,2449000
2020-08-03,Monday,1007000,2638000,Journeys_2020.csv,Monday,2020,8,August,3,3,32,0,3645000
2020-08-04,Tuesday,1059000,2690000,Journeys_2020.csv,Tuesday,2020,8,August,3,4,32,0,3749000
2020-08-05,Wednesday,1108000,2725000,Journeys_2020.csv,Wednesday,2020,8,August,3,5,32,0,3833000
2020-08-06,Thursday,1080000,2676000,Journeys_2020.csv,Thursday,2020,8,August,3,6,32,0,3756000
2020-08-07,Friday,1099000,2693000,Journeys_2020.csv,Friday,2020,8,August,3,7,32,0,3792000
2020-08-08,Saturday,898000,2423000,Journeys_2020.csv,Saturday,2020,8,August,3,8,32,1,3321000
2020-08-09,Sunday,630000,1796000,Journeys_2020.csv,Sunday,2020,8,August,3,9,32,1,2426000
2020-08-10,Monday,1045000,2639000,Journeys_2020.csv,Monday,2020,8,August,3,10,33,0,3684000
2020-08-11,Tuesday,1089000,2642000,Journeys_2020.csv,Tuesday,2020,8,August,3,11,33,0,3731000
2020-08-12,Wednesday,1111000,2636000,Journeys_2020.csv,Wednesday,2020,8,August,3,12,33,0,3747000
2020-08-13,Thursday,1075000,2648000,Journeys_2020.csv,Thursday,2020,8,August,3,13,33,0,3723000
2020-08-14,Friday,1144000,2743000,Journeys_2020.csv,Friday,2020,8,August,3,14,33,0,3887000
2020-08-15,Saturday,964000,2432000,Journeys_2020.csv,Saturday,2020,8,August,3,15,33,1,3396000
2020-08-16,Sunday,670000,1773000,Journeys_2020.csv,Sunday,2020,8,August,3,16,33,1,2443000
2020-08-17,Monday,1107000,2742000,Journeys_2020.csv,Monday,2020,8,August,3,17,34,0,3849000
2020-08-18,Tuesday,1183000,2853000,Journeys_2020.csv,Tuesday,2020,8,August,3,18,34,0,4036000
2020-08-19,Wednesday,1189000,2690000,Journeys_2020.csv,Wednesday,2020,8,August,3,19,34,0,3879000
2020-08-20,Thursday,1215000,2995000,Journeys_2020.csv,Thursday,2020,8,August,3,20,34,0,4210000
2020-08-21,Friday,1229000,2923000,Journeys_2020.csv,Friday,2020,8,August,3,21,34,0,4152000
2020-08-22,Saturday,1074000,2657000,Journeys_2020.csv,Saturday,2020,8,August,3,22,34,1,3731000
2020-08-23,Sunday,734000,1904000,Journeys_2020.csv,Sunday,2020,8,August,3,23,34,1,2638000
2020-08-24,Monday,1200000,2917000,Journeys_2020.csv,Monday,2020,8,August,3,24,35,0,4117000
2020-08-25,Tuesday,1255000,2879000,Journeys_2020.csv,Tuesday,2020,8,August,3,25,35,0,4134000
2020-08-26,Wednesday,1381000,3104000,Journeys_2020.csv,Wednesday,2020,8,August,3,26,35,0,4485000
2020-08-27,Thursday,1248000,2869000,Journeys_2020.csv,Thursday,2020,8,August,3,27,35,0,4117000
2020-08-28,Friday,1327000,3063000,Journeys_2020.csv,Friday,2020,8,August,3,28,35,0,4390000
2020-08-29,Saturday,1146000,2705000,Journeys_2020.csv,Saturday,2020,8,August,3,29,35,1,3851000
2020-08-30,Sunday,881000,2048000,Journeys_2020.csv,Sunday,2020,8,August,3,30,35,1,2929000
2020-08-31,Monday,989000,2381000,Journeys_2020.csv,Monday,2020,8,August,3,31,36,0,3370000
2020-09-01,Tuesday,1281000,3109000,Journeys_2020.csv,Tuesday,2020,9,September,3,1,36,0,4390000
2020-09-02,Wednesday,1343000,3168000,Journeys_2020.csv,Wednesday,2020,9,September,3,2,36,0,4511000
2020-09-03,Thursday,1362000,3241000,Journeys_2020.csv,Thursday,2020,9,September,3,3,36,0,4603000
2020-09-04,Friday,1451000,3484000,Journeys_2020.csv,Friday,2020,9,September,3,4,36,0,4935000
2020-09-05,Saturday,1212000,2864000,Journeys_2020.csv,Saturday,2020,9,September,3,5,36,1,4076000
2020-09-06,Sunday,819000,2053000,Journeys_2020.csv,Sunday,2020,9,September,3,6,36,1,2872000
2020-09-07,Monday,1318000,3532000,Journeys_2020.csv,Monday,2020,9,September,3,7,37,0,4850000
2020-09-08,Tuesday,1408000,3617000,Journeys_2020.csv,Tuesday,2020,9,September,3,8,37,0,5025000
2020-09-09,Wednesday,1456000,3633000,Journeys_2020.csv,Wednesday,2020,9,September,3,9,37,0,5089000
2020-09-10,Thursday,1502000,3687000,Journeys_2020.csv,Thursday,2020,9,September,3,10,37,0,5189000
2020-09-11,Friday,1544000,3800000,Journeys_2020.csv,Friday,2020,9,September,3,11,37,0,5344000
2020-09-12,Saturday,1253000,2868000,Journeys_2020.csv,Saturday,2020,9,September,3,12,37,1,4121000
2020-09-13,Sunday,882000,2099000,Journeys_2020.csv,Sunday,2020,9,September,3,13,37,1,2981000
2020-09-14,Monday,1390000,3622000,Journeys_2020.csv,Monday,2020,9,September,3,14,38,0,5012000
2020-09-15,Tuesday,1465000,3667000,Journeys_2020.csv,Tuesday,2020,9,September,3,15,38,0,5132000
2020-09-16,Wednesday,1520000,3682000,Journeys_2020.csv,Wednesday,2020,9,September,3,16,38,0,5202000
2020-09-17,Thursday,1534000,3708000,Journeys_2020.csv,Thursday,2020,9,September,3,17,38,0,5242000
2020-09-18,Friday,1585000,3826000,Journeys_2020.csv,Friday,2020,9,September,3,18,38,0,5411000
2020-09-19,Saturday,1277000,2884000,Journeys_2020.csv,Saturday,2020,9,September,3,19,38,1,4161000
2020-09-20,Sunday,860000,2061000,Journeys_2020.csv,Sunday,2020,9,September,3,20,38,1,2921000
2020-09-21,Monday,1395000,3617000,Journeys_2020.csv,Monday,2020,9,September,3,21,39,0,5012000
2020-09-22,Tuesday,1495000,3695000,Journeys_2020.csv,Tuesday,2020,9,September,3,22,39,0,5190000
2020-09-23,Wednesday,1475000,3617000,Journeys_2020.csv,Wednesday,2020,9,September,3,23,39,0,5092000
2020-09-24,Thursday,1496000,3637000,Journeys_2020.csv,Thursday,2020,9,September,3,24,39,0,5133000
2020-09-25,Friday,1586000,3754000,Journeys_2020.csv,Friday,2020,9,September,3,25,39,0,5340000
2020-09-26,Saturday,1323000,2804000,Journeys_2020.csv,Saturday,2020,9,September,3,26,39,1,4127000
2020-09-27,Sunday,851000,1910000,Journeys_2020.csv,Sunday,2020,9,September,3,27,39,1,2761000
2020-09-28,Monday,1374000,3614000,Journeys_2020.csv,Monday,2020,9,September,3,28,40,0,4988000
2020-09-29,Tuesday,1457000,3666000,Journeys_2020.csv,Tuesday,2020,9,September,3,29,40,0,5123000
2020-09-30,Wednesday,1507000,3676000,Journeys_2020.csv,Wednesday,2020,9,September,3,30,40,0,5183000
2020-10-01,Thursday,1540000,3705000,Journeys_2020.csv,Thursday,2020,10,October,4,1,40,0,5245000
2020-10-02,Friday,1545000,3533000,Journeys_2020.csv,Friday,2020,10,October,4,2,40,0,5078000
2020-10-03,Saturday,1268000,2675000,Journeys_2020.csv,Saturday,2020,10,October,4,3,40,1,3943000
2020-10-04,Sunday,826000,1812000,Journeys_2020.csv,Sunday,2020,10,October,4,4,40,1,2638000
2020-10-05,Monday,1404000,3633000,Journeys_2020.csv,Monday,2020,10,October,4,5,41,0,5037000
2020-10-06,Tuesday,1479000,3653000,Journeys_2020.csv,Tuesday,2020,10,October,4,6,41,0,5132000
2020-10-07,Wednesday,1552000,3697000,Journeys_2020.csv,Wednesday,2020,10,October,4,7,41,0,5249000
2020-10-08,Thursday,1552000,3621000,Journeys_2020.csv,Thursday,2020,10,October,4,8,41,0,5173000
2020-10-09,Friday,1630000,3764000,Journeys_2020.csv,Friday,2020,10,October,4,9,41,0,5394000
2020-10-10,Saturday,1346000,2901000,Journeys_2020.csv,Saturday,2020,10,October,4,10,41,1,4247000
2020-10-11,Sunday,911000,2081000,Journeys_2020.csv,Sunday,2020,10,October,4,11,41,1,2992000
2020-10-12,Monday,1412000,3584000,Journeys_2020.csv,Monday,2020,10,October,4,12,42,0,4996000
2020-10-13,Tuesday,1500000,3639000,Journeys_2020.csv,Tuesday,2020,10,October,4,13,42,0,5139000
2020-10-14,Wednesday,1557000,3700000,Journeys_2020.csv,Wednesday,2020,10,October,4,14,42,0,5257000
2020-10-15,Thursday,1598000,3693000,Journeys_2020.csv,Thursday,2020,10,October,4,15,42,0,5291000
2020-10-16,Friday,1679000,3813000,Journeys_2020.csv,Friday,2020,10,October,4,16,42,0,5492000
2020-10-17,Saturday,1213000,2709000,Journeys_2020.csv,Saturday,2020,10,October,4,17,42,1,3922000
2020-10-18,Sunday,839000,1938000,Journeys_2020.csv,Sunday,2020,10,October,4,18,42,1,2777000
2020-10-19,Monday,1349000,3468000,Journeys_2020.csv,Monday,2020,10,October,4,19,43,0,4817000
2020-10-20,Tuesday,1416000,3520000,Journeys_2020.csv,Tuesday,2020,10,October,4,20,43,0,4936000
2020-10-21,Wednesday,1423000,3354000,Journeys_2020.csv,Wednesday,2020,10,October,4,21,43,0,4777000
2020-10-22,Thursday,1483000,3567000,Journeys_2020.csv,Thursday,2020,10,October,4,22,43,0,5050000
2020-10-23,Friday,1523000,3546000,Journeys_2020.csv,Friday,2020,10,October,4,23,43,0,5069000
2020-10-24,Saturday,1228000,2683000,Journeys_2020.csv,Saturday,2020,10,October,4,24,43,1,3911000
2020-10-25,Sunday,894000,2001000,Journeys_2020.csv,Sunday,2020,10,October,4,25,43,1,2895000
2020-10-26,Monday,1362000,2992000,Journeys_2020.csv,Monday,2020,10,October,4,26,44,0,4354000
2020-10-27,Tuesday,1404000,2903000,Journeys_2020.csv,Tuesday,2020,10,October,4,27,44,0,4307000
2020-10-28,Wednesday,1485000,3021000,Journeys_2020.csv,Wednesday,2020,10,October,4,28,44,0,4506000
2020-10-29,Thursday,1475000,2902000,Journeys_2020.csv,Thursday,2020,10,October,4,29,44,0,4377000
2020-10-30,Friday,1584000,3203000,Journeys_2020.csv,Friday,2020,10,October,4,30,44,0,4787000
2020-10-31,Saturday,1208000,2716000,Journeys_2020.csv,Saturday,2020,10,October,4,31,44,1,3924000
2020-11-01,Sunday,874000,2048000,Journeys_2020.csv,Sunday,2020,11,November,4,1,44,1,2922000
2020-11-02,Monday,1519000,3672000,Journeys_2020.csv,Monday,2020,11,November,4,2,45,0,5191000
2020-11-03,Tuesday,1712000,3886000,Journeys_2020.csv,Tuesday,2020,11,November,4,3,45,0,5598000
2020-11-04,Wednesday,1879000,4019000,Journeys_2020.csv,Wednesday,2020,11,November,4,4,45,0,5898000
2020-11-05,Thursday,1014000,2937000,Journeys_2020.csv,Thursday,2020,11,November,4,5,45,0,3951000
2020-11-06,Friday,979000,2966000,Journeys_2020.csv,Friday,2020,11,November,4,6,45,0,3945000
2020-11-07,Saturday,537000,1839000,Journeys_2020.csv,Saturday,2020,11,November,4,7,45,1,2376000
2020-11-08,Sunday,363000,1253000,Journeys_2020.csv,Sunday,2020,11,November,4,8,45,1,1616000
2020-11-09,Monday,979000,3003000,Journeys_2020.csv,Monday,2020,11,November,4,9,46,0,3982000
2020-11-10,Tuesday,1017000,3048000,Journeys_2020.csv,Tuesday,2020,11,November,4,10,46,0,4065000
2020-11-11,Wednesday,1021000,3012000,Journeys_2020.csv,Wednesday,2020,11,November,4,11,46,0,4033000
2020-11-12,Thursday,1033000,3056000,Journeys_2020.csv,Thursday,2020,11,November,4,12,46,0,4089000
2020-11-13,Friday,1026000,3087000,Journeys_2020.csv,Friday,2020,11,November,4,13,46,0,4113000
2020-11-14,Saturday,543000,1808000,Journeys_2020.csv,Saturday,2020,11,November,4,14,46,1,2351000
2020-11-15,Sunday,403000,1311000,Journeys_2020.csv,Sunday,2020,11,November,4,15,46,1,1714000
2020-11-16,Monday,1004000,3005000,Journeys_2020.csv,Monday,2020,11,November,4,16,47,0,4009000
2020-11-17,Tuesday,1038000,3031000,Journeys_2020.csv,Tuesday,2020,11,November,4,17,47,0,4069000
2020-11-18,Wednesday,1047000,3024000,Journeys_2020.csv,Wednesday,2020,11,November,4,18,47,0,4071000
2020-11-19,Thursday,1047000,3003000,Journeys_2020.csv,Thursday,2020,11,November,4,19,47,0,4050000
2020-11-20,Friday,1042000,3048000,Journeys_2020.csv,Friday,2020,11,November,4,20,47,0,4090000
2020-11-21,Saturday,628000,1986000,Journeys_2020.csv,Saturday,2020,11,November,4,21,47,1,2614000
2020-11-22,Sunday,449000,1402000,Journeys_2020.csv,Sunday,2020,11,November,4,22,47,1,1851000
2020-11-23,Monday,1040000,3003000,Journeys_2020.csv,Monday,2020,11,November,4,23,48,0,4043000
2020-11-24,Tuesday,1078000,3046000,Journeys_2020.csv,Tuesday,2020,11,November,4,24,48,0,4124000
2020-11-25,Wednesday,1082000,3001000,Journeys_2020.csv,Wednesday,2020,11,November,4,25,48,0,4083000
2020-11-26,Thursday,1105000,3042000,Journeys_2020.csv,Thursday,2020,11,November,4,26,48,0,4147000
2020-11-27,Friday,1113000,3065000,Journeys_2020.csv,Friday,2020,11,November,4,27,48,0,4178000
2020-11-28,Saturday,689000,2030000,Journeys_2020.csv,Saturday,2020,11,November,4,28,48,1,2719000
2020-11-29,Sunday,455000,1376000,Journeys_2020.csv,Sunday,2020,11,November,4,29,48,1,1831000
2020-11-30,Monday,1092000,3044000,Journeys_2020.csv,Monday,2020,11,November,4,30,49,0,4136000
2020-12-01,Tuesday,1175000,3168000,Journeys_2020.csv,Tuesday,2020,12,December,4,1,49,0,4343000
2020-12-02,Wednesday,1453000,3535000,Journeys_2020.csv,Wednesday,2020,12,December,4,2,49,0,4988000
2020-12-03,Thursday,1530000,3437000,Journeys_2020.csv,Thursday,2020,12,December,4,3,49,0,4967000
2020-12-04,Friday,1687000,3674000,Journeys_2020.csv,Friday,2020,12,December,4,4,49,0,5361000
2020-12-05,Saturday,1498000,2812000,Journeys_2020.csv,Saturday,2020,12,December,4,5,49,1,4310000
2020-12-06,Sunday,962000,1909000,Journeys_2020.csv,Sunday,2020,12,December,4,6,49,1,2871000
2020-12-07,Monday,1461000,3492000,Journeys_2020.csv,Monday,2020,12,December,4,7,50,0,4953000
2020-12-08,Tuesday,1556000,3569000,Journeys_2020.csv,Tuesday,2020,12,December,4,8,50,0,5125000
2020-12-09,Wednesday,1614000,3561000,Journeys_2020.csv,Wednesday,2020,12,December,4,9,50,0,5175000
2020-12-10,Thursday,1642000,3571000,Journeys_2020.csv,Thursday,2020,12,December,4,10,50,0,5213000
2020-12-11,Friday,1757000,3674000,Journeys_2020.csv,Friday,2020,12,December,4,11,50,0,5431000
2020-12-12,Saturday,1556000,2794000,Journeys_2020.csv,Saturday,2020,12,December,4,12,50,1,4350000
2020-12-13,Sunday,951000,1874000,Journeys_2020.csv,Sunday,2020,12,December,4,13,50,1,2825000
2020-12-14,Monday,1508000,3473000,Journeys_2020.csv,Monday,2020,12,December,4,14,51,0,4981000
2020-12-15,Tuesday,1724000,3669000,Journeys_2020.csv,Tuesday,2020,12,December,4,15,51,0,5393000
2020-12-16,Wednesday,1308000,3233000,Journeys_2020.csv,Wednesday,2020,12,December,4,16,51,0,4541000
2020-12-17,Thursday,1312000,3243000,Journeys_2020.csv,Thursday,2020,12,December,4,17,51,0,4555000
2020-12-18,Friday,1285000,3028000,Journeys_2020.csv,Friday,2020,12,December,4,18,51,0,4313000
2020-12-19,Saturday,979000,2452000,Journeys_2020.csv,Saturday,2020,12,December,4,19,51,1,3431000
2020-12-20,Sunday,426000,1427000,Journeys_2020.csv,Sunday,2020,12,December,4,20,51,1,1853000
2020-12-21,Monday,732000,2213000,Journeys_2020.csv,Monday,2020,12,December,4,21,52,0,2945000
2020-12-22,Tuesday,697000,2273000,Journeys_2020.csv,Tuesday,2020,12,December,4,22,52,0,2970000
2020-12-23,Wednesday,667000,2272000,Journeys_2020.csv,Wednesday,2020,12,December,4,23,52,0,2939000
2020-12-24,Thursday,503000,1983000,Journeys_2020.csv,Thursday,2020,12,December,4,24,52,0,2486000
2020-12-25,Friday,0,0,Journeys_2020.csv,Friday,2020,12,December,4,25,52,0,0
2020-12-26,Saturday,226000,1001000,Journeys_2020.csv,Saturday,2020,12,December,4,26,52,1,1227000
2020-12-27,Sunday,310000,1109000,Journeys_2020.csv,Sunday,2020,12,December,4,27,52,1,1419000
2020-12-28,Monday,366000,1329000,Journeys_2020.csv,Monday,2020,12,December,4,28,53,0,1695000
2020-12-29,Tuesday,529000,1820000,Journeys_2020.csv,Tuesday,2020,12,December,4,29,53,0,2349000
2020-12-30,Wednesday,549000,1882000,Journeys_2020.csv,Wednesday,2020,12,December,4,30,53,0,2431000
2020-12-31,Thursday,507000,1796000,Journeys_2020.csv,Thursday,2020,12,December,4,31,53,0,2303000
2021-01-01,Friday,229000,836000,Journeys_2021.csv,Friday,2021,1,January,1,1,53,0,1065000
2021-01-02,Saturday,387000,1434000,Journeys_2021.csv,Saturday,2021,1,January,1,2,53,1,1821000
2021-01-03,Sunday,326000,1112000,Journeys_2021.csv,Sunday,2021,1,January,1,3,53,1,1438000
2021-01-04,Monday,724000,1958000,Journeys_2021.csv,Monday,2021,1,January,1,4,1,0,2682000
2021-01-05,Tuesday,686000,1892000,Journeys_2021.csv,Tuesday,2021,1,January,1,5,1,0,2578000
2021-01-06,Wednesday,677000,1896000,Journeys_2021.csv,Wednesday,2021,1,January,1,6,1,0,2573000
2021-01-07,Thursday,671000,1874000,Journeys_2021.csv,Thursday,2021,1,January,1,7,1,0,2545000
2021-01-08,Friday,679000,1905000,Journeys_2021.csv,Friday,2021,1,January,1,8,1,0,2584000
2021-01-09,Saturday,380000,1471000,Journeys_2021.csv,Saturday,2021,1,January,1,9,1,1,1851000
2021-01-10,Sunday,253000,1012000,Journeys_2021.csv,Sunday,2021,1,January,1,10,1,1,1265000
2021-01-11,Monday,666000,1869000,Journeys_2021.csv,Monday,2021,1,January,1,11,2,0,2535000
2021-01-12,Tuesday,662000,1852000,Journeys_2021.csv,Tuesday,2021,1,January,1,12,2,0,2514000
2021-01-13,Wednesday,673000,1836000,Journeys_2021.csv,Wednesday,2021,1,January,1,13,2,0,2509000
2021-01-14,Thursday,666000,1815000,Journeys_2021.csv,Thursday,2021,1,January,1,14,2,0,2481000
2021-01-15,Friday,695000,1977000,Journeys_2021.csv,Friday,2021,1,January,1,15,2,0,2672000
2021-01-16,Saturday,382000,1414000,Journeys_2021.csv,Saturday,2021,1,January,1,16,2,1,1796000
2021-01-17,Sunday,293000,1110000,Journeys_2021.csv,Sunday,2021,1,January,1,17,2,1,1403000
2021-01-18,Monday,682000,1908000,Journeys_2021.csv,Monday,2021,1,January,1,18,3,0,2590000
2021-01-19,Tuesday,694000,1911000,Journeys_2021.csv,Tuesday,2021,1,January,1,19,3,0,2605000
2021-01-20,Wednesday,691000,1862000,Journeys_2021.csv,Wednesday,2021,1,January,1,20,3,0,2553000
2021-01-21,Thursday,704000,1948000,Journeys_2021.csv,Thursday,2021,1,January,1,21,3,0,2652000
2021-01-22,Friday,726000,2045000,Journeys_2021.csv,Friday,2021,1,January,1,22,3,0,2771000
2021-01-23,Saturday,432000,1583000,Journeys_2021.csv,Saturday,2021,1,January,1,23,3,1,2015000
2021-01-24,Sunday,261000,999000,Journeys_2021.csv,Sunday,2021,1,January,1,24,3,1,1260000
2021-01-25,Monday,711000,1985000,Journeys_2021.csv,Monday,2021,1,January,1,25,4,0,2696000
2021-01-26,Tuesday,711000,1939000,Journeys_2021.csv,Tuesday,2021,1,January,1,26,4,0,2650000
2021-01-27,Wednesday,716000,1964000,Journeys_2021.csv,Wednesday,2021,1,January,1,27,4,0,2680000
2021-01-28,Thursday,730000,1996000,Journeys_2021.csv,Thursday,2021,1,January,1,28,4,0,2726000
2021-01-29,Friday,754000,2092000,Journeys_2021.csv,Friday,2021,1,January,1,29,4,0,2846000
2021-01-30,Saturday,422000,1531000,Journeys_2021.csv,Saturday,2021,1,January,1,30,4,1,1953000
2021-01-31,Sunday,314000,1161000,Journeys_2021.csv,Sunday,2021,1,January,1,31,4,1,1475000
2021-02-01,Monday,730000,2018000,Journeys_2021.csv,Monday,2021,2,February,1,1,5,0,2748000
2021-02-02,Tuesday,740000,2044000,Journeys_2021.csv,Tuesday,2021,2,February,1,2,5,0,2784000
2021-02-03,Wednesday,752000,2011000,Journeys_2021.csv,Wednesday,2021,2,February,1,3,5,0,2763000
2021-02-04,Thursday,749000,2029000,Journeys_2021.csv,Thursday,2021,2,February,1,4,5,0,2778000
2021-02-05,Friday,798000,2218000,Journeys_2021.csv,Friday,2021,2,February,1,5,5,0,3016000
2021-02-06,Saturday,474000,1668000,Journeys_2021.csv,Saturday,2021,2,February,1,6,5,1,2142000
2021-02-07,Sunday,293000,1062000,Journeys_2021.csv,Sunday,2021,2,February,1,7,5,1,1355000
2021-02-08,Monday,739000,1932000,Journeys_2021.csv,Monday,2021,2,February,1,8,6,0,2671000
2021-02-09,Tuesday,744000,1936000,Journeys_2021.csv,Tuesday,2021,2,February,1,9,6,0,2680000
2021-02-10,Wednesday,777000,2055000,Journeys_2021.csv,Wednesday,2021,2,February,1,10,6,0,2832000
2021-02-11,Thursday,782000,2052000,Journeys_2021.csv,Thursday,2021,2,February,1,11,6,0,2834000
2021-02-12,Friday,801000,2155000,Journeys_2021.csv,Friday,2021,2,February,1,12,6,0,2956000
2021-02-13,Saturday,498000,1662000,Journeys_2021.csv,Saturday,2021,2,February,1,13,6,1,2160000
2021-02-14,Sunday,335000,1165000,Journeys_2021.csv,Sunday,2021,2,February,1,14,6,1,1500000
2021-02-15,Monday,769000,2019000,Journeys_2021.csv,Monday,2021,2,February,1,15,7,0,2788000
2021-02-16,Tuesday,781000,2016000,Journeys_2021.csv,Tuesday,2021,2,February,1,16,7,0,2797000
2021-02-17,Wednesday,807000,2047000,Journeys_2021.csv,Wednesday,2021,2,February,1,17,7,0,2854000
2021-02-18,Thursday,803000,2059000,Journeys_2021.csv,Thursday,2021,2,February,1,18,7,0,2862000
2021-02-19,Friday,821000,2166000,Journeys_2021.csv,Friday,2021,2,February,1,19,7,0,2987000
2021-02-20,Saturday,587000,1806000,Journeys_2021.csv,Saturday,2021,2,February,1,20,7,1,2393000
2021-02-21,Sunday,376000,1256000,Journeys_2021.csv,Sunday,2021,2,February,1,21,7,1,1632000
2021-02-22,Monday,803000,2008000,Journeys_2021.csv,Monday,2021,2,February,1,22,8,0,2811000
2021-02-23,Tuesday,846000,2148000,Journeys_2021.csv,Tuesday,2021,2,February,1,23,8,0,2994000
2021-02-24,Wednesday,857000,2148000,Journeys_2021.csv,Wednesday,2021,2,February,1,24,8,0,3005000
2021-02-25,Thursday,864000,2170000,Journeys_2021.csv,Thursday,2021,2,February,1,25,8,0,3034000
2021-02-26,Friday,913000,2390000,Journeys_2021.csv,Friday,2021,2,February,1,26,8,0,3303000
2021-02-27,Saturday,642000,1947000,Journeys_2021.csv,Saturday,2021,2,February,1,27,8,1,2589000
2021-02-28,Sunday,398000,1315000,Journeys_2021.csv,Sunday,2021,2,February,1,28,8,1,1713000
2021-03-01,Monday,852000,2266000,Journeys_2021.csv,Monday,2021,3,March,1,1,9,0,3118000
2021-03-02,Tuesday,868000,2256000,Journeys_2021.csv,Tuesday,2021,3,March,1,2,9,0,3124000
2021-03-03,Wednesday,868000,2191000,Journeys_2021.csv,Wednesday,2021,3,March,1,3,9,0,3059000
2021-03-04,Thursday,877000,2267000,Journeys_2021.csv,Thursday,2021,3,March,1,4,9,0,3144000
2021-03-05,Friday,937000,2395000,Journeys_2021.csv,Friday,2021,3,March,1,5,9,0,3332000
2021-03-06,Saturday,631000,1849000,Journeys_2021.csv,Saturday,2021,3,March,1,6,9,1,2480000
2021-03-07,Sunday,428000,1338000,Journeys_2021.csv,Sunday,2021,3,March,1,7,9,1,1766000
2021-03-08,Monday,952000,2695000,Journeys_2021.csv,Monday,2021,3,March,1,8,10,0,3647000
2021-03-09,Tuesday,1021000,2867000,Journeys_2021.csv,Tuesday,2021,3,March,1,9,10,0,3888000
2021-03-10,Wednesday,997000,2743000,Journeys_2021.csv,Wednesday,2021,3,March,1,10,10,0,3740000
2021-03-11,Thursday,1035000,2934000,Journeys_2021.csv,Thursday,2021,3,March,1,11,10,0,3969000
2021-03-12,Friday,1050000,3068000,Journeys_2021.csv,Friday,2021,3,March,1,12,10,0,4118000
2021-03-13,Saturday,632000,2003000,Journeys_2021.csv,Saturday,2021,3,March,1,13,10,1,2635000
2021-03-14,Sunday,431000,1409000,Journeys_2021.csv,Sunday,2021,3,March,1,14,10,1,1840000
2021-03-15,Monday,1016000,2986000,Journeys_2021.csv,Monday,2021,3,March,1,15,11,0,4002000
2021-03-16,Tuesday,1040000,3011000,Journeys_2021.csv,Tuesday,2021,3,March,1,16,11,0,4051000
2021-03-17,Wednesday,1071000,2928000,Journeys_2021.csv,Wednesday,2021,3,March,1,17,11,0,3999000
2021-03-18,Thursday,1043000,2991000,Journeys_2021.csv,Thursday,2021,3,March,1,18,11,0,4034000
2021-03-19,Friday,1123000,3164000,Journeys_2021.csv,Friday,2021,3,March,1,19,11,0,4287000
2021-03-20,Saturday,699000,1968000,Journeys_2021.csv,Saturday,2021,3,March,1,20,11,1,2667000
2021-03-21,Sunday,477000,1411000,Journeys_2021.csv,Sunday,2021,3,March,1,21,11,1,1888000
2021-03-22,Monday,1049000,3040000,Journeys_2021.csv,Monday,2021,3,March,1,22,12,0,4089000
2021-03-23,Tuesday,1084000,3059000,Journeys_2021.csv,Tuesday,2021,3,March,1,23,12,0,4143000
2021-03-24,Wednesday,1078000,3029000,Journeys_2021.csv,Wednesday,2021,3,March,1,24,12,0,4107000
2021-03-25,Thursday,1088000,3058000,Journeys_2021.csv,Thursday,2021,3,March,1,25,12,0,4146000
2021-03-26,Friday,1096000,3092000,Journeys_2021.csv,Friday,2021,3,March,1,26,12,0,4188000
2021-03-27,Saturday,753000,2170000,Journeys_2021.csv,Saturday,2021,3,March,1,27,12,1,2923000
2021-03-28,Sunday,444000,1389000,Journeys_2021.csv,Sunday,2021,3,March,1,28,12,1,1833000
2021-03-29,Monday,1124000,3094000,Journeys_2021.csv,Monday,2021,3,March,1,29,13,0,4218000
2021-03-30,Tuesday,1259000,3241000,Journeys_2021.csv,Tuesday,2021,3,March,1,30,13,0,4500000
2021-03-31,Wednesday,1212000,3120000,Journeys_2021.csv,Wednesday,2021,3,March,1,31,13,0,4332000
2021-04-01,Thursday,1187000,2938000,Journeys_2021.csv,Thursday,2021,4,April,2,1,13,0,4125000
2021-04-02,Friday,778000,2090000,Journeys_2021.csv,Friday,2021,4,April,2,2,13,0,2868000
2021-04-03,Saturday,736000,2092000,Journeys_2021.csv,Saturday,2021,4,April,2,3,13,1,2828000
2021-04-04,Sunday,611000,1478000,Journeys_2021.csv,Sunday,2021,4,April,2,4,13,1,2089000
2021-04-05,Monday,557000,1607000,Journeys_2021.csv,Monday,2021,4,April,2,5,14,0,2164000
2021-04-06,Tuesday,1091000,2574000,Journeys_2021.csv,Tuesday,2021,4,April,2,6,14,0,3665000
2021-04-07,Wednesday,1146000,2475000,Journeys_2021.csv,Wednesday,2021,4,April,2,7,14,0,3621000
2021-04-08,Thursday,1137000,2550000,Journeys_2021.csv,Thursday,2021,4,April,2,8,14,0,3687000
2021-04-09,Friday,1174000,2625000,Journeys_2021.csv,Friday,2021,4,April,2,9,14,0,3799000
2021-04-10,Saturday,776000,2051000,Journeys_2021.csv,Saturday,2021,4,April,2,10,14,1,2827000
2021-04-11,Sunday,611000,1575000,Journeys_2021.csv,Sunday,2021,4,April,2,11,14,1,2186000
2021-04-12,Monday,1476000,3118000,Journeys_2021.csv,Monday,2021,4,April,2,12,15,0,4594000
2021-04-13,Tuesday,1453000,3031000,Journeys_2021.csv,Tuesday,2021,4,April,2,13,15,0,4484000
2021-04-14,Wednesday,1500000,3014000,Journeys_2021.csv,Wednesday,2021,4,April,2,14,15,0,4514000
2021-04-15,Thursday,1505000,2890000,Journeys_2021.csv,Thursday,2021,4,April,2,15,15,0,4395000
2021-04-16,Friday,1577000,3152000,Journeys_2021.csv,Friday,2021,4,April,2,16,15,0,4729000
2021-04-17,Saturday,1371000,2733000,Journeys_2021.csv,Saturday,2021,4,April,2,17,15,1,4104000
2021-04-18,Sunday,891000,1981000,Journeys_2021.csv,Sunday,2021,4,April,2,18,15,1,2872000
2021-04-19,Monday,1401000,3477000,Journeys_2021.csv,Monday,2021,4,April,2,19,16,0,4878000
2021-04-20,Tuesday,1553000,3635000,Journeys_2021.csv,Tuesday,2021,4,April,2,20,16,0,5188000
2021-04-21,Wednesday,1517000,3603000,Journeys_2021.csv,Wednesday,2021,4,April,2,21,16,0,5120000
2021-04-22,Thursday,1579000,3650000,Journeys_2021.csv,Thursday,2021,4,April,2,22,16,0,5229000
2021-04-23,Friday,1686000,3654000,Journeys_2021.csv,Friday,2021,4,April,2,23,16,0,5340000
2021-04-24,Saturday,1488000,2803000,Journeys_2021.csv,Saturday,2021,4,April,2,24,16,1,4291000
2021-04-25,Sunday,918000,1944000,Journeys_2021.csv,Sunday,2021,4,April,2,25,16,1,2862000
2021-04-26,Monday,1447000,3553000,Journeys_2021.csv,Monday,2021,4,April,2,26,17,0,5000000
2021-04-27,Tuesday,1551000,3646000,Journeys_2021.csv,Tuesday,2021,4,April,2,27,17,0,5197000
2021-04-28,Wednesday,1557000,3575000,Journeys_2021.csv,Wednesday,2021,4,April,2,28,17,0,5132000
2021-04-29,Thursday,1632000,3677000,Journeys_2021.csv,Thursday,2021,4,April,2,29,17,0,5309000
2021-04-30,Friday,1723000,3800000,Journeys_2021.csv,Friday,2021,4,April,2,30,17,0,5523000
2021-05-01,Saturday,1443000,2841000,Journeys_2021.csv,Saturday,2021,5,May,2,1,17,1,4284000
2021-05-02,Sunday,993000,2018000,Journeys_2021.csv,Sunday,2021,5,May,2,2,17,1,3011000
2021-05-03,Monday,934000,2077000,Journeys_2021.csv,Monday,2021,5,May,2,3,18,0,3011000
2021-05-04,Tuesday,1532000,3596000,Journeys_2021.csv,Tuesday,2021,5,May,2,4,18,0,5128000
2021-05-05,Wednesday,1590000,3656000,Journeys_2021.csv,Wednesday,2021,5,May,2,5,18,0,5246000
2021-05-06,Thursday,1639000,3663000,Journeys_2021.csv,Thursday,2021,5,May,2,6,18,0,5302000
2021-05-07,Friday,1737000,3827000,Journeys_2021.csv,Friday,2021,5,May,2,7,18,0,5564000
2021-05-08,Saturday,1179000,2551000,Journeys_2021.csv,Saturday,2021,5,May,2,8,18,1,3730000
2021-05-09,Sunday,948000,2075000,Journeys_2021.csv,Sunday,2021,5,May,2,9,18,1,3023000
2021-05-10,Monday,1504000,3652000,Journeys_2021.csv,Monday,2021,5,May,2,10,19,0,5156000
2021-05-11,Tuesday,1632000,3759000,Journeys_2021.csv,Tuesday,2021,5,May,2,11,19,0,5391000
2021-05-12,Wednesday,1650000,3742000,Journeys_2021.csv,Wednesday,2021,5,May,2,12,19,0,5392000
2021-05-13,Thursday,1651000,3492000,Journeys_2021.csv,Thursday,2021,5,May,2,13,19,0,5143000
2021-05-14,Friday,1744000,3779000,Journeys_2021.csv,Friday,2021,5,May,2,14,19,0,5523000
2021-05-15,Saturday,1440000,2781000,Journeys_2021.csv,Saturday,2021,5,May,2,15,19,1,4221000
2021-05-16,Sunday,824000,1941000,Journeys_2021.csv,Sunday,2021,5,May,2,16,19,1,2765000
2021-05-17,Monday,1644000,3697000,Journeys_2021.csv,Monday,2021,5,May,2,17,20,0,5341000
2021-05-18,Tuesday,1794000,3816000,Journeys_2021.csv,Tuesday,2021,5,May,2,18,20,0,5610000
2021-05-19,Wednesday,1885000,3866000,Journeys_2021.csv,Wednesday,2021,5,May,2,19,20,0,5751000
2021-05-20,Thursday,1939000,3854000,Journeys_2021.csv,Thursday,2021,5,May,2,20,20,0,5793000
2021-05-21,Friday,2007000,3959000,Journeys_2021.csv,Friday,2021,5,May,2,21,20,0,5966000
2021-05-22,Saturday,1854000,3008000,Journeys_2021.csv,Saturday,2021,5,May,2,22,20,1,4862000
2021-05-23,Sunday,1053000,2159000,Journeys_2021.csv,Sunday,2021,5,May,2,23,20,1,3212000
2021-05-24,Monday,1666000,3679000,Journeys_2021.csv,Monday,2021,5,May,2,24,21,0,5345000
2021-05-25,Tuesday,1829000,3821000,Journeys_2021.csv,Tuesday,2021,5,May,2,25,21,0,5650000
2021-05-26,Wednesday,1921000,3890000,Journeys_2021.csv,Wednesday,2021,5,May,2,26,21,0,5811000
2021-05-27,Thursday,2022000,3956000,Journeys_2021.csv,Thursday,2021,5,May,2,27,21,0,5978000
2021-05-28,Friday,2148000,4037000,Journeys_2021.csv,Friday,2021,5,May,2,28,21,0,6185000
2021-05-29,Saturday,1902000,3257000,Journeys_2021.csv,Saturday,2021,5,May,2,29,21,1,5159000
2021-05-30,Sunday,1415000,2470000,Journeys_2021.csv,Sunday,2021,5,May,2,30,21,1,3885000
2021-05-31,Monday,1376000,2641000,Journeys_2021.csv,Monday,2021,5,May,2,31,22,0,4017000
2021-06-01,Tuesday,1904000,3414000,Journeys_2021.csv,Tuesday,2021,6,June,2,1,22,0,5318000
2021-06-02,Wednesday,1967000,3397000,Journeys_2021.csv,Wednesday,2021,6,June,2,2,22,0,5364000
2021-06-03,Thursday,2047000,3431000,Journeys_2021.csv,Thursday,2021,6,June,2,3,22,0,5478000
2021-06-04,Friday,2008000,3283000,Journeys_2021.csv,Friday,2021,6,June,2,4,22,0,5291000
2021-06-05,Saturday,1800000,3283000,Journeys_2021.csv,Saturday,2021,6,June,2,5,22,1,5083000
2021-06-06,Sunday,1121000,2285000,Journeys_2021.csv,Sunday,2021,6,June,2,6,22,1,3406000
2021-06-07,Monday,1742000,3723000,Journeys_2021.csv,Monday,2021,6,June,2,7,23,0,5465000
2021-06-08,Tuesday,1925000,3905000,Journeys_2021.csv,Tuesday,2021,6,June,2,8,23,0,5830000
2021-06-09,Wednesday,2000000,3938000,Journeys_2021.csv,Wednesday,2021,6,June,2,9,23,0,5938000
2021-06-10,Thursday,2058000,3936000,Journeys_2021.csv,Thursday,2021,6,June,2,10,23,0,5994000
2021-06-11,Friday,2103000,4089000,Journeys_2021.csv,Friday,2021,6,June,2,11,23,0,6192000
2021-06-12,Saturday,1885000,3313000,Journeys_2021.csv,Saturday,2021,6,June,2,12,23,1,5198000
2021-06-13,Sunday,1317000,2392000,Journeys_2021.csv,Sunday,2021,6,June,2,13,23,1,3709000
2021-06-14,Monday,1774000,3771000,Journeys_2021.csv,Monday,2021,6,June,2,14,24,0,5545000
2021-06-15,Tuesday,1939000,3907000,Journeys_2021.csv,Tuesday,2021,6,June,2,15,24,0,5846000
2021-06-16,Wednesday,2011000,3919000,Journeys_2021.csv,Wednesday,2021,6,June,2,16,24,0,5930000
2021-06-17,Thursday,2052000,3862000,Journeys_2021.csv,Thursday,2021,6,June,2,17,24,0,5914000
2021-06-18,Friday,2205000,3834000,Journeys_2021.csv,Friday,2021,6,June,2,18,24,0,6039000
2021-06-19,Saturday,1783000,3160000,Journeys_2021.csv,Saturday,2021,6,June,2,19,24,1,4943000
2021-06-20,Sunday,1146000,2234000,Journeys_2021.csv,Sunday,2021,6,June,2,20,24,1,3380000
2021-06-21,Monday,1777000,3716000,Journeys_2021.csv,Monday,2021,6,June,2,21,25,0,5493000
2021-06-22,Tuesday,2022000,3939000,Journeys_2021.csv,Tuesday,2021,6,June,2,22,25,0,5961000
2021-06-23,Wednesday,2056000,3965000,Journeys_2021.csv,Wednesday,2021,6,June,2,23,25,0,6021000
2021-06-24,Thursday,2113000,3970000,Journeys_2021.csv,Thursday,2021,6,June,2,24,25,0,6083000
2021-06-25,Friday,2172000,4077000,Journeys_2021.csv,Friday,2021,6,June,2,25,25,0,6249000
2021-06-26,Saturday,2049000,3246000,Journeys_2021.csv,Saturday,2021,6,June,2,26,25,1,5295000
2021-06-27,Sunday,1239000,2235000,Journeys_2021.csv,Sunday,2021,6,June,2,27,25,1,3474000
2021-06-28,Monday,1828000,3740000,Journeys_2021.csv,Monday,2021,6,June,2,28,26,0,5568000
2021-06-29,Tuesday,1876000,3873000,Journeys_2021.csv,Tuesday,2021,6,June,2,29,26,0,5749000
2021-06-30,Wednesday,1891000,3916000,Journeys_2021.csv,Wednesday,2021,6,June,2,30,26,0,5807000
2021-07-01,Thursday,1954000,3978000,Journeys_2021.csv,Thursday,2021,7,July,3,1,26,0,5932000
2021-07-02,Friday,1979000,4050000,Journeys_2021.csv,Friday,2021,7,July,3,2,26,0,6029000
2021-07-03,Saturday,1677000,3258000,Journeys_2021.csv,Saturday,2021,7,July,3,3,26,1,4935000
2021-07-04,Sunday,1094000,2321000,Journeys_2021.csv,Sunday,2021,7,July,3,4,26,1,3415000
2021-07-05,Monday,1700000,3811000,Journeys_2021.csv,Monday,2021,7,July,3,5,27,0,5511000
2021-07-06,Tuesday,1904000,3807000,Journeys_2021.csv,Tuesday,2021,7,July,3,6,27,0,5711000
2021-07-07,Wednesday,2023000,3961000,Journeys_2021.csv,Wednesday,2021,7,July,3,7,27,0,5984000
2021-07-08,Thursday,1919000,3890000,Journeys_2021.csv,Thursday,2021,7,July,3,8,27,0,5809000
2021-07-09,Friday,1965000,4035000,Journeys_2021.csv,Friday,2021,7,July,3,9,27,0,6000000
2021-07-10,Saturday,1715000,3228000,Journeys_2021.csv,Saturday,2021,7,July,3,10,27,1,4943000
2021-07-11,Sunday,1514000,2564000,Journeys_2021.csv,Sunday,2021,7,July,3,11,27,1,4078000
2021-07-12,Monday,1574000,3654000,Journeys_2021.csv,Monday,2021,7,July,3,12,28,0,5228000
2021-07-13,Tuesday,1748000,3905000,Journeys_2021.csv,Tuesday,2021,7,July,3,13,28,0,5653000
2021-07-14,Wednesday,1841000,3897000,Journeys_2021.csv,Wednesday,2021,7,July,3,14,28,0,5738000
2021-07-15,Thursday,1883000,3878000,Journeys_2021.csv,Thursday,2021,7,July,3,15,28,0,5761000
2021-07-16,Friday,1926000,4049000,Journeys_2021.csv,Friday,2021,7,July,3,16,28,0,5975000
2021-07-17,Saturday,1625000,3354000,Journeys_2021.csv,Saturday,2021,7,July,3,17,28,1,4979000
2021-07-18,Sunday,1146000,2415000,Journeys_2021.csv,Sunday,2021,7,July,3,18,28,1,3561000
2021-07-19,Monday,1614000,3592000,Journeys_2021.csv,Monday,2021,7,July,3,19,29,0,5206000
2021-07-20,Tuesday,1711000,3581000,Journeys_2021.csv,Tuesday,2021,7,July,3,20,29,0,5292000
2021-07-21,Wednesday,1808000,3648000,Journeys_2021.csv,Wednesday,2021,7,July,3,21,29,0,5456000
2021-07-22,Thursday,1896000,3637000,Journeys_2021.csv,Thursday,2021,7,July,3,22,29,0,5533000
2021-07-23,Friday,1934000,3736000,Journeys_2021.csv,Friday,2021,7,July,3,23,29,0,5670000
2021-07-24,Saturday,1594000,3068000,Journeys_2021.csv,Saturday,2021,7,July,3,24,29,1,4662000
2021-07-25,Sunday,1098000,2181000,Journeys_2021.csv,Sunday,2021,7,July,3,25,29,1,3279000
2021-07-26,Monday,1626000,3342000,Journeys_2021.csv,Monday,2021,7,July,3,26,30,0,4968000
2021-07-27,Tuesday,1790000,3382000,Journeys_2021.csv,Tuesday,2021,7,July,3,27,30,0,5172000
2021-07-28,Wednesday,1875000,3341000,Journeys_2021.csv,Wednesday,2021,7,July,3,28,30,0,5216000
2021-07-29,Thursday,2025000,3570000,Journeys_2021.csv,Thursday,2021,7,July,3,29,30,0,5595000
2021-07-30,Friday,1978000,3519000,Journeys_2021.csv,Friday,2021,7,July,3,30,30,0,5497000
2021-07-31,Saturday,1687000,3266000,Journeys_2021.csv,Saturday,2021,7,July,3,31,30,1,4953000
2021-08-01,Sunday,1246000,2345000,Journeys_2021.csv,Sunday,2021,8,August,3,1,30,1,3591000
2021-08-02,Monday,1700000,3349000,Journeys_2021.csv,Monday,2021,8,August,3,2,31,0,5049000
2021-08-03,Tuesday,1826000,3430000,Journeys_2021.csv,Tuesday,2021,8,August,3,3,31,0,5256000
2021-08-04,Wednesday,1902000,3533000,Journeys_2021.csv,Wednesday,2021,8,August,3,4,31,0,5435000
2021-08-05,Thursday,1895000,3492000,Journeys_2021.csv,Thursday,2021,8,August,3,5,31,0,5387000
2021-08-06,Friday,1891000,3562000,Journeys_2021.csv,Friday,2021,8,August,3,6,31,0,5453000
2021-08-07,Saturday,1715000,3019000,Journeys_2021.csv,Saturday,2021,8,August,3,7,31,1,4734000
2021-08-08,Sunday,1207000,2276000,Journeys_2021.csv,Sunday,2021,8,August,3,8,31,1,3483000
2021-08-09,Monday,1628000,3325000,Journeys_2021.csv,Monday,2021,8,August,3,9,32,0,4953000
2021-08-10,Tuesday,1889000,3640000,Journeys_2021.csv,Tuesday,2021,8,August,3,10,32,0,5529000
2021-08-11,Wednesday,1963000,3586000,Journeys_2021.csv,Wednesday,2021,8,August,3,11,32,0,5549000
2021-08-12,Thursday,1986000,3644000,Journeys_2021.csv,Thursday,2021,8,August,3,12,32,0,5630000
2021-08-13,Friday,2027000,3655000,Journeys_2021.csv,Friday,2021,8,August,3,13,32,0,5682000
2021-08-14,Saturday,1943000,3279000,Journeys_2021.csv,Saturday,2021,8,August,3,14,32,1,5222000
2021-08-15,Sunday,1367000,2465000,Journeys_2021.csv,Sunday,2021,8,August,3,15,32,1,3832000
2021-08-16,Monday,1756000,3406000,Journeys_2021.csv,Monday,2021,8,August,3,16,33,0,5162000
2021-08-17,Tuesday,1915000,3442000,Journeys_2021.csv,Tuesday,2021,8,August,3,17,33,0,5357000
2021-08-18,Wednesday,2003000,3569000,Journeys_2021.csv,Wednesday,2021,8,August,3,18,33,0,5572000
2021-08-19,Thursday,2062000,3554000,Journeys_2021.csv,Thursday,2021,8,August,3,19,33,0,5616000
2021-08-20,Friday,2088000,3675000,Journeys_2021.csv,Friday,2021,8,August,3,20,33,0,5763000
2021-08-21,Saturday,1769000,3271000,Journeys_2021.csv,Saturday,2021,8,August,3,21,33,1,5040000
2021-08-22,Sunday,1328000,2436000,Journeys_2021.csv,Sunday,2021,8,August,3,22,33,1,3764000
2021-08-23,Monday,1815000,3453000,Journeys_2021.csv,Monday,2021,8,August,3,23,34,0,5268000
2021-08-24,Tuesday,1986000,3580000,Journeys_2021.csv,Tuesday,2021,8,August,3,24,34,0,5566000
2021-08-25,Wednesday,2092000,3619000,Journeys_2021.csv,Wednesday,2021,8,August,3,25,34,0,5711000
2021-08-26,Thursday,2126000,3631000,Journeys_2021.csv,Thursday,2021,8,August,3,26,34,0,5757000
2021-08-27,Friday,2164000,3789000,Journeys_2021.csv,Friday,2021,8,August,3,27,34,0,5953000
2021-08-28,Saturday,2004000,3368000,Journeys_2021.csv,Saturday,2021,8,August,3,28,34,1,5372000
2021-08-29,Sunday,1557000,2620000,Journeys_2021.csv,Sunday,2021,8,August,3,29,34,1,4177000
2021-08-30,Monday,1435000,2601000,Journeys_2021.csv,Monday,2021,8,August,3,30,35,0,4036000
2021-08-31,Tuesday,1946000,3659000,Journeys_2021.csv,Tuesday,2021,8,August,3,31,35,0,5605000
2021-09-01,Wednesday,2081000,3761000,Journeys_2021.csv,Wednesday,2021,9,September,3,1,35,0,5842000
2021-09-02,Thursday,2188000,3950000,Journeys_2021.csv,Thursday,2021,9,September,3,2,35,0,6138000
2021-09-03,Friday,2215000,4220000,Journeys_2021.csv,Friday,2021,9,September,3,3,35,0,6435000
2021-09-04,Saturday,1908000,3551000,Journeys_2021.csv,Saturday,2021,9,September,3,4,35,1,5459000
2021-09-05,Sunday,1455000,2703000,Journeys_2021.csv,Sunday,2021,9,September,3,5,35,1,4158000
2021-09-06,Monday,1945000,4220000,Journeys_2021.csv,Monday,2021,9,September,3,6,36,0,6165000
2021-09-07,Tuesday,2135000,4305000,Journeys_2021.csv,Tuesday,2021,9,September,3,7,36,0,6440000
2021-09-08,Wednesday,2225000,4367000,Journeys_2021.csv,Wednesday,2021,9,September,3,8,36,0,6592000
2021-09-09,Thursday,2312000,4359000,Journeys_2021.csv,Thursday,2021,9,September,3,9,36,0,6671000
2021-09-10,Friday,2290000,4488000,Journeys_2021.csv,Friday,2021,9,September,3,10,36,0,6778000
2021-09-11,Saturday,2073000,3614000,Journeys_2021.csv,Saturday,2021,9,September,3,11,36,1,5687000
2021-09-12,Sunday,1347000,2608000,Journeys_2021.csv,Sunday,2021,9,September,3,12,36,1,3955000
2021-09-13,Monday,2042000,4350000,Journeys_2021.csv,Monday,2021,9,September,3,13,37,0,6392000
2021-09-14,Tuesday,2273000,4226000,Journeys_2021.csv,Tuesday,2021,9,September,3,14,37,0,6499000
2021-09-15,Wednesday,2362000,4486000,Journeys_2021.csv,Wednesday,2021,9,September,3,15,37,0,6848000
2021-09-16,Thursday,2428000,4510000,Journeys_2021.csv,Thursday,2021,9,September,3,16,37,0,6938000
2021-09-17,Friday,2395000,4622000,Journeys_2021.csv,Friday,2021,9,September,3,17,37,0,7017000
2021-09-18,Saturday,2095000,3701000,Journeys_2021.csv,Saturday,2021,9,September,3,18,37,1,5796000
2021-09-19,Sunday,1402000,2576000,Journeys_2021.csv,Sunday,2021,9,September,3,19,37,1,3978000
2021-09-20,Monday,2136000,4358000,Journeys_2021.csv,Monday,2021,9,September,3,20,38,0,6494000
2021-09-21,Tuesday,2404000,4494000,Journeys_2021.csv,Tuesday,2021,9,September,3,21,38,0,6898000
2021-09-22,Wednesday,2577000,4549000,Journeys_2021.csv,Wednesday,2021,9,September,3,22,38,0,7126000
2021-09-23,Thursday,2607000,4560000,Journeys_2021.csv,Thursday,2021,9,September,3,23,38,0,7167000
2021-09-24,Friday,2630000,4730000,Journeys_2021.csv,Friday,2021,9,September,3,24,38,0,7360000
2021-09-25,Saturday,2434000,3738000,Journeys_2021.csv,Saturday,2021,9,September,3,25,38,1,6172000
2021-09-26,Sunday,1683000,2733000,Journeys_2021.csv,Sunday,2021,9,September,3,26,38,1,4416000
2021-09-27,Monday,2251000,4450000,Journeys_2021.csv,Monday,2021,9,September,3,27,39,0,6701000
2021-09-28,Tuesday,2508000,4602000,Journeys_2021.csv,Tuesday,2021,9,September,3,28,39,0,7110000
2021-09-29,Wednesday,2645000,4694000,Journeys_2021.csv,Wednesday,2021,9,September,3,29,39,0,7339000
2021-09-30,Thursday,2776000,4697000,Journeys_2021.csv,Thursday,2021,9,September,3,30,39,0,7473000
2021-10-01,Friday,2650000,4692000,Journeys_2021.csv,Friday,2021,10,October,4,1,39,0,7342000
2021-10-02,Saturday,2259000,3500000,Journeys_2021.csv,Saturday,2021,10,October,4,2,39,1,5759000
2021-10-03,Sunday,1892000,2676000,Journeys_2021.csv,Sunday,2021,10,October,4,3,39,1,4568000
2021-10-04,Monday,2309000,4480000,Journeys_2021.csv,Monday,2021,10,October,4,4,40,0,6789000
2021-10-05,Tuesday,2533000,4576000,Journeys_2021.csv,Tuesday,2021,10,October,4,5,40,0,7109000
2021-10-06,Wednesday,2653000,4652000,Journeys_2021.csv,Wednesday,2021,10,October,4,6,40,0,7305000
2021-10-07,Thursday,2742000,4622000,Journeys_2021.csv,Thursday,2021,10,October,4,7,40,0,7364000
2021-10-08,Friday,2665000,4735000,Journeys_2021.csv,Friday,2021,10,October,4,8,40,0,7400000
2021-10-09,Saturday,2336000,3874000,Journeys_2021.csv,Saturday,2021,10,October,4,9,40,1,6210000
2021-10-10,Sunday,1612000,2687000,Journeys_2021.csv,Sunday,2021,10,October,4,10,40,1,4299000
2021-10-11,Monday,2344000,4478000,Journeys_2021.csv,Monday,2021,10,October,4,11,41,0,6822000
2021-10-12,Tuesday,2688000,4601000,Journeys_2021.csv,Tuesday,2021,10,October,4,12,41,0,7289000
2021-10-13,Wednesday,2709000,4629000,Journeys_2021.csv,Wednesday,2021,10,October,4,13,41,0,7338000
2021-10-14,Thursday,2812000,4658000,Journeys_2021.csv,Thursday,2021,10,October,4,14,41,0,7470000
2021-10-15,Friday,2714000,4782000,Journeys_2021.csv,Friday,2021,10,October,4,15,41,0,7496000
2021-10-16,Saturday,2390000,3678000,Journeys_2021.csv,Saturday,2021,10,October,4,16,41,1,6068000
2021-10-17,Sunday,1642000,2640000,Journeys_2021.csv,Sunday,2021,10,October,4,17,41,1,4282000
2021-10-18,Monday,2383000,4378000,Journeys_2021.csv,Monday,2021,10,October,4,18,42,0,6761000
2021-10-19,Tuesday,2617000,4507000,Journeys_2021.csv,Tuesday,2021,10,October,4,19,42,0,7124000
2021-10-20,Wednesday,2722000,4539000,Journeys_2021.csv,Wednesday,2021,10,October,4,20,42,0,7261000
2021-10-21,Thursday,2828000,4565000,Journeys_2021.csv,Thursday,2021,10,October,4,21,42,0,7393000
2021-10-22,Friday,2754000,4589000,Journeys_2021.csv,Friday,2021,10,October,4,22,42,0,7343000
2021-10-23,Saturday,2395000,3708000,Journeys_2021.csv,Saturday,2021,10,October,4,23,42,1,6103000
2021-10-24,Sunday,1660000,2696000,Journeys_2021.csv,Sunday,2021,10,October,4,24,42,1,4356000
2021-10-25,Monday,2406000,3850000,Journeys_2021.csv,Monday,2021,10,October,4,25,43,0,6256000
2021-10-26,Tuesday,2782000,3987000,Journeys_2021.csv,Tuesday,2021,10,October,4,26,43,0,6769000
2021-10-27,Wednesday,2844000,4022000,Journeys_2021.csv,Wednesday,2021,10,October,4,27,43,0,6866000
2021-10-28,Thursday,2944000,4102000,Journeys_2021.csv,Thursday,2021,10,October,4,28,43,0,7046000
2021-10-29,Friday,2842000,4183000,Journeys_2021.csv,Friday,2021,10,October,4,29,43,0,7025000
2021-10-30,Saturday,2495000,3888000,Journeys_2021.csv,Saturday,2021,10,October,4,30,43,1,6383000
2021-10-31,Sunday,1530000,2693000,Journeys_2021.csv,Sunday,2021,10,October,4,31,43,1,4223000
2021-11-01,Monday,2378000,4368000,Journeys_2021.csv,Monday,2021,11,November,4,1,44,0,6746000
2021-11-02,Tuesday,2675000,4551000,Journeys_2021.csv,Tuesday,2021,11,November,4,2,44,0,7226000
2021-11-03,Wednesday,2786000,4529000,Journeys_2021.csv,Wednesday,2021,11,November,4,3,44,0,7315000
2021-11-04,Thursday,2903000,4604000,Journeys_2021.csv,Thursday,2021,11,November,4,4,44,0,7507000
2021-11-05,Friday,2797000,4763000,Journeys_2021.csv,Friday,2021,11,November,4,5,44,0,7560000
2021-11-06,Saturday,2558000,3829000,Journeys_2021.csv,Saturday,2021,11,November,4,6,44,1,6387000
2021-11-07,Sunday,1745000,2767000,Journeys_2021.csv,Sunday,2021,11,November,4,7,44,1,4512000
2021-11-08,Monday,2382000,4485000,Journeys_2021.csv,Monday,2021,11,November,4,8,45,0,6867000
2021-11-09,Tuesday,2675000,4649000,Journeys_2021.csv,Tuesday,2021,11,November,4,9,45,0,7324000
2021-11-10,Wednesday,2762000,4649000,Journeys_2021.csv,Wednesday,2021,11,November,4,10,45,0,7411000
2021-11-11,Thursday,2905000,4738000,Journeys_2021.csv,Thursday,2021,11,November,4,11,45,0,7643000
2021-11-12,Friday,2893000,4838000,Journeys_2021.csv,Friday,2021,11,November,4,12,45,0,7731000
2021-11-13,Saturday,2610000,3779000,Journeys_2021.csv,Saturday,2021,11,November,4,13,45,1,6389000
2021-11-14,Sunday,1669000,2648000,Journeys_2021.csv,Sunday,2021,11,November,4,14,45,1,4317000
2021-11-15,Monday,2390000,4480000,Journeys_2021.csv,Monday,2021,11,November,4,15,46,0,6870000
2021-11-16,Tuesday,2711000,4691000,Journeys_2021.csv,Tuesday,2021,11,November,4,16,46,0,7402000
2021-11-17,Wednesday,2833000,4718000,Journeys_2021.csv,Wednesday,2021,11,November,4,17,46,0,7551000
2021-11-18,Thursday,2950000,4752000,Journeys_2021.csv,Thursday,2021,11,November,4,18,46,0,7702000
2021-11-19,Friday,2949000,4843000,Journeys_2021.csv,Friday,2021,11,November,4,19,46,0,7792000
2021-11-20,Saturday,2667000,3813000,Journeys_2021.csv,Saturday,2021,11,November,4,20,46,1,6480000
2021-11-21,Sunday,1813000,2734000,Journeys_2021.csv,Sunday,2021,11,November,4,21,46,1,4547000
2021-11-22,Monday,2461000,4518000,Journeys_2021.csv,Monday,2021,11,November,4,22,47,0,6979000
2021-11-23,Tuesday,2816000,4663000,Journeys_2021.csv,Tuesday,2021,11,November,4,23,47,0,7479000
2021-11-24,Wednesday,2900000,4646000,Journeys_2021.csv,Wednesday,2021,11,November,4,24,47,0,7546000
2021-11-25,Thursday,3081000,4765000,Journeys_2021.csv,Thursday,2021,11,November,4,25,47,0,7846000
2021-11-26,Friday,2232000,5147000,Journeys_2021.csv,Friday,2021,11,November,4,26,47,0,7379000
2021-11-27,Saturday,2608000,3678000,Journeys_2021.csv,Saturday,2021,11,November,4,27,47,1,6286000
2021-11-28,Sunday,1854000,2698000,Journeys_2021.csv,Sunday,2021,11,November,4,28,47,1,4552000
2021-11-29,Monday,2496000,4461000,Journeys_2021.csv,Monday,2021,11,November,4,29,48,0,6957000
2021-11-30,Tuesday,2731000,4634000,Journeys_2021.csv,Tuesday,2021,11,November,4,30,48,0,7365000
2021-12-01,Wednesday,2865000,4680000,Journeys_2021.csv,Wednesday,2021,12,December,4,1,48,0,7545000
2021-12-02,Thursday,3007000,4726000,Journeys_2021.csv,Thursday,2021,12,December,4,2,48,0,7733000
2021-12-03,Friday,2903000,4788000,Journeys_2021.csv,Friday,2021,12,December,4,3,48,0,7691000
2021-12-04,Saturday,2761000,3831000,Journeys_2021.csv,Saturday,2021,12,December,4,4,48,1,6592000
2021-12-05,Sunday,1806000,2600000,Journeys_2021.csv,Sunday,2021,12,December,4,5,48,1,4406000
2021-12-06,Monday,2487000,4441000,Journeys_2021.csv,Monday,2021,12,December,4,6,49,0,6928000
2021-12-07,Tuesday,2720000,4503000,Journeys_2021.csv,Tuesday,2021,12,December,4,7,49,0,7223000
2021-12-08,Wednesday,2850000,4653000,Journeys_2021.csv,Wednesday,2021,12,December,4,8,49,0,7503000
2021-12-09,Thursday,2938000,4749000,Journeys_2021.csv,Thursday,2021,12,December,4,9,49,0,7687000
2021-12-10,Friday,2862000,4854000,Journeys_2021.csv,Friday,2021,12,December,4,10,49,0,7716000
2021-12-11,Saturday,2635000,3718000,Journeys_2021.csv,Saturday,2021,12,December,4,11,49,1,6353000
2021-12-12,Sunday,1744000,2677000,Journeys_2021.csv,Sunday,2021,12,December,4,12,49,1,4421000
2021-12-13,Monday,2177000,4368000,Journeys_2021.csv,Monday,2021,12,December,4,13,50,0,6545000
2021-12-14,Tuesday,2213000,4404000,Journeys_2021.csv,Tuesday,2021,12,December,4,14,50,0,6617000
2021-12-15,Wednesday,2259000,4453000,Journeys_2021.csv,Wednesday,2021,12,December,4,15,50,0,6712000
2021-12-16,Thursday,2163000,4319000,Journeys_2021.csv,Thursday,2021,12,December,4,16,50,0,6482000
2021-12-17,Friday,2106000,4353000,Journeys_2021.csv,Friday,2021,12,December,4,17,50,0,6459000
2021-12-18,Saturday,1520000,3560000,Journeys_2021.csv,Saturday,2021,12,December,4,18,50,1,5080000
2021-12-19,Sunday,1349000,2497000,Journeys_2021.csv,Sunday,2021,12,December,4,19,50,1,3846000
2021-12-20,Monday,1791000,3565000,Journeys_2021.csv,Monday,2021,12,December,4,20,51,0,5356000
2021-12-21,Tuesday,1793000,3554000,Journeys_2021.csv,Tuesday,2021,12,December,4,21,51,0,5347000
2021-12-22,Wednesday,1728000,3535000,Journeys_2021.csv,Wednesday,2021,12,December,4,22,51,0,5263000
2021-12-23,Thursday,1605000,3522000,Journeys_2021.csv,Thursday,2021,12,December,4,23,51,0,5127000
2021-12-24,Friday,1132000,3080000,Journeys_2021.csv,Friday,2021,12,December,4,24,51,0,4212000
2021-12-25,Saturday,0,0,Journeys_2021.csv,Saturday,2021,12,December,4,25,51,1,0
2021-12-26,Sunday,692000,1737000,Journeys_2021.csv,Sunday,2021,12,December,4,26,51,1,2429000
2021-12-27,Monday,1110000,2238000,Journeys_2021.csv,Monday,2021,12,December,4,27,52,0,3348000
2021-12-28,Tuesday,1240000,2416000,Journeys_2021.csv,Tuesday,2021,12,December,4,28,52,0,3656000
2021-12-29,Wednesday,1487000,2968000,Journeys_2021.csv,Wednesday,2021,12,December,4,29,52,0,4455000
2021-12-30,Thursday,1527000,3083000,Journeys_2021.csv,Thursday,2021,12,December,4,30,52,0,4610000
2021-12-31,Friday,1620000,3230000,Journeys_2021.csv,Friday,2021,12,December,4,31,52,0,4850000
2022-01-01,Saturday,973000,1787000,Journeys_2022.csv,Saturday,2022,1,January,1,1,52,1,2760000
2022-01-02,Sunday,1119000,2135000,Journeys_2022.csv,Sunday,2022,1,January,1,2,52,1,3254000
2022-01-03,Monday,1121000,2413000,Journeys_2022.csv,Monday,2022,1,January,1,3,1,0,3534000
2022-01-04,Tuesday,1491000,3351000,Journeys_2022.csv,Tuesday,2022,1,January,1,4,1,0,4842000
2022-01-05,Wednesday,1686000,3819000,Journeys_2022.csv,Wednesday,2022,1,January,1,5,1,0,5505000
2022-01-06,Thursday,1690000,3890000,Journeys_2022.csv,Thursday,2022,1,January,1,6,1,0,5580000
2022-01-07,Friday,1821000,4066000,Journeys_2022.csv,Friday,2022,1,January,1,7,1,0,5887000
2022-01-08,Saturday,1532000,2918000,Journeys_2022.csv,Saturday,2022,1,January,1,8,1,1,4450000
2022-01-09,Sunday,1161000,2383000,Journeys_2022.csv,Sunday,2022,1,January,1,9,1,1,3544000
2022-01-10,Monday,1717000,4012000,Journeys_2022.csv,Monday,2022,1,January,1,10,2,0,5729000
2022-01-11,Tuesday,1852000,4105000,Journeys_2022.csv,Tuesday,2022,1,January,1,11,2,0,5957000
2022-01-12,Wednesday,2021000,4223000,Journeys_2022.csv,Wednesday,2022,1,January,1,12,2,0,6244000
2022-01-13,Thursday,2033000,4224000,Journeys_2022.csv,Thursday,2022,1,January,1,13,2,0,6257000
2022-01-14,Friday,2127000,4444000,Journeys_2022.csv,Friday,2022,1,January,1,14,2,0,6571000
2022-01-15,Saturday,1865000,3431000,Journeys_2022.csv,Saturday,2022,1,January,1,15,2,1,5296000
2022-01-16,Sunday,1249000,2448000,Journeys_2022.csv,Sunday,2022,1,January,1,16,2,1,3697000
2022-01-17,Monday,1878000,4226000,Journeys_2022.csv,Monday,2022,1,January,1,17,3,0,6104000
2022-01-18,Tuesday,2040000,4302000,Journeys_2022.csv,Tuesday,2022,1,January,1,18,3,0,6342000
2022-01-19,Wednesday,2112000,4320000,Journeys_2022.csv,Wednesday,2022,1,January,1,19,3,0,6432000
2022-01-20,Thursday,2249000,4394000,Journeys_2022.csv,Thursday,2022,1,January,1,20,3,0,6643000
2022-01-21,Friday,2235000,4490000,Journeys_2022.csv,Friday,2022,1,January,1,21,3,0,6725000
2022-01-22,Saturday,2065000,3486000,Journeys_2022.csv,Saturday,2022,1,January,1,22,3,1,5551000
2022-01-23,Sunday,1404000,2447000,Journeys_2022.csv,Sunday,2022,1,January,1,23,3,1,3851000
2022-01-24,Monday,1976000,4232000,Journeys_2022.csv,Monday,2022,1,January,1,24,4,0,6208000
2022-01-25,Tuesday,2196000,4331000,Journeys_2022.csv,Tuesday,2022,1,January,1,25,4,0,6527000
2022-01-26,Wednesday,2280000,4415000,Journeys_2022.csv,Wednesday,2022,1,January,1,26,4,0,6695000
2022-01-27,Thursday,2382000,4457000,Journeys_2022.csv,Thursday,2022,1,January,1,27,4,0,6839000
2022-01-28,Friday,2411000,4647000,Journeys_2022.csv,Friday,2022,1,January,1,28,4,0,7058000
2022-01-29,Saturday,2144000,3710000,Journeys_2022.csv,Saturday,2022,1,January,1,29,4,1,5854000
2022-01-30,Sunday,1392000,2643000,Journeys_2022.csv,Sunday,2022,1,January,1,30,4,1,4035000
2022-01-31,Monday,2149000,4383000,Journeys_2022.csv,Monday,2022,1,January,1,31,5,0,6532000
2022-02-01,Tuesday,2411000,4564000,Journeys_2022.csv,Tuesday,2022,2,February,1,1,5,0,6975000
2022-02-02,Wednesday,2458000,4563000,Journeys_2022.csv,Wednesday,2022,2,February,1,2,5,0,7021000
2022-02-03,Thursday,2585000,4583000,Journeys_2022.csv,Thursday,2022,2,February,1,3,5,0,7168000
2022-02-04,Friday,2507000,4676000,Journeys_2022.csv,Friday,2022,2,February,1,4,5,0,7183000
2022-02-05,Saturday,2322000,3684000,Journeys_2022.csv,Saturday,2022,2,February,1,5,5,1,6006000
2022-02-06,Sunday,1407000,2521000,Journeys_2022.csv,Sunday,2022,2,February,1,6,5,1,3928000
2022-02-07,Monday,2231000,4468000,Journeys_2022.csv,Monday,2022,2,February,1,7,6,0,6699000
2022-02-08,Tuesday,2557000,4593000,Journeys_2022.csv,Tuesday,2022,2,February,1,8,6,0,7150000
2022-02-09,Wednesday,2620000,4638000,Journeys_2022.csv,Wednesday,2022,2,February,1,9,6,0,7258000
2022-02-10,Thursday,2687000,4687000,Journeys_2022.csv,Thursday,2022,2,February,1,10,6,0,7374000
2022-02-11,Friday,2607000,4729000,Journeys_2022.csv,Friday,2022,2,February,1,11,6,0,7336000
2022-02-12,Saturday,2351000,3794000,Journeys_2022.csv,Saturday,2022,2,February,1,12,6,1,6145000
2022-02-13,Sunday,1580000,2603000,Journeys_2022.csv,Sunday,2022,2,February,1,13,6,1,4183000
2022-02-14,Monday,2408000,3989000,Journeys_2022.csv,Monday,2022,2,February,1,14,7,0,6397000
2022-02-15,Tuesday,2534000,3767000,Journeys_2022.csv,Tuesday,2022,2,February,1,15,7,0,6301000
2022-02-16,Wednesday,2665000,4011000,Journeys_2022.csv,Wednesday,2022,2,February,1,16,7,0,6676000
2022-02-17,Thursday,2802000,4121000,Journeys_2022.csv,Thursday,2022,2,February,1,17,7,0,6923000
2022-02-18,Friday,1844000,3490000,Journeys_2022.csv,Friday,2022,2,February,1,18,7,0,5334000
2022-02-19,Saturday,2252000,3535000,Journeys_2022.csv,Saturday,2022,2,February,1,19,7,1,5787000
2022-02-20,Sunday,1434000,2453000,Journeys_2022.csv,Sunday,2022,2,February,1,20,7,1,3887000
2022-02-21,Monday,2294000,4418000,Journeys_2022.csv,Monday,2022,2,February,1,21,8,0,6712000
2022-02-22,Tuesday,2784000,4681000,Journeys_2022.csv,Tuesday,2022,2,February,1,22,8,0,7465000
2022-02-23,Wednesday,2911000,4749000,Journeys_2022.csv,Wednesday,2022,2,February,1,23,8,0,7660000
2022-02-24,Thursday,3066000,4723000,Journeys_2022.csv,Thursday,2022,2,February,1,24,8,0,7789000
2022-02-25,Friday,2936000,4956000,Journeys_2022.csv,Friday,2022,2,February,1,25,8,0,7892000
2022-02-26,Saturday,2592000,3944000,Journeys_2022.csv,Saturday,2022,2,February,1,26,8,1,6536000
2022-02-27,Sunday,1810000,2819000,Journeys_2022.csv,Sunday,2022,2,February,1,27,8,1,4629000
2022-02-28,Monday,2465000,4634000,Journeys_2022.csv,Monday,2022,2,February,1,28,9,0,7099000
2022-03-01,Tuesday,180000,5310000,Journeys_2022.csv,Tuesday,2022,3,March,1,1,9,0,5490000
2022-03-02,Wednesday,2315000,4949000,Journeys_2022.csv,Wednesday,2022,3,March,1,2,9,0,7264000
2022-03-03,Thursday,187000,5321000,Journeys_2022.csv,Thursday,2022,3,March,1,3,9,0,5508000
2022-03-04,Friday,2479000,5051000,Journeys_2022.csv,Friday,2022,3,March,1,4,9,0,7530000
2022-03-05,Saturday,2441000,3886000,Journeys_2022.csv,Saturday,2022,3,March,1,5,9,1,6327000
2022-03-06,Sunday,1608000,2834000,Journeys_2022.csv,Sunday,2022,3,March,1,6,9,1,4442000
2022-03-07,Monday,2450000,4630000,Journeys_2022.csv,Monday,2022,3,March,1,7,10,0,7080000
2022-03-08,Tuesday,2776000,4785000,Journeys_2022.csv,Tuesday,2022,3,March,1,8,10,0,7561000
2022-03-09,Wednesday,2820000,4792000,Journeys_2022.csv,Wednesday,2022,3,March,1,9,10,0,7612000
2022-03-10,Thursday,2914000,4852000,Journeys_2022.csv,Thursday,2022,3,March,1,10,10,0,7766000
2022-03-11,Friday,2771000,4863000,Journeys_2022.csv,Friday,2022,3,March,1,11,10,0,7634000
2022-03-12,Saturday,2554000,4057000,Journeys_2022.csv,Saturday,2022,3,March,1,12,10,1,6611000
2022-03-13,Sunday,1792000,2759000,Journeys_2022.csv,Sunday,2022,3,March,1,13,10,1,4551000
2022-03-14,Monday,2462000,4659000,Journeys_2022.csv,Monday,2022,3,March,1,14,11,0,7121000
2022-03-15,Tuesday,2757000,4817000,Journeys_2022.csv,Tuesday,2022,3,March,1,15,11,0,7574000
2022-03-16,Wednesday,2872000,4725000,Journeys_2022.csv,Wednesday,2022,3,March,1,16,11,0,7597000
2022-03-17,Thursday,2996000,4947000,Journeys_2022.csv,Thursday,2022,3,March,1,17,11,0,7943000
2022-03-18,Friday,2795000,4976000,Journeys_2022.csv,Friday,2022,3,March,1,18,11,0,7771000
2022-03-19,Saturday,2604000,4027000,Journeys_2022.csv,Saturday,2022,3,March,1,19,11,1,6631000
2022-03-20,Sunday,1731000,2854000,Journeys_2022.csv,Sunday,2022,3,March,1,20,11,1,4585000
2022-03-21,Monday,2431000,4633000,Journeys_2022.csv,Monday,2022,3,March,1,21,12,0,7064000
2022-03-22,Tuesday,2781000,4818000,Journeys_2022.csv,Tuesday,2022,3,March,1,22,12,0,7599000
2022-03-23,Wednesday,2887000,4850000,Journeys_2022.csv,Wednesday,2022,3,March,1,23,12,0,7737000
2022-03-24,Thursday,2982000,4889000,Journeys_2022.csv,Thursday,2022,3,March,1,24,12,0,7871000
2022-03-25,Friday,2846000,5099000,Journeys_2022.csv,Friday,2022,3,March,1,25,12,0,7945000
2022-03-26,Saturday,2670000,4261000,Journeys_2022.csv,Saturday,2022,3,March,1,26,12,1,6931000
2022-03-27,Sunday,1651000,2819000,Journeys_2022.csv,Sunday,2022,3,March,1,27,12,1,4470000
2022-03-28,Monday,2420000,4515000,Journeys_2022.csv,Monday,2022,3,March,1,28,13,0,6935000
2022-03-29,Tuesday,2795000,4650000,Journeys_2022.csv,Tuesday,2022,3,March,1,29,13,0,7445000
2022-03-30,Wednesday,2802000,4765000,Journeys_2022.csv,Wednesday,2022,3,March,1,30,13,0,7567000
2022-03-31,Thursday,2897000,4800000,Journeys_2022.csv,Thursday,2022,3,March,1,31,13,0,7697000
2022-04-01,Friday,2744000,4917000,Journeys_2022.csv,Friday,2022,4,April,2,1,13,0,7661000
2022-04-02,Saturday,2421000,3760000,Journeys_2022.csv,Saturday,2022,4,April,2,2,13,1,6181000
2022-04-03,Sunday,1858000,2794000,Journeys_2022.csv,Sunday,2022,4,April,2,3,13,1,4652000
2022-04-04,Monday,2374000,3922000,Journeys_2022.csv,Monday,2022,4,April,2,4,14,0,6296000
2022-04-05,Tuesday,2666000,4156000,Journeys_2022.csv,Tuesday,2022,4,April,2,5,14,0,6822000
2022-04-06,Wednesday,2783000,4095000,Journeys_2022.csv,Wednesday,2022,4,April,2,6,14,0,6878000
2022-04-07,Thursday,2897000,4194000,Journeys_2022.csv,Thursday,2022,4,April,2,7,14,0,7091000
2022-04-08,Friday,2648000,4294000,Journeys_2022.csv,Friday,2022,4,April,2,8,14,0,6942000
2022-04-09,Saturday,2536000,3839000,Journeys_2022.csv,Saturday,2022,4,April,2,9,14,1,6375000
2022-04-10,Sunday,1723000,2872000,Journeys_2022.csv,Sunday,2022,4,April,2,10,14,1,4595000
2022-04-11,Monday,2488000,4049000,Journeys_2022.csv,Monday,2022,4,April,2,11,15,0,6537000
2022-04-12,Tuesday,2793000,4158000,Journeys_2022.csv,Tuesday,2022,4,April,2,12,15,0,6951000
2022-04-13,Wednesday,2841000,4217000,Journeys_2022.csv,Wednesday,2022,4,April,2,13,15,0,7058000
2022-04-14,Thursday,2879000,4385000,Journeys_2022.csv,Thursday,2022,4,April,2,14,15,0,7264000
2022-04-15,Friday,2067000,3696000,Journeys_2022.csv,Friday,2022,4,April,2,15,15,0,5763000
2022-04-16,Saturday,2202000,3803000,Journeys_2022.csv,Saturday,2022,4,April,2,16,15,1,6005000
2022-04-17,Sunday,1574000,2687000,Journeys_2022.csv,Sunday,2022,4,April,2,17,15,1,4261000
2022-04-18,Monday,1522000,2953000,Journeys_2022.csv,Monday,2022,4,April,2,18,16,0,4475000
2022-04-19,Tuesday,2570000,4561000,Journeys_2022.csv,Tuesday,2022,4,April,2,19,16,0,7131000
2022-04-20,Wednesday,2916000,4847000,Journeys_2022.csv,Wednesday,2022,4,April,2,20,16,0,7763000
2022-04-21,Thursday,2995000,4880000,Journeys_2022.csv,Thursday,2022,4,April,2,21,16,0,7875000
2022-04-22,Friday,2781000,4934000,Journeys_2022.csv,Friday,2022,4,April,2,22,16,0,7715000
2022-04-23,Saturday,2516000,4025000,Journeys_2022.csv,Saturday,2022,4,April,2,23,16,1,6541000
2022-04-24,Sunday,1666000,2906000,Journeys_2022.csv,Sunday,2022,4,April,2,24,16,1,4572000
2022-04-25,Monday,2489000,4714000,Journeys_2022.csv,Monday,2022,4,April,2,25,17,0,7203000
2022-04-26,Tuesday,2900000,4937000,Journeys_2022.csv,Tuesday,2022,4,April,2,26,17,0,7837000
2022-04-27,Wednesday,2980000,4923000,Journeys_2022.csv,Wednesday,2022,4,April,2,27,17,0,7903000
2022-04-28,Thursday,3105000,5023000,Journeys_2022.csv,Thursday,2022,4,April,2,28,17,0,8128000
2022-04-29,Friday,2868000,5129000,Journeys_2022.csv,Friday,2022,4,April,2,29,17,0,7997000
2022-04-30,Saturday,2466000,4209000,Journeys_2022.csv,Saturday,2022,4,April,2,30,17,1,6675000
2022-05-01,Sunday,1831000,3111000,Journeys_2022.csv,Sunday,2022,5,May,2,1,17,1,4942000
2022-05-02,Monday,1739000,3157000,Journeys_2022.csv,Monday,2022,5,May,2,2,18,0,4896000
2022-05-03,Tuesday,2806000,4812000,Journeys_2022.csv,Tuesday,2022,5,May,2,3,18,0,7618000
2022-05-04,Wednesday,3018000,4970000,Journeys_2022.csv,Wednesday,2022,5,May,2,4,18,0,7988000
2022-05-05,Thursday,3130000,5103000,Journeys_2022.csv,Thursday,2022,5,May,2,5,18,0,8233000
2022-05-06,Friday,2888000,5171000,Journeys_2022.csv,Friday,2022,5,May,2,6,18,0,8059000
2022-05-07,Saturday,2490000,4137000,Journeys_2022.csv,Saturday,2022,5,May,2,7,18,1,6627000
2022-05-08,Sunday,1793000,3115000,Journeys_2022.csv,Sunday,2022,5,May,2,8,18,1,4908000
2022-05-09,Monday,2587000,4818000,Journeys_2022.csv,Monday,2022,5,May,2,9,19,0,7405000
2022-05-10,Tuesday,2971000,4953000,Journeys_2022.csv,Tuesday,2022,5,May,2,10,19,0,7924000
2022-05-11,Wednesday,3070000,4850000,Journeys_2022.csv,Wednesday,2022,5,May,2,11,19,0,7920000
2022-05-12,Thursday,3201000,5095000,Journeys_2022.csv,Thursday,2022,5,May,2,12,19,0,8296000
2022-05-13,Friday,2905000,5182000,Journeys_2022.csv,Friday,2022,5,May,2,13,19,0,8087000
2022-05-14,Saturday,2634000,4231000,Journeys_2022.csv,Saturday,2022,5,May,2,14,19,1,6865000
2022-05-15,Sunday,1739000,2869000,Journeys_2022.csv,Sunday,2022,5,May,2,15,19,1,4608000
2022-05-16,Monday,2631000,4796000,Journeys_2022.csv,Monday,2022,5,May,2,16,20,0,7427000
2022-05-17,Tuesday,3027000,5022000,Journeys_2022.csv,Tuesday,2022,5,May,2,17,20,0,8049000
2022-05-18,Wednesday,3110000,5024000,Journeys_2022.csv,Wednesday,2022,5,May,2,18,20,0,8134000
2022-05-19,Thursday,3239000,5044000,Journeys_2022.csv,Thursday,2022,5,May,2,19,20,0,8283000
2022-05-20,Friday,2948000,5062000,Journeys_2022.csv,Friday,2022,5,May,2,20,20,0,8010000
2022-05-21,Saturday,2708000,4167000,Journeys_2022.csv,Saturday,2022,5,May,2,21,20,1,6875000
2022-05-22,Sunday,1987000,3088000,Journeys_2022.csv,Sunday,2022,5,May,2,22,20,1,5075000
2022-05-23,Monday,2645000,4740000,Journeys_2022.csv,Monday,2022,5,May,2,23,21,0,7385000
2022-05-24,Tuesday,3113000,4990000,Journeys_2022.csv,Tuesday,2022,5,May,2,24,21,0,8103000
2022-05-25,Wednesday,3206000,5031000,Journeys_2022.csv,Wednesday,2022,5,May,2,25,21,0,8237000
2022-05-26,Thursday,3348000,5067000,Journeys_2022.csv,Thursday,2022,5,May,2,26,21,0,8415000
2022-05-27,Friday,3148000,5216000,Journeys_2022.csv,Friday,2022,5,May,2,27,21,0,8364000
2022-05-28,Saturday,2839000,4109000,Journeys_2022.csv,Saturday,2022,5,May,2,28,21,1,6948000
2022-05-29,Sunday,2117000,2907000,Journeys_2022.csv,Sunday,2022,5,May,2,29,21,1,5024000
2022-05-30,Monday,2623000,4207000,Journeys_2022.csv,Monday,2022,5,May,2,30,22,0,6830000
2022-05-31,Tuesday,2947000,4380000,Journeys_2022.csv,Tuesday,2022,5,May,2,31,22,0,7327000
2022-06-01,Wednesday,3157000,4582000,Journeys_2022.csv,Wednesday,2022,6,June,2,1,22,0,7739000
2022-06-02,Thursday,2652000,3639000,Journeys_2022.csv,Thursday,2022,6,June,2,2,22,0,6291000
2022-06-03,Friday,2437000,3655000,Journeys_2022.csv,Friday,2022,6,June,2,3,22,0,6092000
2022-06-04,Saturday,2422000,3666000,Journeys_2022.csv,Saturday,2022,6,June,2,4,22,1,6088000
2022-06-05,Sunday,1740000,2665000,Journeys_2022.csv,Sunday,2022,6,June,2,5,22,1,4405000
2022-06-06,Monday,643000,5319000,Journeys_2022.csv,Monday,2022,6,June,2,6,23,0,5962000
2022-06-07,Tuesday,2612000,5124000,Journeys_2022.csv,Tuesday,2022,6,June,2,7,23,0,7736000
2022-06-08,Wednesday,3046000,5024000,Journeys_2022.csv,Wednesday,2022,6,June,2,8,23,0,8070000
2022-06-09,Thursday,3162000,5138000,Journeys_2022.csv,Thursday,2022,6,June,2,9,23,0,8300000
2022-06-10,Friday,2946000,5215000,Journeys_2022.csv,Friday,2022,6,June,2,10,23,0,8161000
2022-06-11,Saturday,2607000,4245000,Journeys_2022.csv,Saturday,2022,6,June,2,11,23,1,6852000
2022-06-12,Sunday,1913000,3107000,Journeys_2022.csv,Sunday,2022,6,June,2,12,23,1,5020000
2022-06-13,Monday,2713000,4928000,Journeys_2022.csv,Monday,2022,6,June,2,13,24,0,7641000
2022-06-14,Tuesday,3095000,5052000,Journeys_2022.csv,Tuesday,2022,6,June,2,14,24,0,8147000
2022-06-15,Wednesday,3184000,5102000,Journeys_2022.csv,Wednesday,2022,6,June,2,15,24,0,8286000
2022-06-16,Thursday,3298000,5085000,Journeys_2022.csv,Thursday,2022,6,June,2,16,24,0,8383000
2022-06-17,Friday,3037000,5108000,Journeys_2022.csv,Friday,2022,6,June,2,17,24,0,8145000
2022-06-18,Saturday,2834000,4049000,Journeys_2022.csv,Saturday,2022,6,June,2,18,24,1,6883000
2022-06-19,Sunday,1992000,3046000,Journeys_2022.csv,Sunday,2022,6,June,2,19,24,1,5038000
2022-06-20,Monday,2786000,4942000,Journeys_2022.csv,Monday,2022,6,June,2,20,25,0,7728000
2022-06-21,Tuesday,160000,5537000,Journeys_2022.csv,Tuesday,2022,6,June,2,21,25,0,5697000
2022-06-22,Wednesday,2171000,5143000,Journeys_2022.csv,Wednesday,2022,6,June,2,22,25,0,7314000
2022-06-23,Thursday,1963000,5103000,Journeys_2022.csv,Thursday,2022,6,June,2,23,25,0,7066000
2022-06-24,Friday,2903000,5191000,Journeys_2022.csv,Friday,2022,6,June,2,24,25,0,8094000
2022-06-25,Saturday,2373000,4455000,Journeys_2022.csv,Saturday,2022,6,June,2,25,25,1,6828000
2022-06-26,Sunday,1942000,3180000,Journeys_2022.csv,Sunday,2022,6,June,2,26,25,1,5122000
2022-06-27,Monday,2805000,4767000,Journeys_2022.csv,Monday,2022,6,June,2,27,26,0,7572000
2022-06-28,Tuesday,3230000,5036000,Journeys_2022.csv,Tuesday,2022,6,June,2,28,26,0,8266000
2022-06-29,Wednesday,3393000,5015000,Journeys_2022.csv,Wednesday,2022,6,June,2,29,26,0,8408000
2022-06-30,Thursday,3506000,5064000,Journeys_2022.csv,Thursday,2022,6,June,2,30,26,0,8570000
2022-07-01,Friday,3346000,5161000,Journeys_2022.csv,Friday,2022,7,July,3,1,26,0,8507000
2022-07-02,Saturday,3104000,4161000,Journeys_2022.csv,Saturday,2022,7,July,3,2,26,1,7265000
2022-07-03,Sunday,2035000,3149000,Journeys_2022.csv,Sunday,2022,7,July,3,3,26,1,5184000
2022-07-04,Monday,2812000,4830000,Journeys_2022.csv,Monday,2022,7,July,3,4,27,0,7642000
2022-07-05,Tuesday,3146000,4974000,Journeys_2022.csv,Tuesday,2022,7,July,3,5,27,0,8120000
2022-07-06,Wednesday,3292000,4974000,Journeys_2022.csv,Wednesday,2022,7,July,3,6,27,0,8266000
2022-07-07,Thursday,3357000,5013000,Journeys_2022.csv,Thursday,2022,7,July,3,7,27,0,8370000
2022-07-08,Friday,3086000,5063000,Journeys_2022.csv,Friday,2022,7,July,3,8,27,0,8149000
2022-07-09,Saturday,2674000,4273000,Journeys_2022.csv,Saturday,2022,7,July,3,9,27,1,6947000
2022-07-10,Sunday,1973000,3192000,Journeys_2022.csv,Sunday,2022,7,July,3,10,27,1,5165000
2022-07-11,Monday,2702000,4602000,Journeys_2022.csv,Monday,2022,7,July,3,11,28,0,7304000
2022-07-12,Tuesday,3023000,4733000,Journeys_2022.csv,Tuesday,2022,7,July,3,12,28,0,7756000
2022-07-13,Wednesday,3096000,4806000,Journeys_2022.csv,Wednesday,2022,7,July,3,13,28,0,7902000
2022-07-14,Thursday,3225000,4938000,Journeys_2022.csv,Thursday,2022,7,July,3,14,28,0,8163000
2022-07-15,Friday,2982000,4969000,Journeys_2022.csv,Friday,2022,7,July,3,15,28,0,7951000
2022-07-16,Saturday,2564000,4231000,Journeys_2022.csv,Saturday,2022,7,July,3,16,28,1,6795000
2022-07-17,Sunday,1755000,3078000,Journeys_2022.csv,Sunday,2022,7,July,3,17,28,1,4833000
2022-07-18,Monday,2043000,3990000,Journeys_2022.csv,Monday,2022,7,July,3,18,29,0,6033000
2022-07-19,Tuesday,1955000,3816000,Journeys_2022.csv,Tuesday,2022,7,July,3,19,29,0,5771000
2022-07-20,Wednesday,2978000,4718000,Journeys_2022.csv,Wednesday,2022,7,July,3,20,29,0,7696000
2022-07-21,Thursday,3145000,4687000,Journeys_2022.csv,Thursday,2022,7,July,3,21,29,0,7832000
2022-07-22,Friday,2854000,4628000,Journeys_2022.csv,Friday,2022,7,July,3,22,29,0,7482000
2022-07-23,Saturday,2595000,4035000,Journeys_2022.csv,Saturday,2022,7,July,3,23,29,1,6630000
2022-07-24,Sunday,1848000,3079000,Journeys_2022.csv,Sunday,2022,7,July,3,24,29,1,4927000
2022-07-25,Monday,2646000,4198000,Journeys_2022.csv,Monday,2022,7,July,3,25,30,0,6844000
2022-07-26,Tuesday,3069000,4374000,Journeys_2022.csv,Tuesday,2022,7,July,3,26,30,0,7443000
2022-07-27,Wednesday,2460000,4580000,Journeys_2022.csv,Wednesday,2022,7,July,3,27,30,0,7040000
2022-07-28,Thursday,3147000,4544000,Journeys_2022.csv,Thursday,2022,7,July,3,28,30,0,7691000
2022-07-29,Friday,3002000,4538000,Journeys_2022.csv,Friday,2022,7,July,3,29,30,0,7540000
2022-07-30,Saturday,2583000,4214000,Journeys_2022.csv,Saturday,2022,7,July,3,30,30,1,6797000
2022-07-31,Sunday,1905000,2995000,Journeys_2022.csv,Sunday,2022,7,July,3,31,30,1,4900000
2022-08-01,Monday,2603000,4170000,Journeys_2022.csv,Monday,2022,8,August,3,1,31,0,6773000
2022-08-02,Tuesday,2932000,4314000,Journeys_2022.csv,Tuesday,2022,8,August,3,2,31,0,7246000
2022-08-03,Wednesday,2982000,4349000,Journeys_2022.csv,Wednesday,2022,8,August,3,3,31,0,7331000
2022-08-04,Thursday,3082000,4398000,Journeys_2022.csv,Thursday,2022,8,August,3,4,31,0,7480000
2022-08-05,Friday,2791000,4548000,Journeys_2022.csv,Friday,2022,8,August,3,5,31,0,7339000
2022-08-06,Saturday,2685000,3998000,Journeys_2022.csv,Saturday,2022,8,August,3,6,31,1,6683000
2022-08-07,Sunday,1900000,3021000,Journeys_2022.csv,Sunday,2022,8,August,3,7,31,1,4921000
2022-08-08,Monday,2560000,4139000,Journeys_2022.csv,Monday,2022,8,August,3,8,32,0,6699000
2022-08-09,Tuesday,2900000,4257000,Journeys_2022.csv,Tuesday,2022,8,August,3,9,32,0,7157000
2022-08-10,Wednesday,2971000,4257000,Journeys_2022.csv,Wednesday,2022,8,August,3,10,32,0,7228000
2022-08-11,Thursday,2967000,4216000,Journeys_2022.csv,Thursday,2022,8,August,3,11,32,0,7183000
2022-08-12,Friday,2590000,3732000,Journeys_2022.csv,Friday,2022,8,August,3,12,32,0,6322000
2022-08-13,Saturday,2391000,3912000,Journeys_2022.csv,Saturday,2022,8,August,3,13,32,1,6303000
2022-08-14,Sunday,1766000,2908000,Journeys_2022.csv,Sunday,2022,8,August,3,14,32,1,4674000
2022-08-15,Monday,2522000,4053000,Journeys_2022.csv,Monday,2022,8,August,3,15,33,0,6575000
2022-08-16,Tuesday,3011000,4158000,Journeys_2022.csv,Tuesday,2022,8,August,3,16,33,0,7169000
2022-08-17,Wednesday,3108000,4180000,Journeys_2022.csv,Wednesday,2022,8,August,3,17,33,0,7288000
2022-08-18,Thursday,2399000,4574000,Journeys_2022.csv,Thursday,2022,8,August,3,18,33,0,6973000
2022-08-19,Friday,272000,4616000,Journeys_2022.csv,Friday,2022,8,August,3,19,33,0,4888000
2022-08-20,Saturday,2019000,3928000,Journeys_2022.csv,Saturday,2022,8,August,3,20,33,1,5947000
2022-08-21,Sunday,1852000,2935000,Journeys_2022.csv,Sunday,2022,8,August,3,21,33,1,4787000
2022-08-22,Monday,2526000,4108000,Journeys_2022.csv,Monday,2022,8,August,3,22,34,0,6634000
2022-08-23,Tuesday,2880000,4279000,Journeys_2022.csv,Tuesday,2022,8,August,3,23,34,0,7159000
2022-08-24,Wednesday,2928000,4322000,Journeys_2022.csv,Wednesday,2022,8,August,3,24,34,0,7250000
2022-08-25,Thursday,2873000,4214000,Journeys_2022.csv,Thursday,2022,8,August,3,25,34,0,7087000
2022-08-26,Friday,2750000,4465000,Journeys_2022.csv,Friday,2022,8,August,3,26,34,0,7215000
2022-08-27,Saturday,2643000,3947000,Journeys_2022.csv,Saturday,2022,8,August,3,27,34,1,6590000
2022-08-28,Sunday,2052000,2937000,Journeys_2022.csv,Sunday,2022,8,August,3,28,34,1,4989000
2022-08-29,Monday,1950000,2937000,Journeys_2022.csv,Monday,2022,8,August,3,29,35,0,4887000
2022-08-30,Tuesday,2738000,4301000,Journeys_2022.csv,Tuesday,2022,8,August,3,30,35,0,7039000
2022-08-31,Wednesday,2987000,4397000,Journeys_2022.csv,Wednesday,2022,8,August,3,31,35,0,7384000
2022-09-01,Thursday,2980000,4432000,Journeys_2022.csv,Thursday,2022,9,September,3,1,35,0,7412000
2022-09-02,Friday,2792000,4596000,Journeys_2022.csv,Friday,2022,9,September,3,2,35,0,7388000
2022-09-03,Saturday,2650000,4134000,Journeys_2022.csv,Saturday,2022,9,September,3,3,35,1,6784000
2022-09-04,Sunday,1743000,3026000,Journeys_2022.csv,Sunday,2022,9,September,3,4,35,1,4769000
2022-09-05,Monday,2552000,4722000,Journeys_2022.csv,Monday,2022,9,September,3,5,36,0,7274000
2022-09-06,Tuesday,2953000,4902000,Journeys_2022.csv,Tuesday,2022,9,September,3,6,36,0,7855000
2022-09-07,Wednesday,3117000,5071000,Journeys_2022.csv,Wednesday,2022,9,September,3,7,36,0,8188000
2022-09-08,Thursday,3253000,4982000,Journeys_2022.csv,Thursday,2022,9,September,3,8,36,0,8235000
2022-09-09,Friday,2941000,5051000,Journeys_2022.csv,Friday,2022,9,September,3,9,36,0,7992000
2022-09-10,Saturday,2705000,4064000,Journeys_2022.csv,Saturday,2022,9,September,3,10,36,1,6769000
2022-09-11,Sunday,1932000,3086000,Journeys_2022.csv,Sunday,2022,9,September,3,11,36,1,5018000
2022-09-12,Monday,2740000,5035000,Journeys_2022.csv,Monday,2022,9,September,3,12,37,0,7775000
2022-09-13,Tuesday,3198000,5147000,Journeys_2022.csv,Tuesday,2022,9,September,3,13,37,0,8345000
2022-09-14,Wednesday,3380000,5147000,Journeys_2022.csv,Wednesday,2022,9,September,3,14,37,0,8527000
2022-09-15,Thursday,3214000,5171000,Journeys_2022.csv,Thursday,2022,9,September,3,15,37,0,8385000
2022-09-16,Friday,3220000,5306000,Journeys_2022.csv,Friday,2022,9,September,3,16,37,0,8526000
2022-09-17,Saturday,2934000,4202000,Journeys_2022.csv,Saturday,2022,9,September,3,17,37,1,7136000
2022-09-18,Sunday,2242000,3174000,Journeys_2022.csv,Sunday,2022,9,September,3,18,37,1,5416000
2022-09-19,Monday,1406000,1928000,Journeys_2022.csv,Monday,2022,9,September,3,19,38,0,3334000
2022-09-20,Tuesday,3204000,5298000,Journeys_2022.csv,Tuesday,2022,9,September,3,20,38,0,8502000
2022-09-21,Wednesday,3338000,5252000,Journeys_2022.csv,Wednesday,2022,9,September,3,21,38,0,8590000
2022-09-22,Thursday,3501000,5341000,Journeys_2022.csv,Thursday,2022,9,September,3,22,38,0,8842000
2022-09-23,Friday,3213000,5307000,Journeys_2022.csv,Friday,2022,9,September,3,23,38,0,8520000
2022-09-24,Saturday,2986000,4327000,Journeys_2022.csv,Saturday,2022,9,September,3,24,38,1,7313000
2022-09-25,Sunday,1984000,3139000,Journeys_2022.csv,Sunday,2022,9,September,3,25,38,1,5123000
2022-09-26,Monday,2968000,5033000,Journeys_2022.csv,Monday,2022,9,September,3,26,39,0,8001000
2022-09-27,Tuesday,3280000,5212000,Journeys_2022.csv,Tuesday,2022,9,September,3,27,39,0,8492000
2022-09-28,Wednesday,3442000,5327000,Journeys_2022.csv,Wednesday,2022,9,September,3,28,39,0,8769000
2022-09-29,Thursday,3568000,5368000,Journeys_2022.csv,Thursday,2022,9,September,3,29,39,0,8936000
2022-09-30,Friday,3360000,5333000,Journeys_2022.csv,Friday,2022,9,September,3,30,39,0,8693000
2022-10-01,Saturday,2868000,4781000,Journeys_2022.csv,Saturday,2022,10,October,4,1,39,1,7649000
2022-10-02,Sunday,2261000,3034000,Journeys_2022.csv,Sunday,2022,10,October,4,2,39,1,5295000
2022-10-03,Monday,3050000,5080000,Journeys_2022.csv,Monday,2022,10,October,4,3,40,0,8130000
2022-10-04,Tuesday,3407000,5227000,Journeys_2022.csv,Tuesday,2022,10,October,4,4,40,0,8634000
2022-10-05,Wednesday,2894000,5265000,Journeys_2022.csv,Wednesday,2022,10,October,4,5,40,0,8159000
2022-10-06,Thursday,3660000,5367000,Journeys_2022.csv,Thursday,2022,10,October,4,6,40,0,9027000
2022-10-07,Friday,3542000,5415000,Journeys_2022.csv,Friday,2022,10,October,4,7,40,0,8957000
2022-10-08,Saturday,2829000,4692000,Journeys_2022.csv,Saturday,2022,10,October,4,8,40,1,7521000
2022-10-09,Sunday,2276000,3258000,Journeys_2022.csv,Sunday,2022,10,October,4,9,40,1,5534000
2022-10-10,Monday,3121000,5084000,Journeys_2022.csv,Monday,2022,10,October,4,10,41,0,8205000
2022-10-11,Tuesday,3515000,5304000,Journeys_2022.csv,Tuesday,2022,10,October,4,11,41,0,8819000
2022-10-12,Wednesday,3600000,5269000,Journeys_2022.csv,Wednesday,2022,10,October,4,12,41,0,8869000
2022-10-13,Thursday,3657000,5305000,Journeys_2022.csv,Thursday,2022,10,October,4,13,41,0,8962000
2022-10-14,Friday,3416000,5344000,Journeys_2022.csv,Friday,2022,10,October,4,14,41,0,8760000
2022-10-15,Saturday,3195000,4380000,Journeys_2022.csv,Saturday,2022,10,October,4,15,41,1,7575000
2022-10-16,Sunday,2076000,3137000,Journeys_2022.csv,Sunday,2022,10,October,4,16,41,1,5213000
2022-10-17,Monday,3027000,5014000,Journeys_2022.csv,Monday,2022,10,October,4,17,42,0,8041000
2022-10-18,Tuesday,3457000,5215000,Journeys_2022.csv,Tuesday,2022,10,October,4,18,42,0,8672000
2022-10-19,Wednesday,3524000,5173000,Journeys_2022.csv,Wednesday,2022,10,October,4,19,42,0,8697000
2022-10-20,Thursday,3649000,5096000,Journeys_2022.csv,Thursday,2022,10,October,4,20,42,0,8745000
2022-10-21,Friday,3300000,5143000,Journeys_2022.csv,Friday,2022,10,October,4,21,42,0,8443000
2022-10-22,Saturday,3066000,4264000,Journeys_2022.csv,Saturday,2022,10,October,4,22,42,1,7330000
2022-10-23,Sunday,1975000,2910000,Journeys_2022.csv,Sunday,2022,10,October,4,23,42,1,4885000
2022-10-24,Monday,3060000,4469000,Journeys_2022.csv,Monday,2022,10,October,4,24,43,0,7529000
2022-10-25,Tuesday,3451000,4600000,Journeys_2022.csv,Tuesday,2022,10,October,4,25,43,0,8051000
2022-10-26,Wednesday,3591000,4633000,Journeys_2022.csv,Wednesday,2022,10,October,4,26,43,0,8224000
2022-10-27,Thursday,3704000,4667000,Journeys_2022.csv,Thursday,2022,10,October,4,27,43,0,8371000
2022-10-28,Friday,3481000,4778000,Journeys_2022.csv,Friday,2022,10,October,4,28,43,0,8259000
2022-10-29,Saturday,3160000,4443000,Journeys_2022.csv,Saturday,2022,10,October,4,29,43,1,7603000
2022-10-30,Sunday,2148000,3153000,Journeys_2022.csv,Sunday,2022,10,October,4,30,43,1,5301000
2022-10-31,Monday,3077000,5000000,Journeys_2022.csv,Monday,2022,10,October,4,31,44,0,8077000
2022-11-01,Tuesday,3473000,5084000,Journeys_2022.csv,Tuesday,2022,11,November,4,1,44,0,8557000
2022-11-02,Wednesday,3635000,5238000,Journeys_2022.csv,Wednesday,2022,11,November,4,2,44,0,8873000
2022-11-03,Thursday,3537000,5100000,Journeys_2022.csv,Thursday,2022,11,November,4,3,44,0,8637000
2022-11-04,Friday,3412000,5350000,Journeys_2022.csv,Friday,2022,11,November,4,4,44,0,8762000
2022-11-05,Saturday,2660000,4419000,Journeys_2022.csv,Saturday,2022,11,November,4,5,44,1,7079000
2022-11-06,Sunday,1944000,2855000,Journeys_2022.csv,Sunday,2022,11,November,4,6,44,1,4799000
2022-11-07,Monday,2716000,5096000,Journeys_2022.csv,Monday,2022,11,November,4,7,45,0,7812000
2022-11-08,Tuesday,3432000,5250000,Journeys_2022.csv,Tuesday,2022,11,November,4,8,45,0,8682000
2022-11-09,Wednesday,3361000,5285000,Journeys_2022.csv,Wednesday,2022,11,November,4,9,45,0,8646000
2022-11-10,Thursday,461000,5900000,Journeys_2022.csv,Thursday,2022,11,November,4,10,45,0,6361000
2022-11-11,Friday,3172000,5620000,Journeys_2022.csv,Friday,2022,11,November,4,11,45,0,8792000
2022-11-12,Saturday,3359000,4427000,Journeys_2022.csv,Saturday,2022,11,November,4,12,45,1,7786000
2022-11-13,Sunday,2125000,3152000,Journeys_2022.csv,Sunday,2022,11,November,4,13,45,1,5277000
2022-11-14,Monday,3101000,5073000,Journeys_2022.csv,Monday,2022,11,November,4,14,46,0,8174000
2022-11-15,Tuesday,3516000,5132000,Journeys_2022.csv,Tuesday,2022,11,November,4,15,46,0,8648000
2022-11-16,Wednesday,3646000,5316000,Journeys_2022.csv,Wednesday,2022,11,November,4,16,46,0,8962000
2022-11-17,Thursday,3788000,5316000,Journeys_2022.csv,Thursday,2022,11,November,4,17,46,0,9104000
2022-11-18,Friday,3570000,5410000,Journeys_2022.csv,Friday,2022,11,November,4,18,46,0,8980000
2022-11-19,Saturday,3330000,4375000,Journeys_2022.csv,Saturday,2022,11,November,4,19,46,1,7705000
2022-11-20,Sunday,2146000,3141000,Journeys_2022.csv,Sunday,2022,11,November,4,20,46,1,5287000
2022-11-21,Monday,3047000,4880000,Journeys_2022.csv,Monday,2022,11,November,4,21,47,0,7927000
2022-11-22,Tuesday,3563000,5091000,Journeys_2022.csv,Tuesday,2022,11,November,4,22,47,0,8654000
2022-11-23,Wednesday,3614000,5177000,Journeys_2022.csv,Wednesday,2022,11,November,4,23,47,0,8791000
2022-11-24,Thursday,3760000,5239000,Journeys_2022.csv,Thursday,2022,11,November,4,24,47,0,8999000
2022-11-25,Friday,3639000,5243000,Journeys_2022.csv,Friday,2022,11,November,4,25,47,0,8882000
2022-11-26,Saturday,3111000,4301000,Journeys_2022.csv,Saturday,2022,11,November,4,26,47,1,7412000
2022-11-27,Sunday,2120000,3044000,Journeys_2022.csv,Sunday,2022,11,November,4,27,47,1,5164000
2022-11-28,Monday,3140000,5016000,Journeys_2022.csv,Monday,2022,11,November,4,28,48,0,8156000
2022-11-29,Tuesday,3509000,5180000,Journeys_2022.csv,Tuesday,2022,11,November,4,29,48,0,8689000
2022-11-30,Wednesday,3628000,5218000,Journeys_2022.csv,Wednesday,2022,11,November,4,30,48,0,8846000
2022-12-01,Thursday,3903000,5134000,Journeys_2022.csv,Thursday,2022,12,December,4,1,48,0,9037000
2022-12-02,Friday,3752000,5202000,Journeys_2022.csv,Friday,2022,12,December,4,2,48,0,8954000
2022-12-03,Saturday,3478000,4218000,Journeys_2022.csv,Saturday,2022,12,December,4,3,48,1,7696000
2022-12-04,Sunday,2291000,3108000,Journeys_2022.csv,Sunday,2022,12,December,4,4,48,1,5399000
2022-12-05,Monday,3231000,5010000,Journeys_2022.csv,Monday,2022,12,December,4,5,49,0,8241000
2022-12-06,Tuesday,3751000,5219000,Journeys_2022.csv,Tuesday,2022,12,December,4,6,49,0,8970000
2022-12-07,Wednesday,3885000,5249000,Journeys_2022.csv,Wednesday,2022,12,December,4,7,49,0,9134000
2022-12-08,Thursday,4032000,5264000,Journeys_2022.csv,Thursday,2022,12,December,4,8,49,0,9296000
2022-12-09,Friday,3802000,5083000,Journeys_2022.csv,Friday,2022,12,December,4,9,49,0,8885000
2022-12-10,Saturday,3378000,4103000,Journeys_2022.csv,Saturday,2022,12,December,4,10,49,1,7481000
2022-12-11,Sunday,2289000,2929000,Journeys_2022.csv,Sunday,2022,12,December,4,11,49,1,5218000
2022-12-12,Monday,2695000,4679000,Journeys_2022.csv,Monday,2022,12,December,4,12,50,0,7374000
2022-12-13,Tuesday,2680000,5115000,Journeys_2022.csv,Tuesday,2022,12,December,4,13,50,0,7795000
2022-12-14,Wednesday,2791000,5211000,Journeys_2022.csv,Wednesday,2022,12,December,4,14,50,0,8002000
2022-12-15,Thursday,3415000,5134000,Journeys_2022.csv,Thursday,2022,12,December,4,15,50,0,8549000
2022-12-16,Friday,2980000,5183000,Journeys_2022.csv,Friday,2022,12,December,4,16,50,0,8163000
2022-12-17,Saturday,2680000,4124000,Journeys_2022.csv,Saturday,2022,12,December,4,17,50,1,6804000
2022-12-18,Sunday,1892000,2832000,Journeys_2022.csv,Sunday,2022,12,December,4,18,50,1,4724000
2022-12-19,Monday,2966000,4282000,Journeys_2022.csv,Monday,2022,12,December,4,19,51,0,7248000
2022-12-20,Tuesday,3234000,4600000,Journeys_2022.csv,Tuesday,2022,12,December,4,20,51,0,7834000
2022-12-21,Wednesday,3081000,4462000,Journeys_2022.csv,Wednesday,2022,12,December,4,21,51,0,7543000
2022-12-22,Thursday,2847000,4345000,Journeys_2022.csv,Thursday,2022,12,December,4,22,51,0,7192000
2022-12-23,Friday,2471000,4251000,Journeys_2022.csv,Friday,2022,12,December,4,23,51,0,6722000
2022-12-24,Saturday,1417000,3337000,Journeys_2022.csv,Saturday,2022,12,December,4,24,51,1,4754000
2022-12-25,Sunday,0,1000,Journeys_2022.csv,Sunday,2022,12,December,4,25,51,1,1000
2022-12-26,Monday,1311000,2560000,Journeys_2022.csv,Monday,2022,12,December,4,26,52,0,3871000
2022-12-27,Tuesday,1917000,2958000,Journeys_2022.csv,Tuesday,2022,12,December,4,27,52,0,4875000
2022-12-28,Wednesday,2286000,3486000,Journeys_2022.csv,Wednesday,2022,12,December,4,28,52,0,5772000
2022-12-29,Thursday,2653000,3949000,Journeys_2022.csv,Thursday,2022,12,December,4,29,52,0,6602000
2022-12-30,Friday,2583000,3968000,Journeys_2022.csv,Friday,2022,12,December,4,30,52,0,6551000
2022-12-31,Saturday,2648000,3457000,Journeys_2022.csv,Saturday,2022,12,December,4,31,52,1,6105000
2023-01-01,Sunday,1494000,2149000,Journeys_2023.csv,Sunday,2023,1,January,1,1,52,1,3643000
2023-01-02,Monday,1918000,2959000,Journeys_2023.csv,Monday,2023,1,January,1,2,1,0,4877000
2023-01-03,Tuesday,2255000,4227000,Journeys_2023.csv,Tuesday,2023,1,January,1,3,1,0,6482000
2023-01-04,Wednesday,2387000,4713000,Journeys_2023.csv,Wednesday,2023,1,January,1,4,1,0,7100000
2023-01-05,Thursday,2519000,4830000,Journeys_2023.csv,Thursday,2023,1,January,1,5,1,0,7349000
2023-01-06,Friday,2517000,5148000,Journeys_2023.csv,Friday,2023,1,January,1,6,1,0,7665000
2023-01-07,Saturday,2170000,3902000,Journeys_2023.csv,Saturday,2023,1,January,1,7,1,1,6072000
2023-01-08,Sunday,1552000,2675000,Journeys_2023.csv,Sunday,2023,1,January,1,8,1,1,4227000
2023-01-09,Monday,2750000,4853000,Journeys_2023.csv,Monday,2023,1,January,1,9,2,0,7603000
2023-01-10,Tuesday,3173000,4783000,Journeys_2023.csv,Tuesday,2023,1,January,1,10,2,0,7956000
2023-01-11,Wednesday,3283000,5036000,Journeys_2023.csv,Wednesday,2023,1,January,1,11,2,0,8319000
2023-01-12,Thursday,3458000,4917000,Journeys_2023.csv,Thursday,2023,1,January,1,12,2,0,8375000
2023-01-13,Friday,3128000,5196000,Journeys_2023.csv,Friday,2023,1,January,1,13,2,0,8324000
2023-01-14,Saturday,2622000,3942000,Journeys_2023.csv,Saturday,2023,1,January,1,14,2,1,6564000
2023-01-15,Sunday,1924000,2967000,Journeys_2023.csv,Sunday,2023,1,January,1,15,2,1,4891000
2023-01-16,Monday,2902000,4807000,Journeys_2023.csv,Monday,2023,1,January,1,16,3,0,7709000
2023-01-17,Tuesday,3277000,5038000,Journeys_2023.csv,Tuesday,2023,1,January,1,17,3,0,8315000
2023-01-18,Wednesday,3383000,5055000,Journeys_2023.csv,Wednesday,2023,1,January,1,18,3,0,8438000
2023-01-19,Thursday,3533000,5000000,Journeys_2023.csv,Thursday,2023,1,January,1,19,3,0,8533000
2023-01-20,Friday,3215000,5141000,Journeys_2023.csv,Friday,2023,1,January,1,20,3,0,8356000
2023-01-21,Saturday,2963000,4072000,Journeys_2023.csv,Saturday,2023,1,January,1,21,3,1,7035000
2023-01-22,Sunday,1992000,2917000,Journeys_2023.csv,Sunday,2023,1,January,1,22,3,1,4909000
2023-01-23,Monday,2914000,4958000,Journeys_2023.csv,Monday,2023,1,January,1,23,4,0,7872000
2023-01-24,Tuesday,3390000,5051000,Journeys_2023.csv,Tuesday,2023,1,January,1,24,4,0,8441000
2023-01-25,Wednesday,3492000,4993000,Journeys_2023.csv,Wednesday,2023,1,January,1,25,4,0,8485000
2023-01-26,Thursday,3629000,5089000,Journeys_2023.csv,Thursday,2023,1,January,1,26,4,0,8718000
2023-01-27,Friday,3315000,5223000,Journeys_2023.csv,Friday,2023,1,January,1,27,4,0,8538000
2023-01-28,Saturday,2969000,4196000,Journeys_2023.csv,Saturday,2023,1,January,1,28,4,1,7165000
2023-01-29,Sunday,1872000,2959000,Journeys_2023.csv,Sunday,2023,1,January,1,29,4,1,4831000
2023-01-30,Monday,2961000,4967000,Journeys_2023.csv,Monday,2023,1,January,1,30,5,0,7928000
2023-01-31,Tuesday,3408000,5150000,Journeys_2023.csv,Tuesday,2023,1,January,1,31,5,0,8558000
2023-02-01,Wednesday,2772000,4714000,Journeys_2023.csv,Wednesday,2023,2,February,1,1,5,0,7486000
2023-02-02,Thursday,3415000,5133000,Journeys_2023.csv,Thursday,2023,2,February,1,2,5,0,8548000
2023-02-03,Friday,2957000,5328000,Journeys_2023.csv,Friday,2023,2,February,1,3,5,0,8285000
2023-02-04,Saturday,2979000,4274000,Journeys_2023.csv,Saturday,2023,2,February,1,4,5,1,7253000
2023-02-05,Sunday,2015000,3159000,Journeys_2023.csv,Sunday,2023,2,February,1,5,5,1,5174000
2023-02-06,Monday,2995000,4956000,Journeys_2023.csv,Monday,2023,2,February,1,6,6,0,7951000
2023-02-07,Tuesday,3430000,5110000,Journeys_2023.csv,Tuesday,2023,2,February,1,7,6,0,8540000
2023-02-08,Wednesday,3489000,5139000,Journeys_2023.csv,Wednesday,2023,2,February,1,8,6,0,8628000
2023-02-09,Thursday,3569000,5139000,Journeys_2023.csv,Thursday,2023,2,February,1,9,6,0,8708000
2023-02-10,Friday,3245000,5157000,Journeys_2023.csv,Friday,2023,2,February,1,10,6,0,8402000
2023-02-11,Saturday,3026000,4147000,Journeys_2023.csv,Saturday,2023,2,February,1,11,6,1,7173000
2023-02-12,Sunday,2036000,3054000,Journeys_2023.csv,Sunday,2023,2,February,1,12,6,1,5090000
2023-02-13,Monday,3033000,4448000,Journeys_2023.csv,Monday,2023,2,February,1,13,7,0,7481000
2023-02-14,Tuesday,3521000,4697000,Journeys_2023.csv,Tuesday,2023,2,February,1,14,7,0,8218000
2023-02-15,Wednesday,3534000,4574000,Journeys_2023.csv,Wednesday,2023,2,February,1,15,7,0,8108000
2023-02-16,Thursday,3539000,4503000,Journeys_2023.csv,Thursday,2023,2,February,1,16,7,0,8042000
2023-02-17,Friday,3252000,4635000,Journeys_2023.csv,Friday,2023,2,February,1,17,7,0,7887000
2023-02-18,Saturday,2829000,4168000,Journeys_2023.csv,Saturday,2023,2,February,1,18,7,1,6997000
2023-02-19,Sunday,1908000,3156000,Journeys_2023.csv,Sunday,2023,2,February,1,19,7,1,5064000
2023-02-20,Monday,3009000,4903000,Journeys_2023.csv,Monday,2023,2,February,1,20,8,0,7912000
2023-02-21,Tuesday,3479000,5170000,Journeys_2023.csv,Tuesday,2023,2,February,1,21,8,0,8649000
2023-02-22,Wednesday,3575000,5185000,Journeys_2023.csv,Wednesday,2023,2,February,1,22,8,0,8760000
2023-02-23,Thursday,3718000,5234000,Journeys_2023.csv,Thursday,2023,2,February,1,23,8,0,8952000
2023-02-24,Friday,3443000,5319000,Journeys_2023.csv,Friday,2023,2,February,1,24,8,0,8762000
2023-02-25,Saturday,3111000,4334000,Journeys_2023.csv,Saturday,2023,2,February,1,25,8,1,7445000
2023-02-26,Sunday,2116000,3125000,Journeys_2023.csv,Sunday,2023,2,February,1,26,8,1,5241000
2023-02-27,Monday,3023000,4979000,Journeys_2023.csv,Monday,2023,2,February,1,27,9,0,8002000
2023-02-28,Tuesday,3468000,5180000,Journeys_2023.csv,Tuesday,2023,2,February,1,28,9,0,8648000
2023-03-01,Wednesday,3543000,5211000,Journeys_2023.csv,Wednesday,2023,3,March,1,1,9,0,8754000
2023-03-02,Thursday,3587000,4995000,Journeys_2023.csv,Thursday,2023,3,March,1,2,9,0,8582000
2023-03-03,Friday,3327000,5288000,Journeys_2023.csv,Friday,2023,3,March,1,3,9,0,8615000
2023-03-04,Saturday,3093000,4235000,Journeys_2023.csv,Saturday,2023,3,March,1,4,9,1,7328000
2023-03-05,Sunday,1936000,3053000,Journeys_2023.csv,Sunday,2023,3,March,1,5,9,1,4989000
2023-03-06,Monday,3035000,5006000,Journeys_2023.csv,Monday,2023,3,March,1,6,10,0,8041000
2023-03-07,Tuesday,3483000,5135000,Journeys_2023.csv,Tuesday,2023,3,March,1,7,10,0,8618000
2023-03-08,Wednesday,3483000,5008000,Journeys_2023.csv,Wednesday,2023,3,March,1,8,10,0,8491000
2023-03-09,Thursday,3562000,5132000,Journeys_2023.csv,Thursday,2023,3,March,1,9,10,0,8694000
2023-03-10,Friday,3327000,5266000,Journeys_2023.csv,Friday,2023,3,March,1,10,10,0,8593000
2023-03-11,Saturday,3040000,4312000,Journeys_2023.csv,Saturday,2023,3,March,1,11,10,1,7352000
2023-03-12,Sunday,2072000,3097000,Journeys_2023.csv,Sunday,2023,3,March,1,12,10,1,5169000
2023-03-13,Monday,3097000,5014000,Journeys_2023.csv,Monday,2023,3,March,1,13,11,0,8111000
2023-03-14,Tuesday,3589000,5281000,Journeys_2023.csv,Tuesday,2023,3,March,1,14,11,0,8870000
2023-03-15,Wednesday,411000,5514000,Journeys_2023.csv,Wednesday,2023,3,March,1,15,11,0,5925000
2023-03-16,Thursday,2555000,5181000,Journeys_2023.csv,Thursday,2023,3,March,1,16,11,0,7736000
2023-03-17,Friday,3343000,5378000,Journeys_2023.csv,Friday,2023,3,March,1,17,11,0,8721000
2023-03-18,Saturday,2769000,4508000,Journeys_2023.csv,Saturday,2023,3,March,1,18,11,1,7277000
2023-03-19,Sunday,2098000,3185000,Journeys_2023.csv,Sunday,2023,3,March,1,19,11,1,5283000
2023-03-20,Monday,3064000,5039000,Journeys_2023.csv,Monday,2023,3,March,1,20,12,0,8103000
2023-03-21,Tuesday,3513000,5258000,Journeys_2023.csv,Tuesday,2023,3,March,1,21,12,0,8771000
2023-03-22,Wednesday,3550000,5278000,Journeys_2023.csv,Wednesday,2023,3,March,1,22,12,0,8828000
2023-03-23,Thursday,3673000,5261000,Journeys_2023.csv,Thursday,2023,3,March,1,23,12,0,8934000
2023-03-24,Friday,3342000,5270000,Journeys_2023.csv,Friday,2023,3,March,1,24,12,0,8612000
2023-03-25,Saturday,2962000,4407000,Journeys_2023.csv,Saturday,2023,3,March,1,25,12,1,7369000
2023-03-26,Sunday,1925000,2945000,Journeys_2023.csv,Sunday,2023,3,March,1,26,12,1,4870000
2023-03-27,Monday,3003000,5013000,Journeys_2023.csv,Monday,2023,3,March,1,27,13,0,8016000
2023-03-28,Tuesday,3443000,5062000,Journeys_2023.csv,Tuesday,2023,3,March,1,28,13,0,8505000
2023-03-29,Wednesday,3467000,5155000,Journeys_2023.csv,Wednesday,2023,3,March,1,29,13,0,8622000
2023-03-30,Thursday,3337000,5195000,Journeys_2023.csv,Thursday,2023,3,March,1,30,13,0,8532000
2023-03-31,Friday,3202000,5204000,Journeys_2023.csv,Friday,2023,3,March,1,31,13,0,8406000
2023-04-01,Saturday,2907000,4145000,Journeys_2023.csv,Saturday,2023,4,April,2,1,13,1,7052000
2023-04-02,Sunday,2276000,3136000,Journeys_2023.csv,Sunday,2023,4,April,2,2,13,1,5412000
2023-04-03,Monday,3007000,4503000,Journeys_2023.csv,Monday,2023,4,April,2,3,14,0,7510000
2023-04-04,Tuesday,3483000,4724000,Journeys_2023.csv,Tuesday,2023,4,April,2,4,14,0,8207000
2023-04-05,Wednesday,3471000,4656000,Journeys_2023.csv,Wednesday,2023,4,April,2,5,14,0,8127000
2023-04-06,Thursday,3468000,4694000,Journeys_2023.csv,Thursday,2023,4,April,2,6,14,0,8162000
2023-04-07,Friday,2497000,3981000,Journeys_2023.csv,Friday,2023,4,April,2,7,14,0,6478000
2023-04-08,Saturday,2651000,4064000,Journeys_2023.csv,Saturday,2023,4,April,2,8,14,1,6715000
2023-04-09,Sunday,1790000,2900000,Journeys_2023.csv,Sunday,2023,4,April,2,9,14,1,4690000
2023-04-10,Monday,1770000,2929000,Journeys_2023.csv,Monday,2023,4,April,2,10,15,0,4699000
2023-04-11,Tuesday,3098000,4503000,Journeys_2023.csv,Tuesday,2023,4,April,2,11,15,0,7601000
2023-04-12,Wednesday,3293000,4456000,Journeys_2023.csv,Wednesday,2023,4,April,2,12,15,0,7749000
2023-04-13,Thursday,3457000,4670000,Journeys_2023.csv,Thursday,2023,4,April,2,13,15,0,8127000
2023-04-14,Friday,3145000,4581000,Journeys_2023.csv,Friday,2023,4,April,2,14,15,0,7726000
2023-04-15,Saturday,2871000,4229000,Journeys_2023.csv,Saturday,2023,4,April,2,15,15,1,7100000
2023-04-16,Sunday,1877000,3100000,Journeys_2023.csv,Sunday,2023,4,April,2,16,15,1,4977000
2023-04-17,Monday,2919000,4923000,Journeys_2023.csv,Monday,2023,4,April,2,17,16,0,7842000
2023-04-18,Tuesday,3423000,5174000,Journeys_2023.csv,Tuesday,2023,4,April,2,18,16,0,8597000
2023-04-19,Wednesday,3530000,5280000,Journeys_2023.csv,Wednesday,2023,4,April,2,19,16,0,8810000
2023-04-20,Thursday,3803000,5403000,Journeys_2023.csv,Thursday,2023,4,April,2,20,16,0,9206000
2023-04-21,Friday,3389000,5144000,Journeys_2023.csv,Friday,2023,4,April,2,21,16,0,8533000
2023-04-22,Saturday,3255000,4316000,Journeys_2023.csv,Saturday,2023,4,April,2,22,16,1,7571000
2023-04-23,Sunday,2478000,2975000,Journeys_2023.csv,Sunday,2023,4,April,2,23,16,1,5453000
2023-04-24,Monday,3145000,5086000,Journeys_2023.csv,Monday,2023,4,April,2,24,17,0,8231000
2023-04-25,Tuesday,3605000,5371000,Journeys_2023.csv,Tuesday,2023,4,April,2,25,17,0,8976000
2023-04-26,Wednesday,3704000,5320000,Journeys_2023.csv,Wednesday,2023,4,April,2,26,17,0,9024000
2023-04-27,Thursday,3770000,5124000,Journeys_2023.csv,Thursday,2023,4,April,2,27,17,0,8894000
2023-04-28,Friday,3400000,5466000,Journeys_2023.csv,Friday,2023,4,April,2,28,17,0,8866000
2023-04-29,Saturday,3140000,4668000,Journeys_2023.csv,Saturday,2023,4,April,2,29,17,1,7808000
2023-04-30,Sunday,2260000,3529000,Journeys_2023.csv,Sunday,2023,4,April,2,30,17,1,5789000
2023-05-01,Monday,2114000,3343000,Journeys_2023.csv,Monday,2023,5,May,2,1,18,0,5457000
2023-05-02,Tuesday,3373000,5014000,Journeys_2023.csv,Tuesday,2023,5,May,2,2,18,0,8387000
2023-05-03,Wednesday,3474000,5430000,Journeys_2023.csv,Wednesday,2023,5,May,2,3,18,0,8904000
2023-05-04,Thursday,3598000,5403000,Journeys_2023.csv,Thursday,2023,5,May,2,4,18,0,9001000
2023-05-05,Friday,3310000,5447000,Journeys_2023.csv,Friday,2023,5,May,2,5,18,0,8757000
2023-05-06,Saturday,2585000,3652000,Journeys_2023.csv,Saturday,2023,5,May,2,6,18,1,6237000
2023-05-07,Sunday,2204000,3443000,Journeys_2023.csv,Sunday,2023,5,May,2,7,18,1,5647000
2023-05-08,Monday,1865000,3113000,Journeys_2023.csv,Monday,2023,5,May,2,8,19,0,4978000
2023-05-09,Tuesday,3276000,5284000,Journeys_2023.csv,Tuesday,2023,5,May,2,9,19,0,8560000
2023-05-10,Wednesday,3482000,5361000,Journeys_2023.csv,Wednesday,2023,5,May,2,10,19,0,8843000
2023-05-11,Thursday,3679000,5345000,Journeys_2023.csv,Thursday,2023,5,May,2,11,19,0,9024000
2023-05-12,Friday,2980000,5518000,Journeys_2023.csv,Friday,2023,5,May,2,12,19,0,8498000
2023-05-13,Saturday,2779000,4506000,Journeys_2023.csv,Saturday,2023,5,May,2,13,19,1,7285000
2023-05-14,Sunday,2075000,3316000,Journeys_2023.csv,Sunday,2023,5,May,2,14,19,1,5391000
2023-05-15,Monday,3056000,5104000,Journeys_2023.csv,Monday,2023,5,May,2,15,20,0,8160000
2023-05-16,Tuesday,3542000,5334000,Journeys_2023.csv,Tuesday,2023,5,May,2,16,20,0,8876000
2023-05-17,Wednesday,3581000,5311000,Journeys_2023.csv,Wednesday,2023,5,May,2,17,20,0,8892000
2023-05-18,Thursday,3780000,5367000,Journeys_2023.csv,Thursday,2023,5,May,2,18,20,0,9147000
2023-05-19,Friday,3474000,5432000,Journeys_2023.csv,Friday,2023,5,May,2,19,20,0,8906000
2023-05-20,Saturday,3145000,4436000,Journeys_2023.csv,Saturday,2023,5,May,2,20,20,1,7581000
2023-05-21,Sunday,2116000,3194000,Journeys_2023.csv,Sunday,2023,5,May,2,21,20,1,5310000
2023-05-22,Monday,3050000,5077000,Journeys_2023.csv,Monday,2023,5,May,2,22,21,0,8127000
2023-05-23,Tuesday,3524000,5257000,Journeys_2023.csv,Tuesday,2023,5,May,2,23,21,0,8781000
2023-05-24,Wednesday,3584000,5296000,Journeys_2023.csv,Wednesday,2023,5,May,2,24,21,0,8880000
2023-05-25,Thursday,3724000,5314000,Journeys_2023.csv,Thursday,2023,5,May,2,25,21,0,9038000
2023-05-26,Friday,3383000,5372000,Journeys_2023.csv,Friday,2023,5,May,2,26,21,0,8755000
2023-05-27,Saturday,3061000,4390000,Journeys_2023.csv,Saturday,2023,5,May,2,27,21,1,7451000
2023-05-28,Sunday,2599000,3406000,Journeys_2023.csv,Sunday,2023,5,May,2,28,21,1,6005000
2023-05-29,Monday,2264000,3375000,Journeys_2023.csv,Monday,2023,5,May,2,29,22,0,5639000
2023-05-30,Tuesday,3404000,4661000,Journeys_2023.csv,Tuesday,2023,5,May,2,30,22,0,8065000
2023-05-31,Wednesday,3004000,4830000,Journeys_2023.csv,Wednesday,2023,5,May,2,31,22,0,7834000
2023-06-01,Thursday,3622000,4784000,Journeys_2023.csv,Thursday,2023,6,June,2,1,22,0,8406000
2023-06-02,Friday,3101000,4997000,Journeys_2023.csv,Friday,2023,6,June,2,2,22,0,8098000
2023-06-03,Saturday,2677000,4499000,Journeys_2023.csv,Saturday,2023,6,June,2,3,22,1,7176000
2023-06-04,Sunday,1997000,3353000,Journeys_2023.csv,Sunday,2023,6,June,2,4,22,1,5350000
2023-06-05,Monday,2970000,5030000,Journeys_2023.csv,Monday,2023,6,June,2,5,23,0,8000000
2023-06-06,Tuesday,3467000,5260000,Journeys_2023.csv,Tuesday,2023,6,June,2,6,23,0,8727000
2023-06-07,Wednesday,3616000,5361000,Journeys_2023.csv,Wednesday,2023,6,June,2,7,23,0,8977000
2023-06-08,Thursday,3704000,5340000,Journeys_2023.csv,Thursday,2023,6,June,2,8,23,0,9044000
2023-06-09,Friday,3323000,5451000,Journeys_2023.csv,Friday,2023,6,June,2,9,23,0,8774000
2023-06-10,Saturday,2871000,4488000,Journeys_2023.csv,Saturday,2023,6,June,2,10,23,1,7359000
2023-06-11,Sunday,2080000,3259000,Journeys_2023.csv,Sunday,2023,6,June,2,11,23,1,5339000
2023-06-12,Monday,3032000,5016000,Journeys_2023.csv,Monday,2023,6,June,2,12,24,0,8048000
2023-06-13,Tuesday,3656000,5337000,Journeys_2023.csv,Tuesday,2023,6,June,2,13,24,0,8993000
2023-06-14,Wednesday,3720000,5361000,Journeys_2023.csv,Wednesday,2023,6,June,2,14,24,0,9081000
2023-06-15,Thursday,3740000,5307000,Journeys_2023.csv,Thursday,2023,6,June,2,15,24,0,9047000
2023-06-16,Friday,3555000,5470000,Journeys_2023.csv,Friday,2023,6,June,2,16,24,0,9025000
2023-06-17,Saturday,3257000,4432000,Journeys_2023.csv,Saturday,2023,6,June,2,17,24,1,7689000
2023-06-18,Sunday,2151000,3258000,Journeys_2023.csv,Sunday,2023,6,June,2,18,24,1,5409000
2023-06-19,Monday,3141000,5104000,Journeys_2023.csv,Monday,2023,6,June,2,19,25,0,8245000
2023-06-20,Tuesday,3524000,5211000,Journeys_2023.csv,Tuesday,2023,6,June,2,20,25,0,8735000
2023-06-21,Wednesday,3608000,5318000,Journeys_2023.csv,Wednesday,2023,6,June,2,21,25,0,8926000
2023-06-22,Thursday,3668000,5262000,Journeys_2023.csv,Thursday,2023,6,June,2,22,25,0,8930000
2023-06-23,Friday,3325000,5394000,Journeys_2023.csv,Friday,2023,6,June,2,23,25,0,8719000
2023-06-24,Saturday,3004000,4389000,Journeys_2023.csv,Saturday,2023,6,June,2,24,25,1,7393000
2023-06-25,Sunday,2219000,3325000,Journeys_2023.csv,Sunday,2023,6,June,2,25,25,1,5544000
2023-06-26,Monday,3157000,5089000,Journeys_2023.csv,Monday,2023,6,June,2,26,26,0,8246000
2023-06-27,Tuesday,3579000,5260000,Journeys_2023.csv,Tuesday,2023,6,June,2,27,26,0,8839000
2023-06-28,Wednesday,3628000,5169000,Journeys_2023.csv,Wednesday,2023,6,June,2,28,26,0,8797000
2023-06-29,Thursday,3850000,5260000,Journeys_2023.csv,Thursday,2023,6,June,2,29,26,0,9110000
2023-06-30,Friday,3636000,5396000,Journeys_2023.csv,Friday,2023,6,June,2,30,26,0,9032000
2023-07-01,Saturday,3520000,4427000,Journeys_2023.csv,Saturday,2023,7,July,3,1,26,1,7947000
2023-07-02,Sunday,2349000,3416000,Journeys_2023.csv,Sunday,2023,7,July,3,2,26,1,5765000
2023-07-03,Monday,3243000,5111000,Journeys_2023.csv,Monday,2023,7,July,3,3,27,0,8354000
2023-07-04,Tuesday,3650000,5205000,Journeys_2023.csv,Tuesday,2023,7,July,3,4,27,0,8855000
2023-07-05,Wednesday,3780000,5133000,Journeys_2023.csv,Wednesday,2023,7,July,3,5,27,0,8913000
2023-07-06,Thursday,3927000,5355000,Journeys_2023.csv,Thursday,2023,7,July,3,6,27,0,9282000
2023-07-07,Friday,3701000,5180000,Journeys_2023.csv,Friday,2023,7,July,3,7,27,0,8881000
2023-07-08,Saturday,3354000,4277000,Journeys_2023.csv,Saturday,2023,7,July,3,8,27,1,7631000
2023-07-09,Sunday,2463000,3335000,Journeys_2023.csv,Sunday,2023,7,July,3,9,27,1,5798000
2023-07-10,Monday,3195000,5014000,Journeys_2023.csv,Monday,2023,7,July,3,10,28,0,8209000
2023-07-11,Tuesday,3591000,5201000,Journeys_2023.csv,Tuesday,2023,7,July,3,11,28,0,8792000
2023-07-12,Wednesday,3673000,5220000,Journeys_2023.csv,Wednesday,2023,7,July,3,12,28,0,8893000
2023-07-13,Thursday,3717000,5247000,Journeys_2023.csv,Thursday,2023,7,July,3,13,28,0,8964000
2023-07-14,Friday,3304000,5103000,Journeys_2023.csv,Friday,2023,7,July,3,14,28,0,8407000
2023-07-15,Saturday,2952000,4443000,Journeys_2023.csv,Saturday,2023,7,July,3,15,28,1,7395000
2023-07-16,Sunday,2120000,3361000,Journeys_2023.csv,Sunday,2023,7,July,3,16,28,1,5481000
2023-07-17,Monday,3066000,4949000,Journeys_2023.csv,Monday,2023,7,July,3,17,29,0,8015000
2023-07-18,Tuesday,3504000,5122000,Journeys_2023.csv,Tuesday,2023,7,July,3,18,29,0,8626000
2023-07-19,Wednesday,3561000,5126000,Journeys_2023.csv,Wednesday,2023,7,July,3,19,29,0,8687000
2023-07-20,Thursday,3144000,5191000,Journeys_2023.csv,Thursday,2023,7,July,3,20,29,0,8335000
2023-07-21,Friday,3235000,5121000,Journeys_2023.csv,Friday,2023,7,July,3,21,29,0,8356000
2023-07-22,Saturday,2569000,4229000,Journeys_2023.csv,Saturday,2023,7,July,3,22,29,1,6798000
2023-07-23,Sunday,1955000,3358000,Journeys_2023.csv,Sunday,2023,7,July,3,23,29,1,5313000
2023-07-24,Monday,2886000,4464000,Journeys_2023.csv,Monday,2023,7,July,3,24,30,0,7350000
2023-07-25,Tuesday,3290000,4750000,Journeys_2023.csv,Tuesday,2023,7,July,3,25,30,0,8040000
2023-07-26,Wednesday,3353000,4735000,Journeys_2023.csv,Wednesday,2023,7,July,3,26,30,0,8088000
2023-07-27,Thursday,3384000,4620000,Journeys_2023.csv,Thursday,2023,7,July,3,27,30,0,8004000
2023-07-28,Friday,3151000,4744000,Journeys_2023.csv,Friday,2023,7,July,3,28,30,0,7895000
2023-07-29,Saturday,2754000,4429000,Journeys_2023.csv,Saturday,2023,7,July,3,29,30,1,7183000
2023-07-30,Sunday,2029000,3227000,Journeys_2023.csv,Sunday,2023,7,July,3,30,30,1,5256000
2023-07-31,Monday,2895000,4420000,Journeys_2023.csv,Monday,2023,7,July,3,31,31,0,7315000
2023-08-01,Tuesday,3349000,4701000,Journeys_2023.csv,Tuesday,2023,8,August,3,1,31,0,8050000
2023-08-02,Wednesday,3404000,4464000,Journeys_2023.csv,Wednesday,2023,8,August,3,2,31,0,7868000
2023-08-03,Thursday,3476000,4710000,Journeys_2023.csv,Thursday,2023,8,August,3,3,31,0,8186000
2023-08-04,Friday,3109000,4684000,Journeys_2023.csv,Friday,2023,8,August,3,4,31,0,7793000
2023-08-05,Saturday,2724000,3874000,Journeys_2023.csv,Saturday,2023,8,August,3,5,31,1,6598000
2023-08-06,Sunday,2262000,3302000,Journeys_2023.csv,Sunday,2023,8,August,3,6,31,1,5564000
2023-08-07,Monday,2854000,4455000,Journeys_2023.csv,Monday,2023,8,August,3,7,32,0,7309000
2023-08-08,Tuesday,3259000,4426000,Journeys_2023.csv,Tuesday,2023,8,August,3,8,32,0,7685000
2023-08-09,Wednesday,3383000,4709000,Journeys_2023.csv,Wednesday,2023,8,August,3,9,32,0,8092000
2023-08-10,Thursday,3397000,4643000,Journeys_2023.csv,Thursday,2023,8,August,3,10,32,0,8040000
2023-08-11,Friday,3044000,4623000,Journeys_2023.csv,Friday,2023,8,August,3,11,32,0,7667000
2023-08-12,Saturday,2906000,4152000,Journeys_2023.csv,Saturday,2023,8,August,3,12,32,1,7058000
2023-08-13,Sunday,2045000,3218000,Journeys_2023.csv,Sunday,2023,8,August,3,13,32,1,5263000
2023-08-14,Monday,2809000,4312000,Journeys_2023.csv,Monday,2023,8,August,3,14,33,0,7121000
2023-08-15,Tuesday,3264000,4603000,Journeys_2023.csv,Tuesday,2023,8,August,3,15,33,0,7867000
2023-08-16,Wednesday,3303000,4580000,Journeys_2023.csv,Wednesday,2023,8,August,3,16,33,0,7883000
2023-08-17,Thursday,3372000,4653000,Journeys_2023.csv,Thursday,2023,8,August,3,17,33,0,8025000
2023-08-18,Friday,3118000,4531000,Journeys_2023.csv,Friday,2023,8,August,3,18,33,0,7649000
2023-08-19,Saturday,2858000,4143000,Journeys_2023.csv,Saturday,2023,8,August,3,19,33,1,7001000
2023-08-20,Sunday,2045000,3195000,Journeys_2023.csv,Sunday,2023,8,August,3,20,33,1,5240000
2023-08-21,Monday,2838000,4375000,Journeys_2023.csv,Monday,2023,8,August,3,21,34,0,7213000
2023-08-22,Tuesday,3203000,4551000,Journeys_2023.csv,Tuesday,2023,8,August,3,22,34,0,7754000
2023-08-23,Wednesday,3211000,4550000,Journeys_2023.csv,Wednesday,2023,8,August,3,23,34,0,7761000
2023-08-24,Thursday,3216000,4663000,Journeys_2023.csv,Thursday,2023,8,August,3,24,34,0,7879000
2023-08-25,Friday,3094000,4712000,Journeys_2023.csv,Friday,2023,8,August,3,25,34,0,7806000
2023-08-26,Saturday,2605000,4120000,Journeys_2023.csv,Saturday,2023,8,August,3,26,34,1,6725000
2023-08-27,Sunday,2266000,3351000,Journeys_2023.csv,Sunday,2023,8,August,3,27,34,1,5617000
2023-08-28,Monday,2172000,3343000,Journeys_2023.csv,Monday,2023,8,August,3,28,35,0,5515000
2023-08-29,Tuesday,3022000,4519000,Journeys_2023.csv,Tuesday,2023,8,August,3,29,35,0,7541000
2023-08-30,Wednesday,3240000,4634000,Journeys_2023.csv,Wednesday,2023,8,August,3,30,35,0,7874000
2023-08-31,Thursday,3290000,4593000,Journeys_2023.csv,Thursday,2023,8,August,3,31,35,0,7883000
2023-09-01,Friday,2701000,4897000,Journeys_2023.csv,Friday,2023,9,September,3,1,35,0,7598000
2023-09-02,Saturday,2490000,4456000,Journeys_2023.csv,Saturday,2023,9,September,3,2,35,1,6946000
2023-09-03,Sunday,1904000,3347000,Journeys_2023.csv,Sunday,2023,9,September,3,3,35,1,5251000
2023-09-04,Monday,2834000,4758000,Journeys_2023.csv,Monday,2023,9,September,3,4,36,0,7592000
2023-09-05,Tuesday,3231000,5011000,Journeys_2023.csv,Tuesday,2023,9,September,3,5,36,0,8242000
2023-09-06,Wednesday,3287000,5179000,Journeys_2023.csv,Wednesday,2023,9,September,3,6,36,0,8466000
2023-09-07,Thursday,3442000,5249000,Journeys_2023.csv,Thursday,2023,9,September,3,7,36,0,8691000
2023-09-08,Friday,3086000,5326000,Journeys_2023.csv,Friday,2023,9,September,3,8,36,0,8412000
2023-09-09,Saturday,2717000,4224000,Journeys_2023.csv,Saturday,2023,9,September,3,9,36,1,6941000
2023-09-10,Sunday,1878000,3223000,Journeys_2023.csv,Sunday,2023,9,September,3,10,36,1,5101000
2023-09-11,Monday,2949000,5203000,Journeys_2023.csv,Monday,2023,9,September,3,11,37,0,8152000
2023-09-12,Tuesday,3411000,5404000,Journeys_2023.csv,Tuesday,2023,9,September,3,12,37,0,8815000
2023-09-13,Wednesday,3524000,5441000,Journeys_2023.csv,Wednesday,2023,9,September,3,13,37,0,8965000
2023-09-14,Thursday,3649000,5481000,Journeys_2023.csv,Thursday,2023,9,September,3,14,37,0,9130000
2023-09-15,Friday,3318000,5581000,Journeys_2023.csv,Friday,2023,9,September,3,15,37,0,8899000
2023-09-16,Saturday,2959000,4580000,Journeys_2023.csv,Saturday,2023,9,September,3,16,37,1,7539000
2023-09-17,Sunday,1903000,3272000,Journeys_2023.csv,Sunday,2023,9,September,3,17,37,1,5175000
2023-09-18,Monday,3034000,5317000,Journeys_2023.csv,Monday,2023,9,September,3,18,38,0,8351000
2023-09-19,Tuesday,3523000,5413000,Journeys_2023.csv,Tuesday,2023,9,September,3,19,38,0,8936000
2023-09-20,Wednesday,3592000,5367000,Journeys_2023.csv,Wednesday,2023,9,September,3,20,38,0,8959000
2023-09-21,Thursday,3772000,5505000,Journeys_2023.csv,Thursday,2023,9,September,3,21,38,0,9277000
2023-09-22,Friday,3403000,5600000,Journeys_2023.csv,Friday,2023,9,September,3,22,38,0,9003000
2023-09-23,Saturday,3117000,4524000,Journeys_2023.csv,Saturday,2023,9,September,3,23,38,1,7641000
2023-09-24,Sunday,2208000,3296000,Journeys_2023.csv,Sunday,2023,9,September,3,24,38,1,5504000
2023-09-25,Monday,3151000,5331000,Journeys_2023.csv,Monday,2023,9,September,3,25,39,0,8482000
2023-09-26,Tuesday,3619000,5539000,Journeys_2023.csv,Tuesday,2023,9,September,3,26,39,0,9158000
2023-09-27,Wednesday,3723000,5508000,Journeys_2023.csv,Wednesday,2023,9,September,3,27,39,0,9231000
2023-09-28,Thursday,3840000,5567000,Journeys_2023.csv,Thursday,2023,9,September,3,28,39,0,9407000
2023-09-29,Friday,3556000,5695000,Journeys_2023.csv,Friday,2023,9,September,3,29,39,0,9251000
2023-09-30,Saturday,2954000,4788000,Journeys_2023.csv,Saturday,2023,9,September,3,30,39,1,7742000
2023-10-01,Sunday,2247000,3366000,Journeys_2023.csv,Sunday,2023,10,October,4,1,39,1,5613000
2023-10-02,Monday,3258000,5285000,Journeys_2023.csv,Monday,2023,10,October,4,2,40,0,8543000
2023-10-03,Tuesday,3732000,5515000,Journeys_2023.csv,Tuesday,2023,10,October,4,3,40,0,9247000
2023-10-04,Wednesday,2727000,5501000,Journeys_2023.csv,Wednesday,2023,10,October,4,4,40,0,8228000
2023-10-05,Thursday,3866000,5552000,Journeys_2023.csv,Thursday,2023,10,October,4,5,40,0,9418000
2023-10-06,Friday,3378000,5561000,Journeys_2023.csv,Friday,2023,10,October,4,6,40,0,8939000
2023-10-07,Saturday,3235000,4609000,Journeys_2023.csv,Saturday,2023,10,October,4,7,40,1,7844000
2023-10-08,Sunday,2377000,3434000,Journeys_2023.csv,Sunday,2023,10,October,4,8,40,1,5811000
2023-10-09,Monday,3299000,5289000,Journeys_2023.csv,Monday,2023,10,October,4,9,41,0,8588000
2023-10-10,Tuesday,3746000,5512000,Journeys_2023.csv,Tuesday,2023,10,October,4,10,41,0,9258000
2023-10-11,Wednesday,3802000,5477000,Journeys_2023.csv,Wednesday,2023,10,October,4,11,41,0,9279000
2023-10-12,Thursday,3936000,5484000,Journeys_2023.csv,Thursday,2023,10,October,4,12,41,0,9420000
2023-10-13,Friday,3535000,5438000,Journeys_2023.csv,Friday,2023,10,October,4,13,41,0,8973000
2023-10-14,Saturday,3144000,4553000,Journeys_2023.csv,Saturday,2023,10,October,4,14,41,1,7697000
2023-10-15,Sunday,2160000,3431000,Journeys_2023.csv,Sunday,2023,10,October,4,15,41,1,5591000
2023-10-16,Monday,3241000,5180000,Journeys_2023.csv,Monday,2023,10,October,4,16,42,0,8421000
2023-10-17,Tuesday,3774000,5413000,Journeys_2023.csv,Tuesday,2023,10,October,4,17,42,0,9187000
2023-10-18,Wednesday,3717000,5282000,Journeys_2023.csv,Wednesday,2023,10,October,4,18,42,0,8999000
2023-10-19,Thursday,3803000,5377000,Journeys_2023.csv,Thursday,2023,10,October,4,19,42,0,9180000
2023-10-20,Friday,3382000,5285000,Journeys_2023.csv,Friday,2023,10,October,4,20,42,0,8667000
2023-10-21,Saturday,3155000,4229000,Journeys_2023.csv,Saturday,2023,10,October,4,21,42,1,7384000
2023-10-22,Sunday,2244000,3451000,Journeys_2023.csv,Sunday,2023,10,October,4,22,42,1,5695000
2023-10-23,Monday,3187000,4626000,Journeys_2023.csv,Monday,2023,10,October,4,23,43,0,7813000
2023-10-24,Tuesday,3626000,4833000,Journeys_2023.csv,Tuesday,2023,10,October,4,24,43,0,8459000
2023-10-25,Wednesday,3694000,4817000,Journeys_2023.csv,Wednesday,2023,10,October,4,25,43,0,8511000
2023-10-26,Thursday,3772000,4873000,Journeys_2023.csv,Thursday,2023,10,October,4,26,43,0,8645000
2023-10-27,Friday,3531000,4972000,Journeys_2023.csv,Friday,2023,10,October,4,27,43,0,8503000
2023-10-28,Saturday,3294000,4415000,Journeys_2023.csv,Saturday,2023,10,October,4,28,43,1,7709000
2023-10-29,Sunday,2082000,3140000,Journeys_2023.csv,Sunday,2023,10,October,4,29,43,1,5222000
2023-10-30,Monday,3243000,5072000,Journeys_2023.csv,Monday,2023,10,October,4,30,44,0,8315000
2023-10-31,Tuesday,3713000,5442000,Journeys_2023.csv,Tuesday,2023,10,October,4,31,44,0,9155000
2023-11-01,Wednesday,3861000,5309000,Journeys_2023.csv,Wednesday,2023,11,November,4,1,44,0,9170000
2023-11-02,Thursday,3785000,5168000,Journeys_2023.csv,Thursday,2023,11,November,4,2,44,0,8953000
2023-11-03,Friday,3627000,5476000,Journeys_2023.csv,Friday,2023,11,November,4,3,44,0,9103000
2023-11-04,Saturday,3062000,4361000,Journeys_2023.csv,Saturday,2023,11,November,4,4,44,1,7423000
2023-11-05,Sunday,2081000,3315000,Journeys_2023.csv,Sunday,2023,11,November,4,5,44,1,5396000
2023-11-06,Monday,3204000,5269000,Journeys_2023.csv,Monday,2023,11,November,4,6,45,0,8473000
2023-11-07,Tuesday,3713000,5512000,Journeys_2023.csv,Tuesday,2023,11,November,4,7,45,0,9225000
2023-11-08,Wednesday,3778000,5353000,Journeys_2023.csv,Wednesday,2023,11,November,4,8,45,0,9131000
2023-11-09,Thursday,3912000,5501000,Journeys_2023.csv,Thursday,2023,11,November,4,9,45,0,9413000
2023-11-10,Friday,3532000,5458000,Journeys_2023.csv,Friday,2023,11,November,4,10,45,0,8990000
2023-11-11,Saturday,3187000,4555000,Journeys_2023.csv,Saturday,2023,11,November,4,11,45,1,7742000
2023-11-12,Sunday,2100000,3166000,Journeys_2023.csv,Sunday,2023,11,November,4,12,45,1,5266000
2023-11-13,Monday,3194000,5169000,Journeys_2023.csv,Monday,2023,11,November,4,13,46,0,8363000
2023-11-14,Tuesday,3684000,5243000,Journeys_2023.csv,Tuesday,2023,11,November,4,14,46,0,8927000
2023-11-15,Wednesday,3815000,5438000,Journeys_2023.csv,Wednesday,2023,11,November,4,15,46,0,9253000
2023-11-16,Thursday,3915000,5333000,Journeys_2023.csv,Thursday,2023,11,November,4,16,46,0,9248000
2023-11-17,Friday,3790000,5520000,Journeys_2023.csv,Friday,2023,11,November,4,17,46,0,9310000
2023-11-18,Saturday,3282000,4340000,Journeys_2023.csv,Saturday,2023,11,November,4,18,46,1,7622000
2023-11-19,Sunday,2253000,3312000,Journeys_2023.csv,Sunday,2023,11,November,4,19,46,1,5565000
2023-11-20,Monday,3290000,5207000,Journeys_2023.csv,Monday,2023,11,November,4,20,47,0,8497000
2023-11-21,Tuesday,3773000,5364000,Journeys_2023.csv,Tuesday,2023,11,November,4,21,47,0,9137000
2023-11-22,Wednesday,3832000,5379000,Journeys_2023.csv,Wednesday,2023,11,November,4,22,47,0,9211000
2023-11-23,Thursday,4047000,5456000,Journeys_2023.csv,Thursday,2023,11,November,4,23,47,0,9503000
2023-11-24,Friday,3927000,5507000,Journeys_2023.csv,Friday,2023,11,November,4,24,47,0,9434000
2023-11-25,Saturday,3661000,4505000,Journeys_2023.csv,Saturday,2023,11,November,4,25,47,1,8166000
2023-11-26,Sunday,2408000,3216000,Journeys_2023.csv,Sunday,2023,11,November,4,26,47,1,5624000
2023-11-27,Monday,3335000,5129000,Journeys_2023.csv,Monday,2023,11,November,4,27,48,0,8464000
2023-11-28,Tuesday,3855000,5413000,Journeys_2023.csv,Tuesday,2023,11,November,4,28,48,0,9268000
2023-11-29,Wednesday,3913000,5385000,Journeys_2023.csv,Wednesday,2023,11,November,4,29,48,0,9298000
2023-11-30,Thursday,4110000,5424000,Journeys_2023.csv,Thursday,2023,11,November,4,30,48,0,9534000
2023-12-01,Friday,3957000,5420000,Journeys_2023.csv,Friday,2023,12,December,4,1,48,0,9377000
2023-12-02,Saturday,3571000,4454000,Journeys_2023.csv,Saturday,2023,12,December,4,2,48,1,8025000
2023-12-03,Sunday,2393000,3204000,Journeys_2023.csv,Sunday,2023,12,December,4,3,48,1,5597000
2023-12-04,Monday,3489000,5151000,Journeys_2023.csv,Monday,2023,12,December,4,4,49,0,8640000
2023-12-05,Tuesday,3917000,5394000,Journeys_2023.csv,Tuesday,2023,12,December,4,5,49,0,9311000
2023-12-06,Wednesday,3914000,5593000,Journeys_2023.csv,Wednesday,2023,12,December,4,6,49,0,9507000
2023-12-07,Thursday,4288000,5434000,Journeys_2023.csv,Thursday,2023,12,December,4,7,49,0,9722000
2023-12-08,Friday,4068000,5601000,Journeys_2023.csv,Friday,2023,12,December,4,8,49,0,9669000
2023-12-09,Saturday,3660000,4374000,Journeys_2023.csv,Saturday,2023,12,December,4,9,49,1,8034000
2023-12-10,Sunday,2558000,3277000,Journeys_2023.csv,Sunday,2023,12,December,4,10,49,1,5835000
2023-12-11,Monday,3502000,5237000,Journeys_2023.csv,Monday,2023,12,December,4,11,50,0,8739000
2023-12-12,Tuesday,3880000,5255000,Journeys_2023.csv,Tuesday,2023,12,December,4,12,50,0,9135000
2023-12-13,Wednesday,3963000,5351000,Journeys_2023.csv,Wednesday,2023,12,December,4,13,50,0,9314000
2023-12-14,Thursday,4109000,5412000,Journeys_2023.csv,Thursday,2023,12,December,4,14,50,0,9521000
2023-12-15,Friday,3817000,5487000,Journeys_2023.csv,Friday,2023,12,December,4,15,50,0,9304000
2023-12-16,Saturday,3488000,4394000,Journeys_2023.csv,Saturday,2023,12,December,4,16,50,1,7882000
2023-12-17,Sunday,2549000,3356000,Journeys_2023.csv,Sunday,2023,12,December,4,17,50,1,5905000
2023-12-18,Monday,3245000,5062000,Journeys_2023.csv,Monday,2023,12,December,4,18,51,0,8307000
2023-12-19,Tuesday,3474000,5002000,Journeys_2023.csv,Tuesday,2023,12,December,4,19,51,0,8476000
2023-12-20,Wednesday,3403000,5194000,Journeys_2023.csv,Wednesday,2023,12,December,4,20,51,0,8597000
2023-12-21,Thursday,3272000,5001000,Journeys_2023.csv,Thursday,2023,12,December,4,21,51,0,8273000
2023-12-22,Friday,3021000,4820000,Journeys_2023.csv,Friday,2023,12,December,4,22,51,0,7841000
2023-12-23,Saturday,2587000,4158000,Journeys_2023.csv,Saturday,2023,12,December,4,23,51,1,6745000
2023-12-24,Sunday,1512000,2987000,Journeys_2023.csv,Sunday,2023,12,December,4,24,51,1,4499000
2023-12-25,Monday,0,1000,Journeys_2023.csv,Monday,2023,12,December,4,25,52,0,1000
2023-12-26,Tuesday,1523000,2793000,Journeys_2023.csv,Tuesday,2023,12,December,4,26,52,0,4316000
2023-12-27,Wednesday,2412000,3590000,Journeys_2023.csv,Wednesday,2023,12,December,4,27,52,0,6002000
2023-12-28,Thursday,2705000,3911000,Journeys_2023.csv,Thursday,2023,12,December,4,28,52,0,6616000
2023-12-29,Friday,2835000,4185000,Journeys_2023.csv,Friday,2023,12,December,4,29,52,0,7020000
2023-12-30,Saturday,2667000,3783000,Journeys_2023.csv,Saturday,2023,12,December,4,30,52,1,6450000
2023-12-31,Sunday,2720000,3271000,Journeys_2023.csv,Sunday,2023,12,December,4,31,52,1,5991000
2024-01-01,Monday,1631000,2252000,Journeys_2024.csv,Monday,2024,1,January,1,1,1,0,3883000
2024-01-02,Tuesday,2622000,3856000,Journeys_2024.csv,Tuesday,2024,1,January,1,2,1,0,6478000
2024-01-03,Wednesday,2856000,4269000,Journeys_2024.csv,Wednesday,2024,1,January,1,3,1,0,7125000
2024-01-04,Thursday,3027000,4354000,Journeys_2024.csv,Thursday,2024,1,January,1,4,1,0,7381000
2024-01-05,Friday,2825000,4515000,Journeys_2024.csv,Friday,2024,1,January,1,5,1,0,7340000
2024-01-06,Saturday,2508000,3906000,Journeys_2024.csv,Saturday,2024,1,January,1,6,1,1,6414000
2024-01-07,Sunday,1547000,2964000,Journeys_2024.csv,Sunday,2024,1,January,1,7,1,1,4511000
2024-01-08,Monday,2337000,4533000,Journeys_2024.csv,Monday,2024,1,January,1,8,2,0,6870000
2024-01-09,Tuesday,3023000,4983000,Journeys_2024.csv,Tuesday,2024,1,January,1,9,2,0,8006000
2024-01-10,Wednesday,3145000,5034000,Journeys_2024.csv,Wednesday,2024,1,January,1,10,2,0,8179000
2024-01-11,Thursday,3294000,5038000,Journeys_2024.csv,Thursday,2024,1,January,1,11,2,0,8332000
2024-01-12,Friday,3015000,5112000,Journeys_2024.csv,Friday,2024,1,January,1,12,2,0,8127000
2024-01-13,Saturday,2818000,4065000,Journeys_2024.csv,Saturday,2024,1,January,1,13,2,1,6883000
2024-01-14,Sunday,1828000,3034000,Journeys_2024.csv,Sunday,2024,1,January,1,14,2,1,4862000
2024-01-15,Monday,2994000,4989000,Journeys_2024.csv,Monday,2024,1,January,1,15,3,0,7983000
2024-01-16,Tuesday,3469000,5120000,Journeys_2024.csv,Tuesday,2024,1,January,1,16,3,0,8589000
2024-01-17,Wednesday,3472000,5090000,Journeys_2024.csv,Wednesday,2024,1,January,1,17,3,0,8562000
2024-01-18,Thursday,3596000,5124000,Journeys_2024.csv,Thursday,2024,1,January,1,18,3,0,8720000
2024-01-19,Friday,3200000,5198000,Journeys_2024.csv,Friday,2024,1,January,1,19,3,0,8398000
2024-01-20,Saturday,2988000,4159000,Journeys_2024.csv,Saturday,2024,1,January,1,20,3,1,7147000
2024-01-21,Sunday,1936000,2987000,Journeys_2024.csv,Sunday,2024,1,January,1,21,3,1,4923000
2024-01-22,Monday,3047000,5010000,Journeys_2024.csv,Monday,2024,1,January,1,22,4,0,8057000
2024-01-23,Tuesday,3520000,5056000,Journeys_2024.csv,Tuesday,2024,1,January,1,23,4,0,8576000
2024-01-24,Wednesday,3593000,5249000,Journeys_2024.csv,Wednesday,2024,1,January,1,24,4,0,8842000
2024-01-25,Thursday,3691000,5250000,Journeys_2024.csv,Thursday,2024,1,January,1,25,4,0,8941000
2024-01-26,Friday,3440000,5349000,Journeys_2024.csv,Friday,2024,1,January,1,26,4,0,8789000
2024-01-27,Saturday,3049000,4278000,Journeys_2024.csv,Saturday,2024,1,January,1,27,4,1,7327000
2024-01-28,Sunday,2009000,3160000,Journeys_2024.csv,Sunday,2024,1,January,1,28,4,1,5169000
2024-01-29,Monday,3065000,5027000,Journeys_2024.csv,Monday,2024,1,January,1,29,5,0,8092000
2024-01-30,Tuesday,3248000,5399000,Journeys_2024.csv,Tuesday,2024,1,January,1,30,5,0,8647000
2024-01-31,Wednesday,3578000,5275000,Journeys_2024.csv,Wednesday,2024,1,January,1,31,5,0,8853000
2024-02-01,Thursday,3689000,5314000,Journeys_2024.csv,Thursday,2024,2,February,1,1,5,0,9003000
2024-02-02,Friday,3229000,5372000,Journeys_2024.csv,Friday,2024,2,February,1,2,5,0,8601000
2024-02-03,Saturday,2826000,4375000,Journeys_2024.csv,Saturday,2024,2,February,1,3,5,1,7201000
2024-02-04,Sunday,1964000,3237000,Journeys_2024.csv,Sunday,2024,2,February,1,4,5,1,5201000
2024-02-05,Monday,3073000,5101000,Journeys_2024.csv,Monday,2024,2,February,1,5,6,0,8174000
2024-02-06,Tuesday,3577000,5303000,Journeys_2024.csv,Tuesday,2024,2,February,1,6,6,0,8880000
2024-02-07,Wednesday,3618000,5263000,Journeys_2024.csv,Wednesday,2024,2,February,1,7,6,0,8881000
2024-02-08,Thursday,3714000,5202000,Journeys_2024.csv,Thursday,2024,2,February,1,8,6,0,8916000
2024-02-09,Friday,3343000,5325000,Journeys_2024.csv,Friday,2024,2,February,1,9,6,0,8668000
2024-02-10,Saturday,3054000,4413000,Journeys_2024.csv,Saturday,2024,2,February,1,10,6,1,7467000
2024-02-11,Sunday,2235000,3324000,Journeys_2024.csv,Sunday,2024,2,February,1,11,6,1,5559000
2024-02-12,Monday,3227000,4699000,Journeys_2024.csv,Monday,2024,2,February,1,12,7,0,7926000
2024-02-13,Tuesday,3613000,4760000,Journeys_2024.csv,Tuesday,2024,2,February,1,13,7,0,8373000
2024-02-14,Wednesday,3641000,4891000,Journeys_2024.csv,Wednesday,2024,2,February,1,14,7,0,8532000
2024-02-15,Thursday,3749000,4839000,Journeys_2024.csv,Thursday,2024,2,February,1,15,7,0,8588000
2024-02-16,Friday,3426000,4847000,Journeys_2024.csv,Friday,2024,2,February,1,16,7,0,8273000
2024-02-17,Saturday,3216000,4350000,Journeys_2024.csv,Saturday,2024,2,February,1,17,7,1,7566000
2024-02-18,Sunday,2020000,3207000,Journeys_2024.csv,Sunday,2024,2,February,1,18,7,1,5227000
2024-02-19,Monday,3078000,5005000,Journeys_2024.csv,Monday,2024,2,February,1,19,8,0,8083000
2024-02-20,Tuesday,3601000,5276000,Journeys_2024.csv,Tuesday,2024,2,February,1,20,8,0,8877000
2024-02-21,Wednesday,3668000,5135000,Journeys_2024.csv,Wednesday,2024,2,February,1,21,8,0,8803000
2024-02-22,Thursday,3818000,5187000,Journeys_2024.csv,Thursday,2024,2,February,1,22,8,0,9005000
2024-02-23,Friday,3490000,5405000,Journeys_2024.csv,Friday,2024,2,February,1,23,8,0,8895000
2024-02-24,Saturday,3155000,4511000,Journeys_2024.csv,Saturday,2024,2,February,1,24,8,1,7666000
2024-02-25,Sunday,2099000,3226000,Journeys_2024.csv,Sunday,2024,2,February,1,25,8,1,5325000
2024-02-26,Monday,3153000,5104000,Journeys_2024.csv,Monday,2024,2,February,1,26,9,0,8257000
2024-02-27,Tuesday,3596000,5342000,Journeys_2024.csv,Tuesday,2024,2,February,1,27,9,0,8938000
2024-02-28,Wednesday,3655000,5333000,Journeys_2024.csv,Wednesday,2024,2,February,1,28,9,0,8988000
2024-02-29,Thursday,3806000,5336000,Journeys_2024.csv,Thursday,2024,2,February,1,29,9,0,9142000
2024-03-01,Friday,3384000,5427000,Journeys_2024.csv,Friday,2024,3,March,1,1,9,0,8811000
2024-03-02,Saturday,3101000,4349000,Journeys_2024.csv,Saturday,2024,3,March,1,2,9,1,7450000
2024-03-03,Sunday,2122000,3334000,Journeys_2024.csv,Sunday,2024,3,March,1,3,9,1,5456000
2024-03-04,Monday,3131000,5203000,Journeys_2024.csv,Monday,2024,3,March,1,4,10,0,8334000
2024-03-05,Tuesday,3581000,5336000,Journeys_2024.csv,Tuesday,2024,3,March,1,5,10,0,8917000
2024-03-06,Wednesday,3676000,5394000,Journeys_2024.csv,Wednesday,2024,3,March,1,6,10,0,9070000
2024-03-07,Thursday,3801000,5409000,Journeys_2024.csv,Thursday,2024,3,March,1,7,10,0,9210000
2024-03-08,Friday,3509000,5560000,Journeys_2024.csv,Friday,2024,3,March,1,8,10,0,9069000
2024-03-09,Saturday,3152000,4521000,Journeys_2024.csv,Saturday,2024,3,March,1,9,10,1,7673000
2024-03-10,Sunday,1959000,3128000,Journeys_2024.csv,Sunday,2024,3,March,1,10,10,1,5087000
2024-03-11,Monday,3137000,5037000,Journeys_2024.csv,Monday,2024,3,March,1,11,11,0,8174000
2024-03-12,Tuesday,3609000,5186000,Journeys_2024.csv,Tuesday,2024,3,March,1,12,11,0,8795000
2024-03-13,Wednesday,3622000,5320000,Journeys_2024.csv,Wednesday,2024,3,March,1,13,11,0,8942000
2024-03-14,Thursday,3742000,5396000,Journeys_2024.csv,Thursday,2024,3,March,1,14,11,0,9138000
2024-03-15,Friday,3447000,5468000,Journeys_2024.csv,Friday,2024,3,March,1,15,11,0,8915000
2024-03-16,Saturday,3016000,4515000,Journeys_2024.csv,Saturday,2024,3,March,1,16,11,1,7531000
2024-03-17,Sunday,2056000,3258000,Journeys_2024.csv,Sunday,2024,3,March,1,17,11,1,5314000
2024-03-18,Monday,3145000,5146000,Journeys_2024.csv,Monday,2024,3,March,1,18,12,0,8291000
2024-03-19,Tuesday,3595000,5305000,Journeys_2024.csv,Tuesday,2024,3,March,1,19,12,0,8900000
2024-03-20,Wednesday,3623000,5374000,Journeys_2024.csv,Wednesday,2024,3,March,1,20,12,0,8997000
2024-03-21,Thursday,3761000,5371000,Journeys_2024.csv,Thursday,2024,3,March,1,21,12,0,9132000
2024-03-22,Friday,3417000,5417000,Journeys_2024.csv,Friday,2024,3,March,1,22,12,0,8834000
2024-03-23,Saturday,3185000,4483000,Journeys_2024.csv,Saturday,2024,3,March,1,23,12,1,7668000
2024-03-24,Sunday,2086000,3342000,Journeys_2024.csv,Sunday,2024,3,March,1,24,12,1,5428000
2024-03-25,Monday,3152000,5103000,Journeys_2024.csv,Monday,2024,3,March,1,25,13,0,8255000
2024-03-26,Tuesday,3660000,5336000,Journeys_2024.csv,Tuesday,2024,3,March,1,26,13,0,8996000
2024-03-27,Wednesday,3582000,5338000,Journeys_2024.csv,Wednesday,2024,3,March,1,27,13,0,8920000
2024-03-28,Thursday,3514000,5364000,Journeys_2024.csv,Thursday,2024,3,March,1,28,13,0,8878000
2024-03-29,Friday,2537000,4017000,Journeys_2024.csv,Friday,2024,3,March,1,29,13,0,6554000
2024-03-30,Saturday,2816000,4292000,Journeys_2024.csv,Saturday,2024,3,March,1,30,13,1,7108000
2024-03-31,Sunday,1785000,2891000,Journeys_2024.csv,Sunday,2024,3,March,1,31,13,1,4676000
2024-04-01,Monday,1975000,3274000,Journeys_2024.csv,Monday,2024,4,April,2,1,14,0,5249000
2024-04-02,Tuesday,3108000,4648000,Journeys_2024.csv,Tuesday,2024,4,April,2,2,14,0,7756000
2024-04-03,Wednesday,3310000,4639000,Journeys_2024.csv,Wednesday,2024,4,April,2,3,14,0,7949000
2024-04-04,Thursday,3439000,4705000,Journeys_2024.csv,Thursday,2024,4,April,2,4,14,0,8144000
2024-04-05,Friday,3170000,4810000,Journeys_2024.csv,Friday,2024,4,April,2,5,14,0,7980000
2024-04-06,Saturday,2729000,4350000,Journeys_2024.csv,Saturday,2024,4,April,2,6,14,1,7079000
2024-04-07,Sunday,2090000,3332000,Journeys_2024.csv,Sunday,2024,4,April,2,7,14,1,5422000
2024-04-08,Monday,2645000,4707000,Journeys_2024.csv,Monday,2024,4,April,2,8,15,0,7352000
2024-04-09,Tuesday,3401000,4686000,Journeys_2024.csv,Tuesday,2024,4,April,2,9,15,0,8087000
2024-04-10,Wednesday,3436000,4760000,Journeys_2024.csv,Wednesday,2024,4,April,2,10,15,0,8196000
2024-04-11,Thursday,3592000,4767000,Journeys_2024.csv,Thursday,2024,4,April,2,11,15,0,8359000
2024-04-12,Friday,3344000,4925000,Journeys_2024.csv,Friday,2024,4,April,2,12,15,0,8269000
2024-04-13,Saturday,2934000,4420000,Journeys_2024.csv,Saturday,2024,4,April,2,13,15,1,7354000
2024-04-14,Sunday,1986000,3305000,Journeys_2024.csv,Sunday,2024,4,April,2,14,15,1,5291000
2024-04-15,Monday,2911000,4992000,Journeys_2024.csv,Monday,2024,4,April,2,15,16,0,7903000
2024-04-16,Tuesday,3470000,5313000,Journeys_2024.csv,Tuesday,2024,4,April,2,16,16,0,8783000
2024-04-17,Wednesday,3603000,5369000,Journeys_2024.csv,Wednesday,2024,4,April,2,17,16,0,8972000
2024-04-18,Thursday,3777000,5426000,Journeys_2024.csv,Thursday,2024,4,April,2,18,16,0,9203000
2024-04-19,Friday,3377000,5412000,Journeys_2024.csv,Friday,2024,4,April,2,19,16,0,8789000
2024-04-20,Saturday,3303000,4469000,Journeys_2024.csv,Saturday,2024,4,April,2,20,16,1,7772000
2024-04-21,Sunday,2564000,3161000,Journeys_2024.csv,Sunday,2024,4,April,2,21,16,1,5725000
2024-04-22,Monday,3121000,5156000,Journeys_2024.csv,Monday,2024,4,April,2,22,17,0,8277000
2024-04-23,Tuesday,3647000,5333000,Journeys_2024.csv,Tuesday,2024,4,April,2,23,17,0,8980000
2024-04-24,Wednesday,3654000,5379000,Journeys_2024.csv,Wednesday,2024,4,April,2,24,17,0,9033000
2024-04-25,Thursday,3850000,5405000,Journeys_2024.csv,Thursday,2024,4,April,2,25,17,0,9255000
2024-04-26,Friday,3422000,5606000,Journeys_2024.csv,Friday,2024,4,April,2,26,17,0,9028000
2024-04-27,Saturday,3104000,4391000,Journeys_2024.csv,Saturday,2024,4,April,2,27,17,1,7495000
2024-04-28,Sunday,2056000,3202000,Journeys_2024.csv,Sunday,2024,4,April,2,28,17,1,5258000
2024-04-29,Monday,3158000,5226000,Journeys_2024.csv,Monday,2024,4,April,2,29,18,0,8384000
2024-04-30,Tuesday,3627000,5425000,Journeys_2024.csv,Tuesday,2024,4,April,2,30,18,0,9052000
2024-05-01,Wednesday,3654000,5364000,Journeys_2024.csv,Wednesday,2024,5,May,2,1,18,0,9018000
2024-05-02,Thursday,3756000,5392000,Journeys_2024.csv,Thursday,2024,5,May,2,2,18,0,9148000
2024-05-03,Friday,3327000,5387000,Journeys_2024.csv,Friday,2024,5,May,2,3,18,0,8714000
2024-05-04,Saturday,2908000,4564000,Journeys_2024.csv,Saturday,2024,5,May,2,4,18,1,7472000
2024-05-05,Sunday,2152000,3557000,Journeys_2024.csv,Sunday,2024,5,May,2,5,18,1,5709000
2024-05-06,Monday,1756000,3127000,Journeys_2024.csv,Monday,2024,5,May,2,6,19,0,4883000
2024-05-07,Tuesday,3135000,5643000,Journeys_2024.csv,Tuesday,2024,5,May,2,7,19,0,8778000
2024-05-08,Wednesday,3466000,5512000,Journeys_2024.csv,Wednesday,2024,5,May,2,8,19,0,8978000
2024-05-09,Thursday,3780000,5541000,Journeys_2024.csv,Thursday,2024,5,May,2,9,19,0,9321000
2024-05-10,Friday,3491000,5629000,Journeys_2024.csv,Friday,2024,5,May,2,10,19,0,9120000
2024-05-11,Saturday,3131000,4625000,Journeys_2024.csv,Saturday,2024,5,May,2,11,19,1,7756000
2024-05-12,Sunday,2118000,3430000,Journeys_2024.csv,Sunday,2024,5,May,2,12,19,1,5548000
2024-05-13,Monday,3116000,5210000,Journeys_2024.csv,Monday,2024,5,May,2,13,20,0,8326000
2024-05-14,Tuesday,3643000,5341000,Journeys_2024.csv,Tuesday,2024,5,May,2,14,20,0,8984000
2024-05-15,Wednesday,3719000,5434000,Journeys_2024.csv,Wednesday,2024,5,May,2,15,20,0,9153000
2024-05-16,Thursday,3751000,5376000,Journeys_2024.csv,Thursday,2024,5,May,2,16,20,0,9127000
2024-05-17,Friday,3357000,5496000,Journeys_2024.csv,Friday,2024,5,May,2,17,20,0,8853000
2024-05-18,Saturday,3076000,4434000,Journeys_2024.csv,Saturday,2024,5,May,2,18,20,1,7510000
2024-05-19,Sunday,2280000,3448000,Journeys_2024.csv,Sunday,2024,5,May,2,19,20,1,5728000
2024-05-20,Monday,3199000,5241000,Journeys_2024.csv,Monday,2024,5,May,2,20,21,0,8440000
2024-05-21,Tuesday,3672000,5274000,Journeys_2024.csv,Tuesday,2024,5,May,2,21,21,0,8946000
2024-05-22,Wednesday,3672000,5296000,Journeys_2024.csv,Wednesday,2024,5,May,2,22,21,0,8968000
2024-05-23,Thursday,3799000,5438000,Journeys_2024.csv,Thursday,2024,5,May,2,23,21,0,9237000
2024-05-24,Friday,3409000,5462000,Journeys_2024.csv,Friday,2024,5,May,2,24,21,0,8871000
2024-05-25,Saturday,2961000,4515000,Journeys_2024.csv,Saturday,2024,5,May,2,25,21,1,7476000
2024-05-26,Sunday,2393000,3399000,Journeys_2024.csv,Sunday,2024,5,May,2,26,21,1,5792000
2024-05-27,Monday,2032000,3462000,Journeys_2024.csv,Monday,2024,5,May,2,27,22,0,5494000
2024-05-28,Tuesday,3321000,4639000,Journeys_2024.csv,Tuesday,2024,5,May,2,28,22,0,7960000
2024-05-29,Wednesday,3525000,4854000,Journeys_2024.csv,Wednesday,2024,5,May,2,29,22,0,8379000
2024-05-30,Thursday,3661000,4749000,Journeys_2024.csv,Thursday,2024,5,May,2,30,22,0,8410000
2024-05-31,Friday,3330000,4766000,Journeys_2024.csv,Friday,2024,5,May,2,31,22,0,8096000
2024-06-01,Saturday,3028000,4341000,Journeys_2024.csv,Saturday,2024,6,June,2,1,22,1,7369000
2024-06-02,Sunday,2120000,3410000,Journeys_2024.csv,Sunday,2024,6,June,2,2,22,1,5530000
2024-06-03,Monday,2998000,5097000,Journeys_2024.csv,Monday,2024,6,June,2,3,23,0,8095000
2024-06-04,Tuesday,3477000,5291000,Journeys_2024.csv,Tuesday,2024,6,June,2,4,23,0,8768000
2024-06-05,Wednesday,3585000,5335000,Journeys_2024.csv,Wednesday,2024,6,June,2,5,23,0,8920000
2024-06-06,Thursday,3753000,5431000,Journeys_2024.csv,Thursday,2024,6,June,2,6,23,0,9184000
2024-06-07,Friday,3398000,5497000,Journeys_2024.csv,Friday,2024,6,June,2,7,23,0,8895000
2024-06-08,Saturday,3110000,4469000,Journeys_2024.csv,Saturday,2024,6,June,2,8,23,1,7579000
2024-06-09,Sunday,2177000,3370000,Journeys_2024.csv,Sunday,2024,6,June,2,9,23,1,5547000
2024-06-10,Monday,3151000,5105000,Journeys_2024.csv,Monday,2024,6,June,2,10,24,0,8256000
2024-06-11,Tuesday,3631000,5378000,Journeys_2024.csv,Tuesday,2024,6,June,2,11,24,0,9009000
2024-06-12,Wednesday,3624000,5276000,Journeys_2024.csv,Wednesday,2024,6,June,2,12,24,0,8900000
2024-06-13,Thursday,3716000,5337000,Journeys_2024.csv,Thursday,2024,6,June,2,13,24,0,9053000
2024-06-14,Friday,3366000,5504000,Journeys_2024.csv,Friday,2024,6,June,2,14,24,0,8870000
2024-06-15,Saturday,2807000,4366000,Journeys_2024.csv,Saturday,2024,6,June,2,15,24,1,7173000
2024-06-16,Sunday,2190000,3626000,Journeys_2024.csv,Sunday,2024,6,June,2,16,24,1,5816000
2024-06-17,Monday,3159000,5065000,Journeys_2024.csv,Monday,2024,6,June,2,17,25,0,8224000
2024-06-18,Tuesday,3593000,5307000,Journeys_2024.csv,Tuesday,2024,6,June,2,18,25,0,8900000
2024-06-19,Wednesday,3731000,5365000,Journeys_2024.csv,Wednesday,2024,6,June,2,19,25,0,9096000
2024-06-20,Thursday,3868000,5453000,Journeys_2024.csv,Thursday,2024,6,June,2,20,25,0,9321000
2024-06-21,Friday,3569000,5436000,Journeys_2024.csv,Friday,2024,6,June,2,21,25,0,9005000
2024-06-22,Saturday,3315000,4485000,Journeys_2024.csv,Saturday,2024,6,June,2,22,25,1,7800000
2024-06-23,Sunday,2351000,3520000,Journeys_2024.csv,Sunday,2024,6,June,2,23,25,1,5871000
2024-06-24,Monday,3187000,5129000,Journeys_2024.csv,Monday,2024,6,June,2,24,26,0,8316000
2024-06-25,Tuesday,3628000,5314000,Journeys_2024.csv,Tuesday,2024,6,June,2,25,26,0,8942000
2024-06-26,Wednesday,3617000,5190000,Journeys_2024.csv,Wednesday,2024,6,June,2,26,26,0,8807000
2024-06-27,Thursday,3740000,5277000,Journeys_2024.csv,Thursday,2024,6,June,2,27,26,0,9017000
2024-06-28,Friday,3401000,5397000,Journeys_2024.csv,Friday,2024,6,June,2,28,26,0,8798000
2024-06-29,Saturday,3373000,4468000,Journeys_2024.csv,Saturday,2024,6,June,2,29,26,1,7841000
2024-06-30,Sunday,2194000,3404000,Journeys_2024.csv,Sunday,2024,6,June,2,30,26,1,5598000
2024-07-01,Monday,3163000,5067000,Journeys_2024.csv,Monday,2024,7,July,3,1,27,0,8230000
2024-07-02,Tuesday,3624000,5251000,Journeys_2024.csv,Tuesday,2024,7,July,3,2,27,0,8875000
2024-07-03,Wednesday,3856000,5321000,Journeys_2024.csv,Wednesday,2024,7,July,3,3,27,0,9177000
2024-07-04,Thursday,3873000,5394000,Journeys_2024.csv,Thursday,2024,7,July,3,4,27,0,9267000
2024-07-05,Friday,3442000,5177000,Journeys_2024.csv,Friday,2024,7,July,3,5,27,0,8619000
2024-07-06,Saturday,3053000,4320000,Journeys_2024.csv,Saturday,2024,7,July,3,6,27,1,7373000
2024-07-07,Sunday,2343000,3357000,Journeys_2024.csv,Sunday,2024,7,July,3,7,27,1,5700000
2024-07-08,Monday,3264000,5049000,Journeys_2024.csv,Monday,2024,7,July,3,8,28,0,8313000
2024-07-09,Tuesday,3647000,5116000,Journeys_2024.csv,Tuesday,2024,7,July,3,9,28,0,8763000
2024-07-10,Wednesday,3790000,5316000,Journeys_2024.csv,Wednesday,2024,7,July,3,10,28,0,9106000
2024-07-11,Thursday,3887000,5337000,Journeys_2024.csv,Thursday,2024,7,July,3,11,28,0,9224000
2024-07-12,Friday,3533000,5305000,Journeys_2024.csv,Friday,2024,7,July,3,12,28,0,8838000
2024-07-13,Saturday,3149000,4575000,Journeys_2024.csv,Saturday,2024,7,July,3,13,28,1,7724000
2024-07-14,Sunday,2413000,3723000,Journeys_2024.csv,Sunday,2024,7,July,3,14,28,1,6136000
2024-07-15,Monday,3038000,4861000,Journeys_2024.csv,Monday,2024,7,July,3,15,29,0,7899000
2024-07-16,Tuesday,3513000,5165000,Journeys_2024.csv,Tuesday,2024,7,July,3,16,29,0,8678000
2024-07-17,Wednesday,3670000,5189000,Journeys_2024.csv,Wednesday,2024,7,July,3,17,29,0,8859000
2024-07-18,Thursday,3688000,5202000,Journeys_2024.csv,Thursday,2024,7,July,3,18,29,0,8890000
2024-07-19,Friday,3225000,5184000,Journeys_2024.csv,Friday,2024,7,July,3,19,29,0,8409000
2024-07-20,Saturday,2773000,4405000,Journeys_2024.csv,Saturday,2024,7,July,3,20,29,1,7178000
2024-07-21,Sunday,1994000,3442000,Journeys_2024.csv,Sunday,2024,7,July,3,21,29,1,5436000
2024-07-22,Monday,3062000,4748000,Journeys_2024.csv,Monday,2024,7,July,3,22,30,0,7810000
2024-07-23,Tuesday,3516000,4913000,Journeys_2024.csv,Tuesday,2024,7,July,3,23,30,0,8429000
2024-07-24,Wednesday,3558000,4897000,Journeys_2024.csv,Wednesday,2024,7,July,3,24,30,0,8455000
2024-07-25,Thursday,3715000,4724000,Journeys_2024.csv,Thursday,2024,7,July,3,25,30,0,8439000
2024-07-26,Friday,3289000,4861000,Journeys_2024.csv,Friday,2024,7,July,3,26,30,0,8150000
2024-07-27,Saturday,3058000,4261000,Journeys_2024.csv,Saturday,2024,7,July,3,27,30,1,7319000
2024-07-28,Sunday,2103000,3389000,Journeys_2024.csv,Sunday,2024,7,July,3,28,30,1,5492000
2024-07-29,Monday,2994000,4509000,Journeys_2024.csv,Monday,2024,7,July,3,29,31,0,7503000
2024-07-30,Tuesday,3396000,4598000,Journeys_2024.csv,Tuesday,2024,7,July,3,30,31,0,7994000
2024-07-31,Wednesday,3378000,4667000,Journeys_2024.csv,Wednesday,2024,7,July,3,31,31,0,8045000
2024-08-01,Thursday,3402000,4605000,Journeys_2024.csv,Thursday,2024,8,August,3,1,31,0,8007000
2024-08-02,Friday,3083000,4711000,Journeys_2024.csv,Friday,2024,8,August,3,2,31,0,7794000
2024-08-03,Saturday,2717000,4159000,Journeys_2024.csv,Saturday,2024,8,August,3,3,31,1,6876000
2024-08-04,Sunday,1999000,3307000,Journeys_2024.csv,Sunday,2024,8,August,3,4,31,1,5306000
2024-08-05,Monday,2864000,4423000,Journeys_2024.csv,Monday,2024,8,August,3,5,32,0,7287000
2024-08-06,Tuesday,3208000,4531000,Journeys_2024.csv,Tuesday,2024,8,August,3,6,32,0,7739000
2024-08-07,Wednesday,3235000,4338000,Journeys_2024.csv,Wednesday,2024,8,August,3,7,32,0,7573000
2024-08-08,Thursday,3290000,4421000,Journeys_2024.csv,Thursday,2024,8,August,3,8,32,0,7711000
2024-08-09,Friday,3039000,4654000,Journeys_2024.csv,Friday,2024,8,August,3,9,32,0,7693000
2024-08-10,Saturday,2939000,4125000,Journeys_2024.csv,Saturday,2024,8,August,3,10,32,1,7064000
2024-08-11,Sunday,2207000,3263000,Journeys_2024.csv,Sunday,2024,8,August,3,11,32,1,5470000
2024-08-12,Monday,2667000,4014000,Journeys_2024.csv,Monday,2024,8,August,3,12,33,0,6681000
2024-08-13,Tuesday,3201000,4490000,Journeys_2024.csv,Tuesday,2024,8,August,3,13,33,0,7691000
2024-08-14,Wednesday,3339000,4528000,Journeys_2024.csv,Wednesday,2024,8,August,3,14,33,0,7867000
2024-08-15,Thursday,3548000,4672000,Journeys_2024.csv,Thursday,2024,8,August,3,15,33,0,8220000
2024-08-16,Friday,3284000,4667000,Journeys_2024.csv,Friday,2024,8,August,3,16,33,0,7951000
2024-08-17,Saturday,3084000,4167000,Journeys_2024.csv,Saturday,2024,8,August,3,17,33,1,7251000
2024-08-18,Sunday,2238000,3292000,Journeys_2024.csv,Sunday,2024,8,August,3,18,33,1,5530000
2024-08-19,Monday,3035000,4407000,Journeys_2024.csv,Monday,2024,8,August,3,19,34,0,7442000
2024-08-20,Tuesday,3373000,4575000,Journeys_2024.csv,Tuesday,2024,8,August,3,20,34,0,7948000
2024-08-21,Wednesday,3343000,4560000,Journeys_2024.csv,Wednesday,2024,8,August,3,21,34,0,7903000
2024-08-22,Thursday,3335000,4640000,Journeys_2024.csv,Thursday,2024,8,August,3,22,34,0,7975000
2024-08-23,Friday,3027000,4726000,Journeys_2024.csv,Friday,2024,8,August,3,23,34,0,7753000
2024-08-24,Saturday,2542000,3726000,Journeys_2024.csv,Saturday,2024,8,August,3,24,34,1,6268000
2024-08-25,Sunday,2249000,3404000,Journeys_2024.csv,Sunday,2024,8,August,3,25,34,1,5653000
2024-08-26,Monday,2111000,3353000,Journeys_2024.csv,Monday,2024,8,August,3,26,35,0,5464000
2024-08-27,Tuesday,3039000,4597000,Journeys_2024.csv,Tuesday,2024,8,August,3,27,35,0,7636000
2024-08-28,Wednesday,3250000,4580000,Journeys_2024.csv,Wednesday,2024,8,August,3,28,35,0,7830000
2024-08-29,Thursday,3337000,4661000,Journeys_2024.csv,Thursday,2024,8,August,3,29,35,0,7998000
2024-08-30,Friday,3075000,4742000,Journeys_2024.csv,Friday,2024,8,August,3,30,35,0,7817000
2024-08-31,Saturday,2748000,4211000,Journeys_2024.csv,Saturday,2024,8,August,3,31,35,1,6959000
2024-09-01,Sunday,1934000,3334000,Journeys_2024.csv,Sunday,2024,9,September,3,1,35,1,5268000
2024-09-02,Monday,2853000,4588000,Journeys_2024.csv,Monday,2024,9,September,3,2,36,0,7441000
2024-09-03,Tuesday,3294000,4928000,Journeys_2024.csv,Tuesday,2024,9,September,3,3,36,0,8222000
2024-09-04,Wednesday,3360000,5158000,Journeys_2024.csv,Wednesday,2024,9,September,3,4,36,0,8518000
2024-09-05,Thursday,3492000,5062000,Journeys_2024.csv,Thursday,2024,9,September,3,5,36,0,8554000
2024-09-06,Friday,3137000,5294000,Journeys_2024.csv,Friday,2024,9,September,3,6,36,0,8431000
2024-09-07,Saturday,2875000,4322000,Journeys_2024.csv,Saturday,2024,9,September,3,7,36,1,7197000
2024-09-08,Sunday,1968000,3332000,Journeys_2024.csv,Sunday,2024,9,September,3,8,36,1,5300000
2024-09-09,Monday,3039000,5152000,Journeys_2024.csv,Monday,2024,9,September,3,9,37,0,8191000
2024-09-10,Tuesday,3565000,5303000,Journeys_2024.csv,Tuesday,2024,9,September,3,10,37,0,8868000
2024-09-11,Wednesday,3604000,5341000,Journeys_2024.csv,Wednesday,2024,9,September,3,11,37,0,8945000
2024-09-12,Thursday,3723000,5364000,Journeys_2024.csv,Thursday,2024,9,September,3,12,37,0,9087000
2024-09-13,Friday,3303000,5450000,Journeys_2024.csv,Friday,2024,9,September,3,13,37,0,8753000
2024-09-14,Saturday,2893000,4604000,Journeys_2024.csv,Saturday,2024,9,September,3,14,37,1,7497000
2024-09-15,Sunday,2005000,3478000,Journeys_2024.csv,Sunday,2024,9,September,3,15,37,1,5483000
2024-09-16,Monday,3156000,5222000,Journeys_2024.csv,Monday,2024,9,September,3,16,38,0,8378000
2024-09-17,Tuesday,3584000,5433000,Journeys_2024.csv,Tuesday,2024,9,September,3,17,38,0,9017000
2024-09-18,Wednesday,3654000,5403000,Journeys_2024.csv,Wednesday,2024,9,September,3,18,38,0,9057000
2024-09-19,Thursday,3801000,5467000,Journeys_2024.csv,Thursday,2024,9,September,3,19,38,0,9268000
2024-09-20,Friday,3404000,5473000,Journeys_2024.csv,Friday,2024,9,September,3,20,38,0,8877000
2024-09-21,Saturday,3141000,4494000,Journeys_2024.csv,Saturday,2024,9,September,3,21,38,1,7635000
2024-09-22,Sunday,2081000,3191000,Journeys_2024.csv,Sunday,2024,9,September,3,22,38,1,5272000
2024-09-23,Monday,3178000,5210000,Journeys_2024.csv,Monday,2024,9,September,3,23,39,0,8388000
2024-09-24,Tuesday,3722000,5381000,Journeys_2024.csv,Tuesday,2024,9,September,3,24,39,0,9103000
2024-09-25,Wednesday,3781000,5412000,Journeys_2024.csv,Wednesday,2024,9,September,3,25,39,0,9193000
2024-09-26,Thursday,3952000,5456000,Journeys_2024.csv,Thursday,2024,9,September,3,26,39,0,9408000
2024-09-27,Friday,3543000,5384000,Journeys_2024.csv,Friday,2024,9,September,3,27,39,0,8927000
2024-09-28,Saturday,3282000,4543000,Journeys_2024.csv,Saturday,2024,9,September,3,28,39,1,7825000
2024-09-29,Sunday,2124000,3306000,Journeys_2024.csv,Sunday,2024,9,September,3,29,39,1,5430000
2024-09-30,Monday,3245000,5172000,Journeys_2024.csv,Monday,2024,9,September,3,30,40,0,8417000
2024-10-01,Tuesday,3806000,5220000,Journeys_2024.csv,Tuesday,2024,10,October,4,1,40,0,9026000
2024-10-02,Wednesday,3734000,5221000,Journeys_2024.csv,Wednesday,2024,10,October,4,2,40,0,8955000
2024-10-03,Thursday,3927000,5335000,Journeys_2024.csv,Thursday,2024,10,October,4,3,40,0,9262000
2024-10-04,Friday,3566000,5384000,Journeys_2024.csv,Friday,2024,10,October,4,4,40,0,8950000
2024-10-05,Saturday,3341000,4409000,Journeys_2024.csv,Saturday,2024,10,October,4,5,40,1,7750000
2024-10-06,Sunday,2189000,3206000,Journeys_2024.csv,Sunday,2024,10,October,4,6,40,1,5395000
2024-10-07,Monday,3302000,5110000,Journeys_2024.csv,Monday,2024,10,October,4,7,41,0,8412000
2024-10-08,Tuesday,3817000,5241000,Journeys_2024.csv,Tuesday,2024,10,October,4,8,41,0,9058000
2024-10-09,Wednesday,3843000,5266000,Journeys_2024.csv,Wednesday,2024,10,October,4,9,41,0,9109000
2024-10-10,Thursday,4094000,5325000,Journeys_2024.csv,Thursday,2024,10,October,4,10,41,0,9419000
2024-10-11,Friday,3638000,5351000,Journeys_2024.csv,Friday,2024,10,October,4,11,41,0,8989000
2024-10-12,Saturday,3084000,4427000,Journeys_2024.csv,Saturday,2024,10,October,4,12,41,1,7511000
2024-10-13,Sunday,2199000,3292000,Journeys_2024.csv,Sunday,2024,10,October,4,13,41,1,5491000
2024-10-14,Monday,3353000,4915000,Journeys_2024.csv,Monday,2024,10,October,4,14,42,0,8268000
2024-10-15,Tuesday,3816000,5225000,Journeys_2024.csv,Tuesday,2024,10,October,4,15,42,0,9041000
2024-10-16,Wednesday,3773000,5219000,Journeys_2024.csv,Wednesday,2024,10,October,4,16,42,0,8992000
2024-10-17,Thursday,3928000,5231000,Journeys_2024.csv,Thursday,2024,10,October,4,17,42,0,9159000
2024-10-18,Friday,3521000,5318000,Journeys_2024.csv,Friday,2024,10,October,4,18,42,0,8839000
2024-10-19,Saturday,3133000,4304000,Journeys_2024.csv,Saturday,2024,10,October,4,19,42,1,7437000
2024-10-20,Sunday,2172000,3089000,Journeys_2024.csv,Sunday,2024,10,October,4,20,42,1,5261000
2024-10-21,Monday,3291000,4809000,Journeys_2024.csv,Monday,2024,10,October,4,21,43,0,8100000
2024-10-22,Tuesday,3781000,5037000,Journeys_2024.csv,Tuesday,2024,10,October,4,22,43,0,8818000
2024-10-23,Wednesday,3754000,4994000,Journeys_2024.csv,Wednesday,2024,10,October,4,23,43,0,8748000
2024-10-24,Thursday,3910000,5080000,Journeys_2024.csv,Thursday,2024,10,October,4,24,43,0,8990000
2024-10-25,Friday,3572000,4968000,Journeys_2024.csv,Friday,2024,10,October,4,25,43,0,8540000
2024-10-26,Saturday,3177000,4297000,Journeys_2024.csv,Saturday,2024,10,October,4,26,43,1,7474000
2024-10-27,Sunday,2468000,3445000,Journeys_2024.csv,Sunday,2024,10,October,4,27,43,1,5913000
2024-10-28,Monday,3388000,4533000,Journeys_2024.csv,Monday,2024,10,October,4,28,44,0,7921000
2024-10-29,Tuesday,3813000,4743000,Journeys_2024.csv,Tuesday,2024,10,October,4,29,44,0,8556000
2024-10-30,Wednesday,3896000,4747000,Journeys_2024.csv,Wednesday,2024,10,October,4,30,44,0,8643000
2024-10-31,Thursday,3910000,4846000,Journeys_2024.csv,Thursday,2024,10,October,4,31,44,0,8756000
2024-11-01,Friday,3615000,4771000,Journeys_2024.csv,Friday,2024,11,November,4,1,44,0,8386000
2024-11-02,Saturday,3095000,4288000,Journeys_2024.csv,Saturday,2024,11,November,4,2,44,1,7383000
2024-11-03,Sunday,2009000,3145000,Journeys_2024.csv,Sunday,2024,11,November,4,3,44,1,5154000
2024-11-04,Monday,3195000,4828000,Journeys_2024.csv,Monday,2024,11,November,4,4,45,0,8023000
2024-11-05,Tuesday,3555000,5047000,Journeys_2024.csv,Tuesday,2024,11,November,4,5,45,0,8602000
2024-11-06,Wednesday,3649000,5048000,Journeys_2024.csv,Wednesday,2024,11,November,4,6,45,0,8697000
2024-11-07,Thursday,3598000,5048000,Journeys_2024.csv,Thursday,2024,11,November,4,7,45,0,8646000
2024-11-08,Friday,3531000,5177000,Journeys_2024.csv,Friday,2024,11,November,4,8,45,0,8708000
2024-11-09,Saturday,3282000,4202000,Journeys_2024.csv,Saturday,2024,11,November,4,9,45,1,7484000
2024-11-10,Sunday,2266000,3108000,Journeys_2024.csv,Sunday,2024,11,November,4,10,45,1,5374000
2024-11-11,Monday,3337000,4944000,Journeys_2024.csv,Monday,2024,11,November,4,11,46,0,8281000
2024-11-12,Tuesday,3750000,5117000,Journeys_2024.csv,Tuesday,2024,11,November,4,12,46,0,8867000
2024-11-13,Wednesday,3876000,5128000,Journeys_2024.csv,Wednesday,2024,11,November,4,13,46,0,9004000
2024-11-14,Thursday,4034000,5118000,Journeys_2024.csv,Thursday,2024,11,November,4,14,46,0,9152000
2024-11-15,Friday,3712000,5175000,Journeys_2024.csv,Friday,2024,11,November,4,15,46,0,8887000
2024-11-16,Saturday,3447000,4291000,Journeys_2024.csv,Saturday,2024,11,November,4,16,46,1,7738000
2024-11-17,Sunday,2380000,3225000,Journeys_2024.csv,Sunday,2024,11,November,4,17,46,1,5605000
2024-11-18,Monday,3333000,4919000,Journeys_2024.csv,Monday,2024,11,November,4,18,47,0,8252000
2024-11-19,Tuesday,3826000,4931000,Journeys_2024.csv,Tuesday,2024,11,November,4,19,47,0,8757000
2024-11-20,Wednesday,3899000,5092000,Journeys_2024.csv,Wednesday,2024,11,November,4,20,47,0,8991000
2024-11-21,Thursday,4070000,5055000,Journeys_2024.csv,Thursday,2024,11,November,4,21,47,0,9125000
2024-11-22,Friday,3792000,5154000,Journeys_2024.csv,Friday,2024,11,November,4,22,47,0,8946000
2024-11-23,Saturday,3209000,4010000,Journeys_2024.csv,Saturday,2024,11,November,4,23,47,1,7219000
2024-11-24,Sunday,2216000,3161000,Journeys_2024.csv,Sunday,2024,11,November,4,24,47,1,5377000
2024-11-25,Monday,3398000,4934000,Journeys_2024.csv,Monday,2024,11,November,4,25,48,0,8332000
2024-11-26,Tuesday,4014000,5151000,Journeys_2024.csv,Tuesday,2024,11,November,4,26,48,0,9165000
2024-11-27,Wednesday,4008000,5072000,Journeys_2024.csv,Wednesday,2024,11,November,4,27,48,0,9080000
2024-11-28,Thursday,4275000,5181000,Journeys_2024.csv,Thursday,2024,11,November,4,28,48,0,9456000
2024-11-29,Friday,4089000,5300000,Journeys_2024.csv,Friday,2024,11,November,4,29,48,0,9389000
2024-11-30,Saturday,3732000,4410000,Journeys_2024.csv,Saturday,2024,11,November,4,30,48,1,8142000
2024-12-01,Sunday,2432000,3224000,Journeys_2024.csv,Sunday,2024,12,December,4,1,48,1,5656000
2024-12-02,Monday,3547000,4983000,Journeys_2024.csv,Monday,2024,12,December,4,2,49,0,8530000
2024-12-03,Tuesday,4029000,5150000,Journeys_2024.csv,Tuesday,2024,12,December,4,3,49,0,9179000
2024-12-04,Wednesday,4177000,5153000,Journeys_2024.csv,Wednesday,2024,12,December,4,4,49,0,9330000
2024-12-05,Thursday,4350000,5233000,Journeys_2024.csv,Thursday,2024,12,December,4,5,49,0,9583000
2024-12-06,Friday,4123000,5388000,Journeys_2024.csv,Friday,2024,12,December,4,6,49,0,9511000
2024-12-07,Saturday,3318000,3946000,Journeys_2024.csv,Saturday,2024,12,December,4,7,49,1,7264000
2024-12-08,Sunday,2498000,3065000,Journeys_2024.csv,Sunday,2024,12,December,4,8,49,1,5563000
2024-12-09,Monday,3615000,4983000,Journeys_2024.csv,Monday,2024,12,December,4,9,50,0,8598000
2024-12-10,Tuesday,4060000,5118000,Journeys_2024.csv,Tuesday,2024,12,December,4,10,50,0,9178000
2024-12-11,Wednesday,4174000,5130000,Journeys_2024.csv,Wednesday,2024,12,December,4,11,50,0,9304000
2024-12-12,Thursday,4272000,5211000,Journeys_2024.csv,Thursday,2024,12,December,4,12,50,0,9483000
2024-12-13,Friday,3944000,5246000,Journeys_2024.csv,Friday,2024,12,December,4,13,50,0,9190000
2024-12-14,Saturday,3702000,4451000,Journeys_2024.csv,Saturday,2024,12,December,4,14,50,1,8153000
2024-12-15,Sunday,2547000,3285000,Journeys_2024.csv,Sunday,2024,12,December,4,15,50,1,5832000
2024-12-16,Monday,3355000,4912000,Journeys_2024.csv,Monday,2024,12,December,4,16,51,0,8267000
2024-12-17,Tuesday,3710000,5056000,Journeys_2024.csv,Tuesday,2024,12,December,4,17,51,0,8766000
2024-12-18,Wednesday,3753000,5088000,Journeys_2024.csv,Wednesday,2024,12,December,4,18,51,0,8841000
2024-12-19,Thursday,3762000,5127000,Journeys_2024.csv,Thursday,2024,12,December,4,19,51,0,8889000
2024-12-20,Friday,3417000,5102000,Journeys_2024.csv,Friday,2024,12,December,4,20,51,0,8519000
2024-12-21,Saturday,3074000,4118000,Journeys_2024.csv,Saturday,2024,12,December,4,21,51,1,7192000
2024-12-22,Sunday,2269000,3145000,Journeys_2024.csv,Sunday,2024,12,December,4,22,51,1,5414000
2024-12-23,Monday,2834000,4457000,Journeys_2024.csv,Monday,2024,12,December,4,23,52,0,7291000
2024-12-24,Tuesday,1870000,3774000,Journeys_2024.csv,Tuesday,2024,12,December,4,24,52,0,5644000
2024-12-25,Wednesday,0,1000,Journeys_2024.csv,Wednesday,2024,12,December,4,25,52,0,1000
2024-12-26,Thursday,1503000,2598000,Journeys_2024.csv,Thursday,2024,12,December,4,26,52,0,4101000
2024-12-27,Friday,2561000,3638000,Journeys_2024.csv,Friday,2024,12,December,4,27,52,0,6199000
2024-12-28,Saturday,2623000,3502000,Journeys_2024.csv,Saturday,2024,12,December,4,28,52,1,6125000
2024-12-29,Sunday,2310000,2937000,Journeys_2024.csv,Sunday,2024,12,December,4,29,52,1,5247000
2024-12-30,Monday,2774000,3989000,Journeys_2024.csv,Monday,2024,12,December,4,30,1,0,6763000
2024-12-31,Tuesday,2990000,3984000,Journeys_2024.csv,Tuesday,2024,12,December,4,31,1,0,6974000
2025-01-01,Wednesday,1523000,1959000,Journeys_2025_2026 .csv,Wednesday,2025,1,January,1,1,1,0,3482000
2025-01-02,Thursday,2711000,3913000,Journeys_2025_2026 .csv,Thursday,2025,1,January,1,2,1,0,6624000
2025-01-03,Friday,2742000,4051000,Journeys_2025_2026 .csv,Friday,2025,1,January,1,3,1,0,6793000
2025-01-04,Saturday,2365000,3543000,Journeys_2025_2026 .csv,Saturday,2025,1,January,1,4,1,1,5908000
2025-01-05,Sunday,1502000,2557000,Journeys_2025_2026 .csv,Sunday,2025,1,January,1,5,1,1,4059000
2025-01-06,Monday,2721000,4363000,Journeys_2025_2026 .csv,Monday,2025,1,January,1,6,2,0,7084000
2025-01-07,Tuesday,3182000,4741000,Journeys_2025_2026 .csv,Tuesday,2025,1,January,1,7,2,0,7923000
2025-01-08,Wednesday,3177000,4712000,Journeys_2025_2026 .csv,Wednesday,2025,1,January,1,8,2,0,7889000
2025-01-09,Thursday,3337000,4811000,Journeys_2025_2026 .csv,Thursday,2025,1,January,1,9,2,0,8148000
2025-01-10,Friday,2943000,4785000,Journeys_2025_2026 .csv,Friday,2025,1,January,1,10,2,0,7728000
2025-01-11,Saturday,2629000,3799000,Journeys_2025_2026 .csv,Saturday,2025,1,January,1,11,2,1,6428000
2025-01-12,Sunday,1784000,2759000,Journeys_2025_2026 .csv,Sunday,2025,1,January,1,12,2,1,4543000
2025-01-13,Monday,3015000,4740000,Journeys_2025_2026 .csv,Monday,2025,1,January,1,13,3,0,7755000
2025-01-14,Tuesday,3533000,4905000,Journeys_2025_2026 .csv,Tuesday,2025,1,January,1,14,3,0,8438000
2025-01-15,Wednesday,3566000,4897000,Journeys_2025_2026 .csv,Wednesday,2025,1,January,1,15,3,0,8463000
2025-01-16,Thursday,3634000,4943000,Journeys_2025_2026 .csv,Thursday,2025,1,January,1,16,3,0,8577000
2025-01-17,Friday,3224000,4984000,Journeys_2025_2026 .csv,Friday,2025,1,January,1,17,3,0,8208000
2025-01-18,Saturday,2931000,4006000,Journeys_2025_2026 .csv,Saturday,2025,1,January,1,18,3,1,6937000
2025-01-19,Sunday,1856000,2924000,Journeys_2025_2026 .csv,Sunday,2025,1,January,1,19,3,1,4780000
2025-01-20,Monday,3161000,4806000,Journeys_2025_2026 .csv,Monday,2025,1,January,1,20,4,0,7967000
2025-01-21,Tuesday,3587000,4963000,Journeys_2025_2026 .csv,Tuesday,2025,1,January,1,21,4,0,8550000
2025-01-22,Wednesday,3670000,4946000,Journeys_2025_2026 .csv,Wednesday,2025,1,January,1,22,4,0,8616000
2025-01-23,Thursday,3743000,4927000,Journeys_2025_2026 .csv,Thursday,2025,1,January,1,23,4,0,8670000
2025-01-24,Friday,3285000,5027000,Journeys_2025_2026 .csv,Friday,2025,1,January,1,24,4,0,8312000
2025-01-25,Saturday,3067000,4339000,Journeys_2025_2026 .csv,Saturday,2025,1,January,1,25,4,1,7406000
2025-01-26,Sunday,1928000,2935000,Journeys_2025_2026 .csv,Sunday,2025,1,January,1,26,4,1,4863000
2025-01-27,Monday,3204000,4803000,Journeys_2025_2026 .csv,Monday,2025,1,January,1,27,5,0,8007000
2025-01-28,Tuesday,3654000,5014000,Journeys_2025_2026 .csv,Tuesday,2025,1,January,1,28,5,0,8668000
2025-01-29,Wednesday,3694000,5094000,Journeys_2025_2026 .csv,Wednesday,2025,1,January,1,29,5,0,8788000
2025-01-30,Thursday,3873000,5164000,Journeys_2025_2026 .csv,Thursday,2025,1,January,1,30,5,0,9037000
2025-01-31,Friday,3407000,5091000,Journeys_2025_2026 .csv,Friday,2025,1,January,1,31,5,0,8498000
2025-02-01,Saturday,3108000,4206000,Journeys_2025_2026 .csv,Saturday,2025,2,February,1,1,5,1,7314000
2025-02-02,Sunday,2166000,3233000,Journeys_2025_2026 .csv,Sunday,2025,2,February,1,2,5,1,5399000
2025-02-03,Monday,3217000,4879000,Journeys_2025_2026 .csv,Monday,2025,2,February,1,3,6,0,8096000
2025-02-04,Tuesday,3633000,5053000,Journeys_2025_2026 .csv,Tuesday,2025,2,February,1,4,6,0,8686000
2025-02-05,Wednesday,3665000,5085000,Journeys_2025_2026 .csv,Wednesday,2025,2,February,1,5,6,0,8750000
2025-02-06,Thursday,3806000,5123000,Journeys_2025_2026 .csv,Thursday,2025,2,February,1,6,6,0,8929000
2025-02-07,Friday,3396000,4996000,Journeys_2025_2026 .csv,Friday,2025,2,February,1,7,6,0,8392000
2025-02-08,Saturday,3026000,4013000,Journeys_2025_2026 .csv,Saturday,2025,2,February,1,8,6,1,7039000
2025-02-09,Sunday,2008000,2999000,Journeys_2025_2026 .csv,Sunday,2025,2,February,1,9,6,1,5007000
2025-02-10,Monday,3209000,4807000,Journeys_2025_2026 .csv,Monday,2025,2,February,1,10,7,0,8016000
2025-02-11,Tuesday,3653000,5027000,Journeys_2025_2026 .csv,Tuesday,2025,2,February,1,11,7,0,8680000
2025-02-12,Wednesday,3661000,5056000,Journeys_2025_2026 .csv,Wednesday,2025,2,February,1,12,7,0,8717000
2025-02-13,Thursday,3820000,5130000,Journeys_2025_2026 .csv,Thursday,2025,2,February,1,13,7,0,8950000
2025-02-14,Friday,3518000,5212000,Journeys_2025_2026 .csv,Friday,2025,2,February,1,14,7,0,8730000
2025-02-15,Saturday,3169000,4088000,Journeys_2025_2026 .csv,Saturday,2025,2,February,1,15,7,1,7257000
2025-02-16,Sunday,2245000,3126000,Journeys_2025_2026 .csv,Sunday,2025,2,February,1,16,7,1,5371000
2025-02-17,Monday,3287000,4384000,Journeys_2025_2026 .csv,Monday,2025,2,February,1,17,8,0,7671000
2025-02-18,Tuesday,3700000,4544000,Journeys_2025_2026 .csv,Tuesday,2025,2,February,1,18,8,0,8244000
2025-02-19,Wednesday,3703000,4487000,Journeys_2025_2026 .csv,Wednesday,2025,2,February,1,19,8,0,8190000
2025-02-20,Thursday,3822000,4474000,Journeys_2025_2026 .csv,Thursday,2025,2,February,1,20,8,0,8296000
2025-02-21,Friday,3500000,4623000,Journeys_2025_2026 .csv,Friday,2025,2,February,1,21,8,0,8123000
2025-02-22,Saturday,3175000,4123000,Journeys_2025_2026 .csv,Saturday,2025,2,February,1,22,8,1,7298000
2025-02-23,Sunday,2015000,3005000,Journeys_2025_2026 .csv,Sunday,2025,2,February,1,23,8,1,5020000
2025-02-24,Monday,3173000,4830000,Journeys_2025_2026 .csv,Monday,2025,2,February,1,24,9,0,8003000
2025-02-25,Tuesday,3719000,5141000,Journeys_2025_2026 .csv,Tuesday,2025,2,February,1,25,9,0,8860000
2025-02-26,Wednesday,3808000,5041000,Journeys_2025_2026 .csv,Wednesday,2025,2,February,1,26,9,0,8849000
2025-02-27,Thursday,3952000,5203000,Journeys_2025_2026 .csv,Thursday,2025,2,February,1,27,9,0,9155000
2025-02-28,Friday,3541000,5310000,Journeys_2025_2026 .csv,Friday,2025,2,February,1,28,9,0,8851000
2025-03-01,Saturday,3048000,4233000,Journeys_2025_2026 .csv,Saturday,2025,3,March,1,1,9,1,7281000
2025-03-02,Sunday,2046000,3195000,Journeys_2025_2026 .csv,Sunday,2025,3,March,1,2,9,1,5241000
2025-03-03,Monday,3211000,4940000,Journeys_2025_2026 .csv,Monday,2025,3,March,1,3,10,0,8151000
2025-03-04,Tuesday,3635000,5108000,Journeys_2025_2026 .csv,Tuesday,2025,3,March,1,4,10,0,8743000
2025-03-05,Wednesday,3659000,5167000,Journeys_2025_2026 .csv,Wednesday,2025,3,March,1,5,10,0,8826000
2025-03-06,Thursday,3858000,5159000,Journeys_2025_2026 .csv,Thursday,2025,3,March,1,6,10,0,9017000
2025-03-07,Friday,3428000,5234000,Journeys_2025_2026 .csv,Friday,2025,3,March,1,7,10,0,8662000
2025-03-08,Saturday,3252000,4388000,Journeys_2025_2026 .csv,Saturday,2025,3,March,1,8,10,1,7640000
2025-03-09,Sunday,2198000,3287000,Journeys_2025_2026 .csv,Sunday,2025,3,March,1,9,10,1,5485000
2025-03-10,Monday,3261000,4953000,Journeys_2025_2026 .csv,Monday,2025,3,March,1,10,11,0,8214000
2025-03-11,Tuesday,3646000,5130000,Journeys_2025_2026 .csv,Tuesday,2025,3,March,1,11,11,0,8776000
2025-03-12,Wednesday,3722000,5123000,Journeys_2025_2026 .csv,Wednesday,2025,3,March,1,12,11,0,8845000
2025-03-13,Thursday,3862000,5155000,Journeys_2025_2026 .csv,Thursday,2025,3,March,1,13,11,0,9017000
2025-03-14,Friday,3433000,5211000,Journeys_2025_2026 .csv,Friday,2025,3,March,1,14,11,0,8644000
2025-03-15,Saturday,3134000,4311000,Journeys_2025_2026 .csv,Saturday,2025,3,March,1,15,11,1,7445000
2025-03-16,Sunday,2292000,3188000,Journeys_2025_2026 .csv,Sunday,2025,3,March,1,16,11,1,5480000
2025-03-17,Monday,3235000,4938000,Journeys_2025_2026 .csv,Monday,2025,3,March,1,17,12,0,8173000
2025-03-18,Tuesday,3671000,5161000,Journeys_2025_2026 .csv,Tuesday,2025,3,March,1,18,12,0,8832000
2025-03-19,Wednesday,3697000,5136000,Journeys_2025_2026 .csv,Wednesday,2025,3,March,1,19,12,0,8833000
2025-03-20,Thursday,3879000,5226000,Journeys_2025_2026 .csv,Thursday,2025,3,March,1,20,12,0,9105000
2025-03-21,Friday,3486000,5185000,Journeys_2025_2026 .csv,Friday,2025,3,March,1,21,12,0,8671000
2025-03-22,Saturday,3118000,4242000,Journeys_2025_2026 .csv,Saturday,2025,3,March,1,22,12,1,7360000
2025-03-23,Sunday,2021000,3111000,Journeys_2025_2026 .csv,Sunday,2025,3,March,1,23,12,1,5132000
2025-03-24,Monday,3287000,4955000,Journeys_2025_2026 .csv,Monday,2025,3,March,1,24,13,0,8242000
2025-03-25,Tuesday,3662000,5115000,Journeys_2025_2026 .csv,Tuesday,2025,3,March,1,25,13,0,8777000
2025-03-26,Wednesday,3704000,5161000,Journeys_2025_2026 .csv,Wednesday,2025,3,March,1,26,13,0,8865000
2025-03-27,Thursday,3825000,5249000,Journeys_2025_2026 .csv,Thursday,2025,3,March,1,27,13,0,9074000
2025-03-28,Friday,3458000,5287000,Journeys_2025_2026 .csv,Friday,2025,3,March,1,28,13,0,8745000
2025-03-29,Saturday,3109000,4416000,Journeys_2025_2026 .csv,Saturday,2025,3,March,1,29,13,1,7525000
2025-03-30,Sunday,2152000,3450000,Journeys_2025_2026 .csv,Sunday,2025,3,March,1,30,13,1,5602000
2025-03-31,Monday,3125000,4781000,Journeys_2025_2026 .csv,Monday,2025,3,March,1,31,14,0,7906000
2025-04-01,Tuesday,3623000,5083000,Journeys_2025_2026 .csv,Tuesday,2025,4,April,2,1,14,0,8706000
2025-04-02,Wednesday,3626000,5112000,Journeys_2025_2026 .csv,Wednesday,2025,4,April,2,2,14,0,8738000
2025-04-03,Thursday,3751000,5181000,Journeys_2025_2026 .csv,Thursday,2025,4,April,2,3,14,0,8932000
2025-04-04,Friday,3338000,5266000,Journeys_2025_2026 .csv,Friday,2025,4,April,2,4,14,0,8604000
2025-04-05,Saturday,3050000,4281000,Journeys_2025_2026 .csv,Saturday,2025,4,April,2,5,14,1,7331000
2025-04-06,Sunday,2267000,3272000,Journeys_2025_2026 .csv,Sunday,2025,4,April,2,6,14,1,5539000
2025-04-07,Monday,3104000,4498000,Journeys_2025_2026 .csv,Monday,2025,4,April,2,7,15,0,7602000
2025-04-08,Tuesday,3590000,4633000,Journeys_2025_2026 .csv,Tuesday,2025,4,April,2,8,15,0,8223000
2025-04-09,Wednesday,3574000,4594000,Journeys_2025_2026 .csv,Wednesday,2025,4,April,2,9,15,0,8168000
2025-04-10,Thursday,3695000,4625000,Journeys_2025_2026 .csv,Thursday,2025,4,April,2,10,15,0,8320000
2025-04-11,Friday,3354000,4749000,Journeys_2025_2026 .csv,Friday,2025,4,April,2,11,15,0,8103000
2025-04-12,Saturday,3123000,4205000,Journeys_2025_2026 .csv,Saturday,2025,4,April,2,12,15,1,7328000
2025-04-13,Sunday,2227000,3201000,Journeys_2025_2026 .csv,Sunday,2025,4,April,2,13,15,1,5428000
2025-04-14,Monday,3100000,4387000,Journeys_2025_2026 .csv,Monday,2025,4,April,2,14,16,0,7487000
2025-04-15,Tuesday,3486000,4456000,Journeys_2025_2026 .csv,Tuesday,2025,4,April,2,15,16,0,7942000
2025-04-16,Wednesday,3594000,4655000,Journeys_2025_2026 .csv,Wednesday,2025,4,April,2,16,16,0,8249000
2025-04-17,Thursday,3562000,4757000,Journeys_2025_2026 .csv,Thursday,2025,4,April,2,17,16,0,8319000
2025-04-18,Friday,2555000,3866000,Journeys_2025_2026 .csv,Friday,2025,4,April,2,18,16,0,6421000
2025-04-19,Saturday,2713000,4059000,Journeys_2025_2026 .csv,Saturday,2025,4,April,2,19,16,1,6772000
2025-04-20,Sunday,1806000,2820000,Journeys_2025_2026 .csv,Sunday,2025,4,April,2,20,16,1,4626000
2025-04-21,Monday,1833000,3045000,Journeys_2025_2026 .csv,Monday,2025,4,April,2,21,17,0,4878000
2025-04-22,Tuesday,3224000,4969000,Journeys_2025_2026 .csv,Tuesday,2025,4,April,2,22,17,0,8193000
2025-04-23,Wednesday,3573000,5003000,Journeys_2025_2026 .csv,Wednesday,2025,4,April,2,23,17,0,8576000
2025-04-24,Thursday,3777000,5163000,Journeys_2025_2026 .csv,Thursday,2025,4,April,2,24,17,0,8940000
2025-04-25,Friday,3435000,5227000,Journeys_2025_2026 .csv,Friday,2025,4,April,2,25,17,0,8662000
2025-04-26,Saturday,3300000,4223000,Journeys_2025_2026 .csv,Saturday,2025,4,April,2,26,17,1,7523000
2025-04-27,Sunday,2662000,3132000,Journeys_2025_2026 .csv,Sunday,2025,4,April,2,27,17,1,5794000
2025-04-28,Monday,3231000,5001000,Journeys_2025_2026 .csv,Monday,2025,4,April,2,28,18,0,8232000
2025-04-29,Tuesday,3717000,5185000,Journeys_2025_2026 .csv,Tuesday,2025,4,April,2,29,18,0,8902000
2025-04-30,Wednesday,3767000,5235000,Journeys_2025_2026 .csv,Wednesday,2025,4,April,2,30,18,0,9002000
2025-05-01,Thursday,3884000,5232000,Journeys_2025_2026 .csv,Thursday,2025,5,May,2,1,18,0,9116000
2025-05-02,Friday,3451000,5298000,Journeys_2025_2026 .csv,Friday,2025,5,May,2,2,18,0,8749000
2025-05-03,Saturday,3029000,4450000,Journeys_2025_2026 .csv,Saturday,2025,5,May,2,3,18,1,7479000
2025-05-04,Sunday,2200000,3479000,Journeys_2025_2026 .csv,Sunday,2025,5,May,2,4,18,1,5679000
2025-05-05,Monday,2005000,3127000,Journeys_2025_2026 .csv,Monday,2025,5,May,2,5,19,0,5132000
2025-05-06,Tuesday,3465000,5099000,Journeys_2025_2026 .csv,Tuesday,2025,5,May,2,6,19,0,8564000
2025-05-07,Wednesday,3654000,5152000,Journeys_2025_2026 .csv,Wednesday,2025,5,May,2,7,19,0,8806000
2025-05-08,Thursday,3833000,5210000,Journeys_2025_2026 .csv,Thursday,2025,5,May,2,8,19,0,9043000
2025-05-09,Friday,3398000,5292000,Journeys_2025_2026 .csv,Friday,2025,5,May,2,9,19,0,8690000
2025-05-10,Saturday,2942000,4453000,Journeys_2025_2026 .csv,Saturday,2025,5,May,2,10,19,1,7395000
2025-05-11,Sunday,1991000,3357000,Journeys_2025_2026 .csv,Sunday,2025,5,May,2,11,19,1,5348000
2025-05-12,Monday,3090000,5079000,Journeys_2025_2026 .csv,Monday,2025,5,May,2,12,20,0,8169000
2025-05-13,Tuesday,3643000,5177000,Journeys_2025_2026 .csv,Tuesday,2025,5,May,2,13,20,0,8820000
2025-05-14,Wednesday,3720000,5169000,Journeys_2025_2026 .csv,Wednesday,2025,5,May,2,14,20,0,8889000
2025-05-15,Thursday,3826000,5148000,Journeys_2025_2026 .csv,Thursday,2025,5,May,2,15,20,0,8974000
2025-05-16,Friday,3416000,5287000,Journeys_2025_2026 .csv,Friday,2025,5,May,2,16,20,0,8703000
2025-05-17,Saturday,3048000,4348000,Journeys_2025_2026 .csv,Saturday,2025,5,May,2,17,20,1,7396000
2025-05-18,Sunday,2179000,3249000,Journeys_2025_2026 .csv,Sunday,2025,5,May,2,18,20,1,5428000
2025-05-19,Monday,3204000,4949000,Journeys_2025_2026 .csv,Monday,2025,5,May,2,19,21,0,8153000
2025-05-20,Tuesday,3668000,5163000,Journeys_2025_2026 .csv,Tuesday,2025,5,May,2,20,21,0,8831000
2025-05-21,Wednesday,3738000,5143000,Journeys_2025_2026 .csv,Wednesday,2025,5,May,2,21,21,0,8881000
2025-05-22,Thursday,3790000,5198000,Journeys_2025_2026 .csv,Thursday,2025,5,May,2,22,21,0,8988000
2025-05-23,Friday,3426000,5280000,Journeys_2025_2026 .csv,Friday,2025,5,May,2,23,21,0,8706000
2025-05-24,Saturday,2834000,4186000,Journeys_2025_2026 .csv,Saturday,2025,5,May,2,24,21,1,7020000
2025-05-25,Sunday,2320000,3503000,Journeys_2025_2026 .csv,Sunday,2025,5,May,2,25,21,1,5823000
2025-05-26,Monday,2071000,3324000,Journeys_2025_2026 .csv,Monday,2025,5,May,2,26,22,0,5395000
2025-05-27,Tuesday,3356000,4429000,Journeys_2025_2026 .csv,Tuesday,2025,5,May,2,27,22,0,7785000
2025-05-28,Wednesday,3570000,4713000,Journeys_2025_2026 .csv,Wednesday,2025,5,May,2,28,22,0,8283000
2025-05-29,Thursday,3706000,4698000,Journeys_2025_2026 .csv,Thursday,2025,5,May,2,29,22,0,8404000
2025-05-30,Friday,3409000,4851000,Journeys_2025_2026 .csv,Friday,2025,5,May,2,30,22,0,8260000
2025-05-31,Saturday,2724000,4475000,Journeys_2025_2026 .csv,Saturday,2025,5,May,2,31,22,1,7199000
2025-06-01,Sunday,1943000,3313000,Journeys_2025_2026 .csv,Sunday,2025,6,June,2,1,22,1,5256000
2025-06-02,Monday,3088000,4918000,Journeys_2025_2026 .csv,Monday,2025,6,June,2,2,23,0,8006000
2025-06-03,Tuesday,3554000,5019000,Journeys_2025_2026 .csv,Tuesday,2025,6,June,2,3,23,0,8573000
2025-06-04,Wednesday,3662000,5224000,Journeys_2025_2026 .csv,Wednesday,2025,6,June,2,4,23,0,8886000
2025-06-05,Thursday,3792000,5136000,Journeys_2025_2026 .csv,Thursday,2025,6,June,2,5,23,0,8928000
2025-06-06,Friday,3493000,5298000,Journeys_2025_2026 .csv,Friday,2025,6,June,2,6,23,0,8791000
2025-06-07,Saturday,3123000,4147000,Journeys_2025_2026 .csv,Saturday,2025,6,June,2,7,23,1,7270000
2025-06-08,Sunday,2269000,3393000,Journeys_2025_2026 .csv,Sunday,2025,6,June,2,8,23,1,5662000
2025-06-09,Monday,3261000,5070000,Journeys_2025_2026 .csv,Monday,2025,6,June,2,9,24,0,8331000
2025-06-10,Tuesday,3694000,5238000,Journeys_2025_2026 .csv,Tuesday,2025,6,June,2,10,24,0,8932000
2025-06-11,Wednesday,3772000,5253000,Journeys_2025_2026 .csv,Wednesday,2025,6,June,2,11,24,0,9025000
2025-06-12,Thursday,3888000,5226000,Journeys_2025_2026 .csv,Thursday,2025,6,June,2,12,24,0,9114000
2025-06-13,Friday,3439000,5335000,Journeys_2025_2026 .csv,Friday,2025,6,June,2,13,24,0,8774000
2025-06-14,Saturday,3142000,4400000,Journeys_2025_2026 .csv,Saturday,2025,6,June,2,14,24,1,7542000
2025-06-15,Sunday,2188000,3339000,Journeys_2025_2026 .csv,Sunday,2025,6,June,2,15,24,1,5527000
2025-06-16,Monday,3267000,5090000,Journeys_2025_2026 .csv,Monday,2025,6,June,2,16,25,0,8357000
2025-06-17,Tuesday,3682000,5160000,Journeys_2025_2026 .csv,Tuesday,2025,6,June,2,17,25,0,8842000
2025-06-18,Wednesday,3768000,5170000,Journeys_2025_2026 .csv,Wednesday,2025,6,June,2,18,25,0,8938000
2025-06-19,Thursday,3832000,5190000,Journeys_2025_2026 .csv,Thursday,2025,6,June,2,19,25,0,9022000
2025-06-20,Friday,3507000,5222000,Journeys_2025_2026 .csv,Friday,2025,6,June,2,20,25,0,8729000
2025-06-21,Saturday,3103000,4262000,Journeys_2025_2026 .csv,Saturday,2025,6,June,2,21,25,1,7365000
2025-06-22,Sunday,2150000,3337000,Journeys_2025_2026 .csv,Sunday,2025,6,June,2,22,25,1,5487000
2025-06-23,Monday,3234000,4982000,Journeys_2025_2026 .csv,Monday,2025,6,June,2,23,26,0,8216000
2025-06-24,Tuesday,3710000,5135000,Journeys_2025_2026 .csv,Tuesday,2025,6,June,2,24,26,0,8845000
2025-06-25,Wednesday,3737000,5139000,Journeys_2025_2026 .csv,Wednesday,2025,6,June,2,25,26,0,8876000
2025-06-26,Thursday,3873000,5180000,Journeys_2025_2026 .csv,Thursday,2025,6,June,2,26,26,0,9053000
2025-06-27,Friday,3522000,5251000,Journeys_2025_2026 .csv,Friday,2025,6,June,2,27,26,0,8773000
2025-06-28,Saturday,3233000,4331000,Journeys_2025_2026 .csv,Saturday,2025,6,June,2,28,26,1,7564000
2025-06-29,Sunday,2241000,3289000,Journeys_2025_2026 .csv,Sunday,2025,6,June,2,29,26,1,5530000
2025-06-30,Monday,3179000,4801000,Journeys_2025_2026 .csv,Monday,2025,6,June,2,30,27,0,7980000
2025-07-01,Tuesday,3534000,4879000,Journeys_2025_2026 .csv,Tuesday,2025,7,July,3,1,27,0,8413000
2025-07-02,Wednesday,3845000,5163000,Journeys_2025_2026 .csv,Wednesday,2025,7,July,3,2,27,0,9008000
2025-07-03,Thursday,4064000,5253000,Journeys_2025_2026 .csv,Thursday,2025,7,July,3,3,27,0,9317000
2025-07-04,Friday,3778000,5252000,Journeys_2025_2026 .csv,Friday,2025,7,July,3,4,27,0,9030000
2025-07-05,Saturday,3342000,4331000,Journeys_2025_2026 .csv,Saturday,2025,7,July,3,5,27,1,7673000
2025-07-06,Sunday,2321000,3320000,Journeys_2025_2026 .csv,Sunday,2025,7,July,3,6,27,1,5641000
2025-07-07,Monday,3331000,4894000,Journeys_2025_2026 .csv,Monday,2025,7,July,3,7,28,0,8225000
2025-07-08,Tuesday,3774000,5088000,Journeys_2025_2026 .csv,Tuesday,2025,7,July,3,8,28,0,8862000
2025-07-09,Wednesday,3794000,5045000,Journeys_2025_2026 .csv,Wednesday,2025,7,July,3,9,28,0,8839000
2025-07-10,Thursday,3931000,5065000,Journeys_2025_2026 .csv,Thursday,2025,7,July,3,10,28,0,8996000
2025-07-11,Friday,3557000,5019000,Journeys_2025_2026 .csv,Friday,2025,7,July,3,11,28,0,8576000
2025-07-12,Saturday,3048000,4209000,Journeys_2025_2026 .csv,Saturday,2025,7,July,3,12,28,1,7257000
2025-07-13,Sunday,2306000,3289000,Journeys_2025_2026 .csv,Sunday,2025,7,July,3,13,28,1,5595000
2025-07-14,Monday,3269000,4812000,Journeys_2025_2026 .csv,Monday,2025,7,July,3,14,29,0,8081000
2025-07-15,Tuesday,3651000,4967000,Journeys_2025_2026 .csv,Tuesday,2025,7,July,3,15,29,0,8618000
2025-07-16,Wednesday,3723000,5026000,Journeys_2025_2026 .csv,Wednesday,2025,7,July,3,16,29,0,8749000
2025-07-17,Thursday,3765000,4979000,Journeys_2025_2026 .csv,Thursday,2025,7,July,3,17,29,0,8744000
2025-07-18,Friday,3357000,5089000,Journeys_2025_2026 .csv,Friday,2025,7,July,3,18,29,0,8446000
2025-07-19,Saturday,2846000,3983000,Journeys_2025_2026 .csv,Saturday,2025,7,July,3,19,29,1,6829000
2025-07-20,Sunday,1975000,3318000,Journeys_2025_2026 .csv,Sunday,2025,7,July,3,20,29,1,5293000
2025-07-21,Monday,3048000,4620000,Journeys_2025_2026 .csv,Monday,2025,7,July,3,21,30,0,7668000
2025-07-22,Tuesday,3531000,4709000,Journeys_2025_2026 .csv,Tuesday,2025,7,July,3,22,30,0,8240000
2025-07-23,Wednesday,3603000,4665000,Journeys_2025_2026 .csv,Wednesday,2025,7,July,3,23,30,0,8268000
2025-07-24,Thursday,3671000,4561000,Journeys_2025_2026 .csv,Thursday,2025,7,July,3,24,30,0,8232000
2025-07-25,Friday,3505000,4735000,Journeys_2025_2026 .csv,Friday,2025,7,July,3,25,30,0,8240000
2025-07-26,Saturday,3168000,4089000,Journeys_2025_2026 .csv,Saturday,2025,7,July,3,26,30,1,7257000
2025-07-27,Sunday,2176000,3219000,Journeys_2025_2026 .csv,Sunday,2025,7,July,3,27,30,1,5395000
2025-07-28,Monday,3085000,4383000,Journeys_2025_2026 .csv,Monday,2025,7,July,3,28,31,0,7468000
2025-07-29,Tuesday,3517000,4475000,Journeys_2025_2026 .csv,Tuesday,2025,7,July,3,29,31,0,7992000
2025-07-30,Wednesday,3591000,4535000,Journeys_2025_2026 .csv,Wednesday,2025,7,July,3,30,31,0,8126000
2025-07-31,Thursday,3604000,4482000,Journeys_2025_2026 .csv,Thursday,2025,7,July,3,31,31,0,8086000
2025-08-01,Friday,3220000,4591000,Journeys_2025_2026 .csv,Friday,2025,8,August,3,1,31,0,7811000
2025-08-02,Saturday,2951000,4135000,Journeys_2025_2026 .csv,Saturday,2025,8,August,3,2,31,1,7086000
2025-08-03,Sunday,2161000,3224000,Journeys_2025_2026 .csv,Sunday,2025,8,August,3,3,31,1,5385000
2025-08-04,Monday,2983000,4267000,Journeys_2025_2026 .csv,Monday,2025,8,August,3,4,32,0,7250000
2025-08-05,Tuesday,3445000,4542000,Journeys_2025_2026 .csv,Tuesday,2025,8,August,3,5,32,0,7987000
2025-08-06,Wednesday,3508000,4501000,Journeys_2025_2026 .csv,Wednesday,2025,8,August,3,6,32,0,8009000
2025-08-07,Thursday,3449000,4491000,Journeys_2025_2026 .csv,Thursday,2025,8,August,3,7,32,0,7940000
2025-08-08,Friday,3162000,4574000,Journeys_2025_2026 .csv,Friday,2025,8,August,3,8,32,0,7736000
2025-08-09,Saturday,2976000,4027000,Journeys_2025_2026 .csv,Saturday,2025,8,August,3,9,32,1,7003000
2025-08-10,Sunday,2226000,3172000,Journeys_2025_2026 .csv,Sunday,2025,8,August,3,10,32,1,5398000
2025-08-11,Monday,2920000,4204000,Journeys_2025_2026 .csv,Monday,2025,8,August,3,11,33,0,7124000
2025-08-12,Tuesday,3303000,4362000,Journeys_2025_2026 .csv,Tuesday,2025,8,August,3,12,33,0,7665000
2025-08-13,Wednesday,3336000,4358000,Journeys_2025_2026 .csv,Wednesday,2025,8,August,3,13,33,0,7694000
2025-08-14,Thursday,3455000,4519000,Journeys_2025_2026 .csv,Thursday,2025,8,August,3,14,33,0,7974000
2025-08-15,Friday,3180000,4463000,Journeys_2025_2026 .csv,Friday,2025,8,August,3,15,33,0,7643000
2025-08-16,Saturday,2932000,3952000,Journeys_2025_2026 .csv,Saturday,2025,8,August,3,16,33,1,6884000
2025-08-17,Sunday,2101000,3165000,Journeys_2025_2026 .csv,Sunday,2025,8,August,3,17,33,1,5266000
2025-08-18,Monday,2870000,4202000,Journeys_2025_2026 .csv,Monday,2025,8,August,3,18,34,0,7072000
2025-08-19,Tuesday,3260000,4384000,Journeys_2025_2026 .csv,Tuesday,2025,8,August,3,19,34,0,7644000
2025-08-20,Wednesday,3354000,4422000,Journeys_2025_2026 .csv,Wednesday,2025,8,August,3,20,34,0,7776000
2025-08-21,Thursday,3401000,4553000,Journeys_2025_2026 .csv,Thursday,2025,8,August,3,21,34,0,7954000
2025-08-22,Friday,3216000,4546000,Journeys_2025_2026 .csv,Friday,2025,8,August,3,22,34,0,7762000
2025-08-23,Saturday,2905000,3921000,Journeys_2025_2026 .csv,Saturday,2025,8,August,3,23,34,1,6826000
2025-08-24,Sunday,2235000,3242000,Journeys_2025_2026 .csv,Sunday,2025,8,August,3,24,34,1,5477000
2025-08-25,Monday,2180000,3258000,Journeys_2025_2026 .csv,Monday,2025,8,August,3,25,35,0,5438000
2025-08-26,Tuesday,3202000,4377000,Journeys_2025_2026 .csv,Tuesday,2025,8,August,3,26,35,0,7579000
2025-08-27,Wednesday,3367000,4441000,Journeys_2025_2026 .csv,Wednesday,2025,8,August,3,27,35,0,7808000
2025-08-28,Thursday,3464000,4501000,Journeys_2025_2026 .csv,Thursday,2025,8,August,3,28,35,0,7965000
2025-08-29,Friday,3088000,4266000,Journeys_2025_2026 .csv,Friday,2025,8,August,3,29,35,0,7354000
2025-08-30,Saturday,2914000,4031000,Journeys_2025_2026 .csv,Saturday,2025,8,August,3,30,35,1,6945000
2025-08-31,Sunday,2071000,3201000,Journeys_2025_2026 .csv,Sunday,2025,8,August,3,31,35,1,5272000
2025-09-01,Monday,2958000,4259000,Journeys_2025_2026 .csv,Monday,2025,9,September,3,1,36,0,7217000
2025-09-02,Tuesday,3291000,4672000,Journeys_2025_2026 .csv,Tuesday,2025,9,September,3,2,36,0,7963000
2025-09-03,Wednesday,3493000,4887000,Journeys_2025_2026 .csv,Wednesday,2025,9,September,3,3,36,0,8380000
2025-09-04,Thursday,3748000,5041000,Journeys_2025_2026 .csv,Thursday,2025,9,September,3,4,36,0,8789000
2025-09-05,Friday,3287000,5196000,Journeys_2025_2026 .csv,Friday,2025,9,September,3,5,36,0,8483000
2025-09-06,Saturday,2836000,4259000,Journeys_2025_2026 .csv,Saturday,2025,9,September,3,6,36,1,7095000
2025-09-07,Sunday,1272000,3493000,Journeys_2025_2026 .csv,Sunday,2025,9,September,3,7,36,1,4765000
2025-09-08,Monday,529000,5701000,Journeys_2025_2026 .csv,Monday,2025,9,September,3,8,37,0,6230000
2025-09-09,Tuesday,650000,5748000,Journeys_2025_2026 .csv,Tuesday,2025,9,September,3,9,37,0,6398000
2025-09-10,Wednesday,589000,5667000,Journeys_2025_2026 .csv,Wednesday,2025,9,September,3,10,37,0,6256000
2025-09-11,Thursday,607000,5756000,Journeys_2025_2026 .csv,Thursday,2025,9,September,3,11,37,0,6363000
2025-09-12,Friday,2711000,5289000,Journeys_2025_2026 .csv,Friday,2025,9,September,3,12,37,0,8000000
2025-09-13,Saturday,2822000,4081000,Journeys_2025_2026 .csv,Saturday,2025,9,September,3,13,37,1,6903000
2025-09-14,Sunday,1869000,3162000,Journeys_2025_2026 .csv,Sunday,2025,9,September,3,14,37,1,5031000
2025-09-15,Monday,3133000,5019000,Journeys_2025_2026 .csv,Monday,2025,9,September,3,15,38,0,8152000
2025-09-16,Tuesday,3642000,5220000,Journeys_2025_2026 .csv,Tuesday,2025,9,September,3,16,38,0,8862000
2025-09-17,Wednesday,3668000,5063000,Journeys_2025_2026 .csv,Wednesday,2025,9,September,3,17,38,0,8731000
2025-09-18,Thursday,3813000,5250000,Journeys_2025_2026 .csv,Thursday,2025,9,September,3,18,38,0,9063000
2025-09-19,Friday,3407000,5310000,Journeys_2025_2026 .csv,Friday,2025,9,September,3,19,38,0,8717000
2025-09-20,Saturday,3069000,4228000,Journeys_2025_2026 .csv,Saturday,2025,9,September,3,20,38,1,7297000
2025-09-21,Sunday,2208000,3291000,Journeys_2025_2026 .csv,Sunday,2025,9,September,3,21,38,1,5499000
2025-09-22,Monday,3214000,5049000,Journeys_2025_2026 .csv,Monday,2025,9,September,3,22,39,0,8263000
2025-09-23,Tuesday,3633000,5176000,Journeys_2025_2026 .csv,Tuesday,2025,9,September,3,23,39,0,8809000
2025-09-24,Wednesday,3735000,5217000,Journeys_2025_2026 .csv,Wednesday,2025,9,September,3,24,39,0,8952000
2025-09-25,Thursday,3889000,5339000,Journeys_2025_2026 .csv,Thursday,2025,9,September,3,25,39,0,9228000
2025-09-26,Friday,3499000,5284000,Journeys_2025_2026 .csv,Friday,2025,9,September,3,26,39,0,8783000
2025-09-27,Saturday,3260000,4461000,Journeys_2025_2026 .csv,Saturday,2025,9,September,3,27,39,1,7721000
2025-09-28,Sunday,2280000,3255000,Journeys_2025_2026 .csv,Sunday,2025,9,September,3,28,39,1,5535000
2025-09-29,Monday,3337000,5107000,Journeys_2025_2026 .csv,Monday,2025,9,September,3,29,40,0,8444000
2025-09-30,Tuesday,3781000,5283000,Journeys_2025_2026 .csv,Tuesday,2025,9,September,3,30,40,0,9064000
2025-10-01,Wednesday,3745000,5151000,Journeys_2025_2026 .csv,Wednesday,2025,10,October,4,1,40,0,8896000
2025-10-02,Thursday,3853000,5161000,Journeys_2025_2026 .csv,Thursday,2025,10,October,4,2,40,0,9014000
2025-10-03,Friday,3554000,5100000,Journeys_2025_2026 .csv,Friday,2025,10,October,4,3,40,0,8654000
2025-10-04,Saturday,3102000,4352000,Journeys_2025_2026 .csv,Saturday,2025,10,October,4,4,40,1,7454000
2025-10-05,Sunday,2081000,3307000,Journeys_2025_2026 .csv,Sunday,2025,10,October,4,5,40,1,5388000
2025-10-06,Monday,3307000,5028000,Journeys_2025_2026 .csv,Monday,2025,10,October,4,6,41,0,8335000
2025-10-07,Tuesday,3718000,5154000,Journeys_2025_2026 .csv,Tuesday,2025,10,October,4,7,41,0,8872000
2025-10-08,Wednesday,3726000,5132000,Journeys_2025_2026 .csv,Wednesday,2025,10,October,4,8,41,0,8858000
2025-10-09,Thursday,4033000,5211000,Journeys_2025_2026 .csv,Thursday,2025,10,October,4,9,41,0,9244000
2025-10-10,Friday,3552000,5219000,Journeys_2025_2026 .csv,Friday,2025,10,October,4,10,41,0,8771000
2025-10-11,Saturday,3222000,4407000,Journeys_2025_2026 .csv,Saturday,2025,10,October,4,11,41,1,7629000
2025-10-12,Sunday,2296000,3298000,Journeys_2025_2026 .csv,Sunday,2025,10,October,4,12,41,1,5594000
2025-10-13,Monday,3384000,4953000,Journeys_2025_2026 .csv,Monday,2025,10,October,4,13,42,0,8337000
2025-10-14,Tuesday,3816000,5099000,Journeys_2025_2026 .csv,Tuesday,2025,10,October,4,14,42,0,8915000
2025-10-15,Wednesday,3855000,5126000,Journeys_2025_2026 .csv,Wednesday,2025,10,October,4,15,42,0,8981000
2025-10-16,Thursday,3967000,5203000,Journeys_2025_2026 .csv,Thursday,2025,10,October,4,16,42,0,9170000
2025-10-17,Friday,3577000,5289000,Journeys_2025_2026 .csv,Friday,2025,10,October,4,17,42,0,8866000
2025-10-18,Saturday,3174000,4197000,Journeys_2025_2026 .csv,Saturday,2025,10,October,4,18,42,1,7371000
2025-10-19,Sunday,2233000,3106000,Journeys_2025_2026 .csv,Sunday,2025,10,October,4,19,42,1,5339000
2025-10-20,Monday,3305000,4766000,Journeys_2025_2026 .csv,Monday,2025,10,October,4,20,43,0,8071000
2025-10-21,Tuesday,3693000,5129000,Journeys_2025_2026 .csv,Tuesday,2025,10,October,4,21,43,0,8822000
2025-10-22,Wednesday,3695000,5073000,Journeys_2025_2026 .csv,Wednesday,2025,10,October,4,22,43,0,8768000
2025-10-23,Thursday,3772000,4865000,Journeys_2025_2026 .csv,Thursday,2025,10,October,4,23,43,0,8637000
2025-10-24,Friday,3525000,5004000,Journeys_2025_2026 .csv,Friday,2025,10,October,4,24,43,0,8529000
2025-10-25,Saturday,3129000,4232000,Journeys_2025_2026 .csv,Saturday,2025,10,October,4,25,43,1,7361000
2025-10-26,Sunday,2218000,3297000,Journeys_2025_2026 .csv,Sunday,2025,10,October,4,26,43,1,5515000
2025-10-27,Monday,3397000,4458000,Journeys_2025_2026 .csv,Monday,2025,10,October,4,27,44,0,7855000
2025-10-28,Tuesday,3801000,4680000,Journeys_2025_2026 .csv,Tuesday,2025,10,October,4,28,44,0,8481000
2025-10-29,Wednesday,3884000,4464000,Journeys_2025_2026 .csv,Wednesday,2025,10,October,4,29,44,0,8348000
2025-10-30,Thursday,3958000,4712000,Journeys_2025_2026 .csv,Thursday,2025,10,October,4,30,44,0,8670000
2025-10-31,Friday,3558000,4758000,Journeys_2025_2026 .csv,Friday,2025,10,October,4,31,44,0,8316000
2025-11-01,Saturday,3085000,4215000,Journeys_2025_2026 .csv,Saturday,2025,11,November,4,1,44,1,7300000
2025-11-02,Sunday,2067000,3119000,Journeys_2025_2026 .csv,Sunday,2025,11,November,4,2,44,1,5186000
2025-11-03,Monday,3185000,4769000,Journeys_2025_2026 .csv,Monday,2025,11,November,4,3,45,0,7954000
2025-11-04,Tuesday,3732000,5062000,Journeys_2025_2026 .csv,Tuesday,2025,11,November,4,4,45,0,8794000
2025-11-05,Wednesday,3722000,5114000,Journeys_2025_2026 .csv,Wednesday,2025,11,November,4,5,45,0,8836000
2025-11-06,Thursday,3851000,5131000,Journeys_2025_2026 .csv,Thursday,2025,11,November,4,6,45,0,8982000
2025-11-07,Friday,3476000,5161000,Journeys_2025_2026 .csv,Friday,2025,11,November,4,7,45,0,8637000
2025-11-08,Saturday,3375000,4241000,Journeys_2025_2026 .csv,Saturday,2025,11,November,4,8,45,1,7616000
2025-11-09,Sunday,2202000,3128000,Journeys_2025_2026 .csv,Sunday,2025,11,November,4,9,45,1,5330000
2025-11-10,Monday,3357000,4868000,Journeys_2025_2026 .csv,Monday,2025,11,November,4,10,46,0,8225000
2025-11-11,Tuesday,3813000,5191000,Journeys_2025_2026 .csv,Tuesday,2025,11,November,4,11,46,0,9004000
2025-11-12,Wednesday,3838000,5172000,Journeys_2025_2026 .csv,Wednesday,2025,11,November,4,12,46,0,9010000
2025-11-13,Thursday,4092000,5245000,Journeys_2025_2026 .csv,Thursday,2025,11,November,4,13,46,0,9337000
2025-11-14,Friday,3616000,5024000,Journeys_2025_2026 .csv,Friday,2025,11,November,4,14,46,0,8640000
2025-11-15,Saturday,3526000,4312000,Journeys_2025_2026 .csv,Saturday,2025,11,November,4,15,46,1,7838000
2025-11-16,Sunday,2312000,3216000,Journeys_2025_2026 .csv,Sunday,2025,11,November,4,16,46,1,5528000
2025-11-17,Monday,3410000,4981000,Journeys_2025_2026 .csv,Monday,2025,11,November,4,17,47,0,8391000
2025-11-18,Tuesday,3825000,5063000,Journeys_2025_2026 .csv,Tuesday,2025,11,November,4,18,47,0,8888000
2025-11-19,Wednesday,3847000,4966000,Journeys_2025_2026 .csv,Wednesday,2025,11,November,4,19,47,0,8813000
2025-11-20,Thursday,4077000,5113000,Journeys_2025_2026 .csv,Thursday,2025,11,November,4,20,47,0,9190000
2025-11-21,Friday,3790000,5158000,Journeys_2025_2026 .csv,Friday,2025,11,November,4,21,47,0,8948000
2025-11-22,Saturday,3370000,4054000,Journeys_2025_2026 .csv,Saturday,2025,11,November,4,22,47,1,7424000
2025-11-23,Sunday,2455000,3223000,Journeys_2025_2026 .csv,Sunday,2025,11,November,4,23,47,1,5678000
2025-11-24,Monday,3476000,4893000,Journeys_2025_2026 .csv,Monday,2025,11,November,4,24,48,0,8369000
2025-11-25,Tuesday,3998000,5128000,Journeys_2025_2026 .csv,Tuesday,2025,11,November,4,25,48,0,9126000
2025-11-26,Wednesday,4100000,5070000,Journeys_2025_2026 .csv,Wednesday,2025,11,November,4,26,48,0,9170000
2025-11-27,Thursday,4176000,5153000,Journeys_2025_2026 .csv,Thursday,2025,11,November,4,27,48,0,9329000
2025-11-28,Friday,4052000,5249000,Journeys_2025_2026 .csv,Friday,2025,11,November,4,28,48,0,9301000
2025-11-29,Saturday,3703000,4281000,Journeys_2025_2026 .csv,Saturday,2025,11,November,4,29,48,1,7984000
2025-11-30,Sunday,2636000,3407000,Journeys_2025_2026 .csv,Sunday,2025,11,November,4,30,48,1,6043000
2025-12-01,Monday,3534000,4843000,Journeys_2025_2026 .csv,Monday,2025,12,December,4,1,49,0,8377000
2025-12-02,Tuesday,4031000,5162000,Journeys_2025_2026 .csv,Tuesday,2025,12,December,4,2,49,0,9193000
2025-12-03,Wednesday,4161000,5162000,Journeys_2025_2026 .csv,Wednesday,2025,12,December,4,3,49,0,9323000
2025-12-04,Thursday,4324000,5071000,Journeys_2025_2026 .csv,Thursday,2025,12,December,4,4,49,0,9395000
2025-12-05,Friday,4058000,5246000,Journeys_2025_2026 .csv,Friday,2025,12,December,4,5,49,0,9304000
2025-12-06,Saturday,3784000,4328000,Journeys_2025_2026 .csv,Saturday,2025,12,December,4,6,49,1,8112000
2025-12-07,Sunday,2563000,3200000,Journeys_2025_2026 .csv,Sunday,2025,12,December,4,7,49,1,5763000
2025-12-08,Monday,3648000,5028000,Journeys_2025_2026 .csv,Monday,2025,12,December,4,8,50,0,8676000
2025-12-09,Tuesday,4071000,5124000,Journeys_2025_2026 .csv,Tuesday,2025,12,December,4,9,50,0,9195000
2025-12-10,Wednesday,4167000,5230000,Journeys_2025_2026 .csv,Wednesday,2025,12,December,4,10,50,0,9397000
2025-12-11,Thursday,4300000,5230000,Journeys_2025_2026 .csv,Thursday,2025,12,December,4,11,50,0,9530000
2025-12-12,Friday,3981000,5208000,Journeys_2025_2026 .csv,Friday,2025,12,December,4,12,50,0,9189000
2025-12-13,Saturday,3817000,4367000,Journeys_2025_2026 .csv,Saturday,2025,12,December,4,13,50,1,8184000
2025-12-14,Sunday,2569000,3275000,Journeys_2025_2026 .csv,Sunday,2025,12,December,4,14,50,1,5844000
2025-12-15,Monday,3408000,4873000,Journeys_2025_2026 .csv,Monday,2025,12,December,4,15,51,0,8281000
2025-12-16,Tuesday,3762000,5035000,Journeys_2025_2026 .csv,Tuesday,2025,12,December,4,16,51,0,8797000
2025-12-17,Wednesday,3755000,5084000,Journeys_2025_2026 .csv,Wednesday,2025,12,December,4,17,51,0,8839000
2025-12-18,Thursday,3716000,4821000,Journeys_2025_2026 .csv,Thursday,2025,12,December,4,18,51,0,8537000
2025-12-19,Friday,3576000,5196000,Journeys_2025_2026 .csv,Friday,2025,12,December,4,19,51,0,8772000
2025-12-20,Saturday,3232000,4177000,Journeys_2025_2026 .csv,Saturday,2025,12,December,4,20,51,1,7409000
2025-12-21,Sunday,2307000,3196000,Journeys_2025_2026 .csv,Sunday,2025,12,December,4,21,51,1,5503000
2025-12-22,Monday,3122000,4467000,Journeys_2025_2026 .csv,Monday,2025,12,December,4,22,52,0,7589000
2025-12-23,Tuesday,2933000,4400000,Journeys_2025_2026 .csv,Tuesday,2025,12,December,4,23,52,0,7333000
2025-12-24,Wednesday,1874000,3724000,Journeys_2025_2026 .csv,Wednesday,2025,12,December,4,24,52,0,5598000
2025-12-25,Thursday,0,2000,Journeys_2025_2026 .csv,Thursday,2025,12,December,4,25,52,0,2000
2025-12-26,Friday,1490000,2666000,Journeys_2025_2026 .csv,Friday,2025,12,December,4,26,52,0,4156000
2025-12-27,Saturday,2521000,3419000,Journeys_2025_2026 .csv,Saturday,2025,12,December,4,27,52,1,5940000
2025-12-28,Sunday,2100000,2859000,Journeys_2025_2026 .csv,Sunday,2025,12,December,4,28,52,1,4959000
2025-12-29,Monday,2683000,3851000,Journeys_2025_2026 .csv,Monday,2025,12,December,4,29,1,0,6534000
2025-12-30,Tuesday,2901000,4043000,Journeys_2025_2026 .csv,Tuesday,2025,12,December,4,30,1,0,6944000
2025-12-31,Wednesday,2955000,3970000,Journeys_2025_2026 .csv,Wednesday,2025,12,December,4,31,1,0,6925000
2026-01-01,Thursday,1703000,2199000,Journeys_2025_2026 .csv,Thursday,2026,1,January,1,1,1,0,3902000
2026-01-02,Friday,2580000,3807000,Journeys_2025_2026 .csv,Friday,2026,1,January,1,2,1,0,6387000
2026-01-03,Saturday,2440000,3507000,Journeys_2025_2026 .csv,Saturday,2026,1,January,1,3,1,1,5947000
2026-01-04,Sunday,1760000,2753000,Journeys_2025_2026 .csv,Sunday,2026,1,January,1,4,1,1,4513000
2026-01-05,Monday,2682000,4274000,Journeys_2025_2026 .csv,Monday,2026,1,January,1,5,2,0,6956000
2026-01-06,Tuesday,3023000,4486000,Journeys_2025_2026 .csv,Tuesday,2026,1,January,1,6,2,0,7509000
2026-01-07,Wednesday,3096000,4654000,Journeys_2025_2026 .csv,Wednesday,2026,1,January,1,7,2,0,7750000
2026-01-08,Thursday,3262000,4611000,Journeys_2025_2026 .csv,Thursday,2026,1,January,1,8,2,0,7873000
2026-01-09,Friday,2801000,4579000,Journeys_2025_2026 .csv,Friday,2026,1,January,1,9,2,0,7380000
2026-01-10,Saturday,2532000,3810000,Journeys_2025_2026 .csv,Saturday,2026,1,January,1,10,2,1,6342000
2026-01-11,Sunday,1672000,2798000,Journeys_2025_2026 .csv,Sunday,2026,1,January,1,11,2,1,4470000
2026-01-12,Monday,2991000,4724000,Journeys_2025_2026 .csv,Monday,2026,1,January,1,12,3,0,7715000
2026-01-13,Tuesday,3455000,4734000,Journeys_2025_2026 .csv,Tuesday,2026,1,January,1,13,3,0,8189000
2026-01-14,Wednesday,3573000,4921000,Journeys_2025_2026 .csv,Wednesday,2026,1,January,1,14,3,0,8494000
2026-01-15,Thursday,3619000,4759000,Journeys_2025_2026 .csv,Thursday,2026,1,January,1,15,3,0,8378000
2026-01-16,Friday,3242000,5013000,Journeys_2025_2026 .csv,Friday,2026,1,January,1,16,3,0,8255000
2026-01-17,Saturday,2764000,4049000,Journeys_2025_2026 .csv,Saturday,2026,1,January,1,17,3,1,6813000
2026-01-18,Sunday,1829000,2992000,Journeys_2025_2026 .csv,Sunday,2026,1,January,1,18,3,1,4821000
2026-01-19,Monday,3178000,4761000,Journeys_2025_2026 .csv,Monday,2026,1,January,1,19,4,0,7939000
2026-01-20,Tuesday,3658000,4967000,Journeys_2025_2026 .csv,Tuesday,2026,1,January,1,20,4,0,8625000
2026-01-21,Wednesday,3690000,4815000,Journeys_2025_2026 .csv,Wednesday,2026,1,January,1,21,4,0,8505000
2026-01-22,Thursday,3797000,4959000,Journeys_2025_2026 .csv,Thursday,2026,1,January,1,22,4,0,8756000
2026-01-23,Friday,3377000,4980000,Journeys_2025_2026 .csv,Friday,2026,1,January,1,23,4,0,8357000
2026-01-24,Saturday,3042000,4132000,Journeys_2025_2026 .csv,Saturday,2026,1,January,1,24,4,1,7174000
2026-01-25,Sunday,1956000,2962000,Journeys_2025_2026 .csv,Sunday,2026,1,January,1,25,4,1,4918000
2026-01-26,Monday,3196000,4787000,Journeys_2025_2026 .csv,Monday,2026,1,January,1,26,5,0,7983000
2026-01-27,Tuesday,3590000,4828000,Journeys_2025_2026 .csv,Tuesday,2026,1,January,1,27,5,0,8418000
2026-01-28,Wednesday,3731000,5015000,Journeys_2025_2026 .csv,Wednesday,2026,1,January,1,28,5,0,8746000
2026-01-29,Thursday,3819000,4986000,Journeys_2025_2026 .csv,Thursday,2026,1,January,1,29,5,0,8805000
2026-01-30,Friday,3465000,5123000,Journeys_2025_2026 .csv,Friday,2026,1,January,1,30,5,0,8588000
2026-01-31,Saturday,3155000,4162000,Journeys_2025_2026 .csv,Saturday,2026,1,January,1,31,5,1,7317000
2026-02-01,Sunday,1995000,3047000,Journeys_2025_2026 .csv,Sunday,2026,2,February,1,1,5,1,5042000
2026-02-02,Monday,3200000,4838000,Journeys_2025_2026 .csv,Monday,2026,2,February,1,2,6,0,8038000
2026-02-03,Tuesday,3694000,4948000,Journeys_2025_2026 .csv,Tuesday,2026,2,February,1,3,6,0,8642000
2026-02-04,Wednesday,3701000,5110000,Journeys_2025_2026 .csv,Wednesday,2026,2,February,1,4,6,0,8811000
2026-02-05,Thursday,3826000,4988000,Journeys_2025_2026 .csv,Thursday,2026,2,February,1,5,6,0,8814000
2026-02-06,Friday,3406000,5024000,Journeys_2025_2026 .csv,Friday,2026,2,February,1,6,6,0,8430000
2026-02-07,Saturday,2975000,4072000,Journeys_2025_2026 .csv,Saturday,2026,2,February,1,7,6,1,7047000
2026-02-08,Sunday,2039000,3088000,Journeys_2025_2026 .csv,Sunday,2026,2,February,1,8,6,1,5127000
2026-02-09,Monday,3212000,4853000,Journeys_2025_2026 .csv,Monday,2026,2,February,1,9,7,0,8065000
2026-02-10,Tuesday,3769000,5031000,Journeys_2025_2026 .csv,Tuesday,2026,2,February,1,10,7,0,8800000
2026-02-11,Wednesday,3702000,5068000,Journeys_2025_2026 .csv,Wednesday,2026,2,February,1,11,7,0,8770000
2026-02-12,Thursday,3853000,5084000,Journeys_2025_2026 .csv,Thursday,2026,2,February,1,12,7,0,8937000
2026-02-13,Friday,3453000,5073000,Journeys_2025_2026 .csv,Friday,2026,2,February,1,13,7,0,8526000
2026-02-14,Saturday,3316000,4216000,Journeys_2025_2026 .csv,Saturday,2026,2,February,1,14,7,1,7532000
2026-02-15,Sunday,2195000,2857000,Journeys_2025_2026 .csv,Sunday,2026,2,February,1,15,7,1,5052000
2026-02-16,Monday,3373000,4405000,Journeys_2025_2026 .csv,Monday,2026,2,February,1,16,8,0,7778000
2026-02-17,Tuesday,3767000,4604000,Journeys_2025_2026 .csv,Tuesday,2026,2,February,1,17,8,0,8371000
2026-02-18,Wednesday,3661000,4413000,Journeys_2025_2026 .csv,Wednesday,2026,2,February,1,18,8,0,8074000
2026-02-19,Thursday,3714000,4371000,Journeys_2025_2026 .csv,Thursday,2026,2,February,1,19,8,0,8085000
2026-02-20,Friday,3417000,4481000,Journeys_2025_2026 .csv,Friday,2026,2,February,1,20,8,0,7898000
2026-02-21,Saturday,2990000,3963000,Journeys_2025_2026 .csv,Saturday,2026,2,February,1,21,8,1,6953000
2026-02-22,Sunday,1990000,2968000,Journeys_2025_2026 .csv,Sunday,2026,2,February,1,22,8,1,4958000
2026-02-23,Monday,3094000,4741000,Journeys_2025_2026 .csv,Monday,2026,2,February,1,23,9,0,7835000
2026-02-24,Tuesday,3567000,4990000,Journeys_2025_2026 .csv,Tuesday,2026,2,February,1,24,9,0,8557000
2026-02-25,Wednesday,3695000,5064000,Journeys_2025_2026 .csv,Wednesday,2026,2,February,1,25,9,0,8759000
2026-02-26,Thursday,3766000,5052000,Journeys_2025_2026 .csv,Thursday,2026,2,February,1,26,9,0,8818000
2026-02-27,Friday,3444000,5114000,Journeys_2025_2026 .csv,Friday,2026,2,February,1,27,9,0,8558000
2026-02-28,Saturday,3022000,4201000,Journeys_2025_2026 .csv,Saturday,2026,2,February,1,28,9,1,7223000
2026-03-01,Sunday,2056000,3136000,Journeys_2025_2026 .csv,Sunday,2026,3,March,1,1,9,1,5192000
2026-03-02,Monday,3188000,4915000,Journeys_2025_2026 .csv,Monday,2026,3,March,1,2,10,0,8103000
2026-03-03,Tuesday,3561000,5012000,Journeys_2025_2026 .csv,Tuesday,2026,3,March,1,3,10,0,8573000
2026-03-04,Wednesday,3650000,5059000,Journeys_2025_2026 .csv,Wednesday,2026,3,March,1,4,10,0,8709000
2026-03-05,Thursday,3845000,5151000,Journeys_2025_2026 .csv,Thursday,2026,3,March,1,5,10,0,8996000
2026-03-06,Friday,3387000,5093000,Journeys_2025_2026 .csv,Friday,2026,3,March,1,6,10,0,8480000
2026-03-07,Saturday,2934000,4356000,Journeys_2025_2026 .csv,Saturday,2026,3,March,1,7,10,1,7290000
2026-03-08,Sunday,1979000,3323000,Journeys_2025_2026 .csv,Sunday,2026,3,March,1,8,10,1,5302000
2026-03-09,Monday,3207000,4900000,Journeys_2025_2026 .csv,Monday,2026,3,March,1,9,11,0,8107000
2026-03-10,Tuesday,3615000,5099000,Journeys_2025_2026 .csv,Tuesday,2026,3,March,1,10,11,0,8714000
2026-03-11,Wednesday,3652000,5111000,Journeys_2025_2026 .csv,Wednesday,2026,3,March,1,11,11,0,8763000
2026-03-12,Thursday,3767000,5088000,Journeys_2025_2026 .csv,Thursday,2026,3,March,1,12,11,0,8855000
2026-03-13,Friday,3419000,5186000,Journeys_2025_2026 .csv,Friday,2026,3,March,1,13,11,0,8605000
2026-03-14,Saturday,3167000,4405000,Journeys_2025_2026 .csv,Saturday,2026,3,March,1,14,11,1,7572000
2026-03-15,Sunday,2087000,3268000,Journeys_2025_2026 .csv,Sunday,2026,3,March,1,15,11,1,5355000
2026-03-16,Monday,3241000,4899000,Journeys_2025_2026 .csv,Monday,2026,3,March,1,16,12,0,8140000
2026-03-17,Tuesday,3801000,5196000,Journeys_2025_2026 .csv,Tuesday,2026,3,March,1,17,12,0,8997000
2026-03-18,Wednesday,3751000,5188000,Journeys_2025_2026 .csv,Wednesday,2026,3,March,1,18,12,0,8939000
2026-03-19,Thursday,3869000,5104000,Journeys_2025_2026 .csv,Thursday,2026,3,March,1,19,12,0,8973000
2026-03-20,Friday,3418000,5048000,Journeys_2025_2026 .csv,Friday,2026,3,March,1,20,12,0,8466000
2026-03-21,Saturday,3130000,4444000,Journeys_2025_2026 .csv,Saturday,2026,3,March,1,21,12,1,7574000
2026-03-22,Sunday,2207000,3318000,Journeys_2025_2026 .csv,Sunday,2026,3,March,1,22,12,1,5525000
2026-03-23,Monday,3233000,4899000,Journeys_2025_2026 .csv,Monday,2026,3,March,1,23,13,0,8132000
2026-03-24,Tuesday,3607000,5037000,Journeys_2025_2026 .csv,Tuesday,2026,3,March,1,24,13,0,8644000
2026-03-25,Wednesday,3673000,5038000,Journeys_2025_2026 .csv,Wednesday,2026,3,March,1,25,13,0,8711000
2026-03-26,Thursday,3796000,5132000,Journeys_2025_2026 .csv,Thursday,2026,3,March,1,26,13,0,8928000
2026-03-27,Friday,3465000,5122000,Journeys_2025_2026 .csv,Friday,2026,3,March,1,27,13,0,8587000
2026-03-28,Saturday,3291000,4305000,Journeys_2025_2026 .csv,Saturday,2026,3,March,1,28,13,1,7596000
2026-03-29,Sunday,2092000,3135000,Journeys_2025_2026 .csv,Sunday,2026,3,March,1,29,13,1,5227000
2026-03-30,Monday,3153000,4389000,Journeys_2025_2026 .csv,Monday,2026,3,March,1,30,14,0,7542000
2026-03-31,Tuesday,3625000,4579000,Journeys_2025_2026 .csv,Tuesday,2026,3,March,1,31,14,0,8204000
2026-04-01,Wednesday,3509000,4575000,Journeys_2025_2026 .csv,Wednesday,2026,4,April,2,1,14,0,8084000
2026-04-02,Thursday,3518000,4749000,Journeys_2025_2026 .csv,Thursday,2026,4,April,2,2,14,0,8267000
2026-04-03,Friday,2450000,3809000,Journeys_2025_2026 .csv,Friday,2026,4,April,2,3,14,0,6259000
2026-04-04,Saturday,2652000,4063000,Journeys_2025_2026 .csv,Saturday,2026,4,April,2,4,14,1,6715000
2026-04-05,Sunday,1818000,2968000,Journeys_2025_2026 .csv,Sunday,2026,4,April,2,5,14,1,4786000
2026-04-06,Monday,1963000,3312000,Journeys_2025_2026 .csv,Monday,2026,4,April,2,6,15,0,5275000
2026-04-07,Tuesday,3226000,4547000,Journeys_2025_2026 .csv,Tuesday,2026,4,April,2,7,15,0,7773000
2026-04-08,Wednesday,3463000,4638000,Journeys_2025_2026 .csv,Wednesday,2026,4,April,2,8,15,0,8101000
2026-04-09,Thursday,3577000,4525000,Journeys_2025_2026 .csv,Thursday,2026,4,April,2,9,15,0,8102000
2026-04-10,Friday,3288000,4592000,Journeys_2025_2026 .csv,Friday,2026,4,April,2,10,15,0,7880000
2026-04-11,Saturday,2948000,4146000,Journeys_2025_2026 .csv,Saturday,2026,4,April,2,11,15,1,7094000
2026-04-12,Sunday,2096000,3114000,Journeys_2025_2026 .csv,Sunday,2026,4,April,2,12,15,1,5210000
2026-04-13,Monday,3023000,4744000,Journeys_2025_2026 .csv,Monday,2026,4,April,2,13,16,0,7767000
2026-04-14,Tuesday,3603000,5028000,Journeys_2025_2026 .csv,Tuesday,2026,4,April,2,14,16,0,8631000
2026-04-15,Wednesday,3683000,5026000,Journeys_2025_2026 .csv,Wednesday,2026,4,April,2,15,16,0,8709000
2026-04-16,Thursday,3764000,5101000,Journeys_2025_2026 .csv,Thursday,2026,4,April,2,16,16,0,8865000
2026-04-17,Friday,3380000,5143000,Journeys_2025_2026 .csv,Friday,2026,4,April,2,17,16,0,8523000
2026-04-18,Saturday,3125000,4362000,Journeys_2025_2026 .csv,Saturday,2026,4,April,2,18,16,1,7487000
2026-04-19,Sunday,1985000,3288000,Journeys_2025_2026 .csv,Sunday,2026,4,April,2,19,16,1,5273000
2026-04-20,Monday,3201000,4927000,Journeys_2025_2026 .csv,Monday,2026,4,April,2,20,17,0,8128000
2026-04-21,Tuesday,2162000,5249000,Journeys_2025_2026 .csv,Tuesday,2026,4,April,2,21,17,0,7411000
2026-04-22,Wednesday,2024000,5302000,Journeys_2025_2026 .csv,Wednesday,2026,4,April,2,22,17,0,7326000
2026-04-23,Thursday,2230000,5330000,Journeys_2025_2026 .csv,Thursday,2026,4,April,2,23,17,0,7560000
2026-04-24,Friday,2464000,5330000,Journeys_2025_2026 .csv,Friday,2026,4,April,2,24,17,0,7794000
2026-04-25,Saturday,3435000,4393000,Journeys_2025_2026 .csv,Saturday,2026,4,April,2,25,17,1,7828000
2026-04-26,Sunday,2701000,3148000,Journeys_2025_2026 .csv,Sunday,2026,4,April,2,26,17,1,5849000
2026-04-27,Monday,3231000,4969000,Journeys_2025_2026 .csv,Monday,2026,4,April,2,27,18,0,8200000
2026-04-28,Tuesday,3648000,5119000,Journeys_2025_2026 .csv,Tuesday,2026,4,April,2,28,18,0,8767000
2026-04-29,Wednesday,3750000,5165000,Journeys_2025_2026 .csv,Wednesday,2026,4,April,2,29,18,0,8915000
2026-04-30,Thursday,3877000,5239000,Journeys_2025_2026 .csv,Thursday,2026,4,April,2,30,18,0,9116000
2026-05-01,Friday,3441000,5298000,Journeys_2025_2026 .csv,Friday,2026,5,May,2,1,18,0,8739000
2026-05-02,Saturday,3161000,4352000,Journeys_2025_2026 .csv,Saturday,2026,5,May,2,2,18,1,7513000
2026-05-03,Sunday,2290000,3428000,Journeys_2025_2026 .csv,Sunday,2026,5,May,2,3,18,1,5718000
2026-05-04,Monday,2061000,3256000,Journeys_2025_2026 .csv,Monday,2026,5,May,2,4,19,0,5317000
2026-05-05,Tuesday,3504000,5063000,Journeys_2025_2026 .csv,Tuesday,2026,5,May,2,5,19,0,8567000
2026-05-06,Wednesday,3627000,5094000,Journeys_2025_2026 .csv,Wednesday,2026,5,May,2,6,19,0,8721000
2026-05-07,Thursday,3733000,5157000,Journeys_2025_2026 .csv,Thursday,2026,5,May,2,7,19,0,8890000
2026-05-08,Friday,3312000,5178000,Journeys_2025_2026 .csv,Friday,2026,5,May,2,8,19,0,8490000
2026-05-09,Saturday,2763000,4413000,Journeys_2025_2026 .csv,Saturday,2026,5,May,2,9,19,1,7176000
2026-05-10,Sunday,1944000,3191000,Journeys_2025_2026 .csv,Sunday,2026,5,May,2,10,19,1,5135000
2026-05-11,Monday,3190000,4901000,Journeys_2025_2026 .csv,Monday,2026,5,May,2,11,20,0,8091000
2026-05-12,Tuesday,3638000,5068000,Journeys_2025_2026 .csv,Tuesday,2026,5,May,2,12,20,0,8706000
2026-05-13,Wednesday,3737000,4975000,Journeys_2025_2026 .csv,Wednesday,2026,5,May,2,13,20,0,8712000
2026-05-14,Thursday,3873000,5151000,Journeys_2025_2026 .csv,Thursday,2026,5,May,2,14,20,0,9024000
2026-05-15,Friday,3449000,5181000,Journeys_2025_2026 .csv,Friday,2026,5,May,2,15,20,0,8630000
2026-05-16,Saturday,3038000,4159000,Journeys_2025_2026 .csv,Saturday,2026,5,May,2,16,20,1,7197000
2026-05-17,Sunday,2092000,3250000,Journeys_2025_2026 .csv,Sunday,2026,5,May,2,17,20,1,5342000
2026-05-18,Monday,3295000,4944000,Journeys_2025_2026 .csv,Monday,2026,5,May,2,18,21,0,8239000
2026-05-19,Tuesday,3474000,5020000,Journeys_2025_2026 .csv,Tuesday,2026,5,May,2,19,21,0,8494000
2026-05-20,Wednesday,3581000,5074000,Journeys_2025_2026 .csv,Wednesday,2026,5,May,2,20,21,0,8655000
2026-05-21,Thursday,3677000,5136000,Journeys_2025_2026 .csv,Thursday,2026,5,May,2,21,21,0,8813000
2026-05-22,Friday,3403000,5204000,Journeys_2025_2026 .csv,Friday,2026,5,May,2,22,21,0,8607000
2026-05-23,Saturday,3006000,4365000,Journeys_2025_2026 .csv,Saturday,2026,5,May,2,23,21,1,7371000
2026-05-24,Sunday,2442000,3580000,Journeys_2025_2026 .csv,Sunday,2026,5,May,2,24,21,1,6022000
2026-05-25,Monday,2067000,3361000,Journeys_2025_2026 .csv,Monday,2026,5,May,2,25,22,0,5428000
2026-05-26,Tuesday,3140000,4347000,Journeys_2025_2026 .csv,Tuesday,2026,5,May,2,26,22,0,7487000
2026-05-27,Wednesday,3405000,4510000,Journeys_2025_2026 .csv,Wednesday,2026,5,May,2,27,22,0,7915000
2026-05-28,Thursday,3547000,4519000,Journeys_2025_2026 .csv,Thursday,2026,5,May,2,28,22,0,8066000
2026-05-29,Friday,3320000,4707000,Journeys_2025_2026 .csv,Friday,2026,5,May,2,29,22,0,8027000
2026-05-30,Saturday,3018000,4237000,Journeys_2025_2026 .csv,Saturday,2026,5,May,2,30,22,1,7255000
2026-05-31,Sunday,2353000,3253000,Journeys_2025_2026 .csv,Sunday,2026,5,May,2,31,22,1,5606000
2026-06-01,Monday,3075000,4845000,Journeys_2025_2026 .csv,Monday,2026,6,June,2,1,23,0,7920000
2026-06-02,Tuesday,2104000,5297000,Journeys_2025_2026 .csv,Tuesday,2026,6,June,2,2,23,0,7401000
2026-06-03,Wednesday,3617000,5083000,Journeys_2025_2026 .csv,Wednesday,2026,6,June,2,3,23,0,8700000
2026-06-04,Thursday,2288000,5372000,Journeys_2025_2026 .csv,Thursday,2026,6,June,2,4,23,0,7660000
2026-06-05,Friday,3429000,5246000,Journeys_2025_2026 .csv,Friday,2026,6,June,2,5,23,0,8675000
2026-06-06,Saturday,2884000,4099000,Journeys_2025_2026 .csv,Saturday,2026,6,June,2,6,23,1,6983000
2026-06-07,Sunday,2005000,3238000,Journeys_2025_2026 .csv,Sunday,2026,6,June,2,7,23,1,5243000
2026-06-08,Monday,3120000,4820000,Journeys_2025_2026 .csv,Monday,2026,6,June,2,8,24,0,7940000
2026-06-09,Tuesday,3590000,5057000,Journeys_2025_2026 .csv,Tuesday,2026,6,June,2,9,24,0,8647000
2026-06-10,Wednesday,3642000,5052000,Journeys_2025_2026 .csv,Wednesday,2026,6,June,2,10,24,0,8694000
2026-06-11,Thursday,3742000,4920000,Journeys_2025_2026 .csv,Thursday,2026,6,June,2,11,24,0,8662000
2026-06-12,Friday,3438000,5179000,Journeys_2025_2026 .csv,Friday,2026,6,June,2,12,24,0,8617000
2026-06-13,Saturday,3050000,4382000,Journeys_2025_2026 .csv,Saturday,2026,6,June,2,13,24,1,7432000
2026-06-14,Sunday,2058000,3236000,Journeys_2025_2026 .csv,Sunday,2026,6,June,2,14,24,1,5294000
2026-06-15,Monday,3162000,4891000,Journeys_2025_2026 .csv,Monday,2026,6,June,2,15,25,0,8053000
2026-06-16,Tuesday,3608000,5054000,Journeys_2025_2026 .csv,Tuesday,2026,6,June,2,16,25,0,8662000
2026-06-17,Wednesday,3859000,5141000,Journeys_2025_2026 .csv,Wednesday,2026,6,June,2,17,25,0,9000000
2026-06-18,Thursday,3789000,5093000,Journeys_2025_2026 .csv,Thursday,2026,6,June,2,18,25,0,8882000
2026-06-19,Friday,3514000,5106000,Journeys_2025_2026 .csv,Friday,2026,6,June,2,19,25,0,8620000
2026-06-20,Saturday,3060000,4378000,Journeys_2025_2026 .csv,Saturday,2026,6,June,2,20,25,1,7438000
2026-06-21,Sunday,2083000,3277000,Journeys_2025_2026 .csv,Sunday,2026,6,June,2,21,25,1,5360000
2026-06-22,Monday,3156000,4789000,Journeys_2025_2026 .csv,Monday,2026,6,June,2,22,26,0,7945000
2026-06-23,Tuesday,3366000,4879000,Journeys_2025_2026 .csv,Tuesday,2026,6,June,2,23,26,0,8245000
2026-06-24,Wednesday,3007000,4365000,Journeys_2025_2026 .csv,Wednesday,2026,6,June,2,24,26,0,7372000
2026-06-25,Thursday,3250000,4494000,Journeys_2025_2026 .csv,Thursday,2026,6,June,2,25,26,0,7744000
2026-06-26,Friday,3271000,4548000,Journeys_2025_2026 .csv,Friday,2026,6,June,2,26,26,0,7819000
2026-06-27,Saturday,3052000,4156000,Journeys_2025_2026 .csv,Saturday,2026,6,June,2,27,26,1,7208000
2026-06-28,Sunday,2228000,3375000,Journeys_2025_2026 .csv,Sunday,2026,6,June,2,28,26,1,5603000
2026-06-29,Monday,3412000,4856000,Journeys_2025_2026 .csv,Monday,2026,6,June,2,29,27,0,8268000
2026-06-30,Tuesday,3770000,5010000,Journeys_2025_2026 .csv,Tuesday,2026,6,June,2,30,27,0,8780000
2026-07-01,Wednesday,3819000,5063000,Journeys_2025_2026 .csv,Wednesday,2026,7,July,3,1,27,0,8882000
2026-07-02,Thursday,3907000,5050000,Journeys_2025_2026 .csv,Thursday,2026,7,July,3,2,27,0,8957000
2026-07-03,Friday,3741000,5076000,Journeys_2025_2026 .csv,Friday,2026,7,July,3,3,27,0,8817000
2026-07-04,Saturday,3354000,4292000,Journeys_2025_2026 .csv,Saturday,2026,7,July,3,4,27,1,7646000
2026-07-05,Sunday,2375000,3387000,Journeys_2025_2026 .csv,Sunday,2026,7,July,3,5,27,1,5762000
2026-07-06,Monday,3254000,4671000,Journeys_2025_2026 .csv,Monday,2026,7,July,3,6,28,0,7925000
2026-07-07,Tuesday,3771000,4856000,Journeys_2025_2026 .csv,Tuesday,2026,7,July,3,7,28,0,8627000
2026-07-08,Wednesday,3844000,4791000,Journeys_2025_2026 .csv,Wednesday,2026,7,July,3,8,28,0,8635000
2026-07-09,Thursday,3750000,4686000,Journeys_2025_2026 .csv,Thursday,2026,7,July,3,9,28,0,8436000
2026-07-10,Friday,3489000,4837000,Journeys_2025_2026 .csv,Friday,2026,7,July,3,10,28,0,8326000
2026-07-11,Saturday,3109000,4193000,Journeys_2025_2026 .csv,Saturday,2026,7,July,3,11,28,1,7302000
2026-07-12,Sunday,2175000,3173000,Journeys_2025_2026 .csv,Sunday,2026,7,July,3,12,28,1,5348000
2026-07-13,Monday,3255000,4718000,Journeys_2025_2026 .csv,Monday,2026,7,July,3,13,29,0,7973000
2026-07-14,Tuesday,3601000,4819000,Journeys_2025_2026 .csv,Tuesday,2026,7,July,3,14,29,0,8420000
2026-07-15,Wednesday,3723000,4909000,Journeys_2025_2026 .csv,Wednesday,2026,7,July,3,15,29,0,8632000
2026-07-16,Thursday,3597000,4762000,Journeys_2025_2026 .csv,Thursday,2026,7,July,3,16,29,0,8359000
2026-07-17,Friday,3276000,4881000,Journeys_2025_2026 .csv,Friday,2026,7,July,3,17,29,0,8157000
2026-07-18,Saturday,3012000,4132000,Journeys_2025_2026 .csv,Saturday,2026,7,July,3,18,29,1,7144000
2026-07-19,Sunday,2174000,3308000,Journeys_2025_2026 .csv,Sunday,2026,7,July,3,19,29,1,5482000
2026-07-20,Monday,3090000,4340000,Journeys_2025_2026 .csv,Monday,2026,7,July,3,20,30,0,7430000
2026-07-21,Tuesday,3513000,4493000,Journeys_2025_2026 .csv,Tuesday,2026,7,July,3,21,30,0,8006000
2026-07-22,Wednesday,3588000,4472000,Journeys_2025_2026 .csv,Wednesday,2026,7,July,3,22,30,0,8060000
2026-07-23,Thursday,3643000,4448000,Journeys_2025_2026 .csv,Thursday,2026,7,July,3,23,30,0,8091000
2026-07-24,Friday,3278000,4508000,Journeys_2025_2026 .csv,Friday,2026,7,July,3,24,30,0,7786000
2026-07-25,Saturday,2997000,4042000,Journeys_2025_2026 .csv,Saturday,2026,7,July,3,25,30,1,7039000
2026-07-26,Sunday,2093000,3208000,Journeys_2025_2026 .csv,Sunday,2026,7,July,3,26,30,1,5301000
2026-07-27,Monday,3084000,4280000,Journeys_2025_2026 .csv,Monday,2026,7,July,3,27,31,0,7364000
2026-07-28,Tuesday,3554000,4399000,Journeys_2025_2026 .csv,Tuesday,2026,7,July,3,28,31,0,7953000
2026-07-29,Wednesday,3425000,4301000,Journeys_2025_2026 .csv,Wednesday,2026,7,July,3,29,31,0,7726000
2026-07-30,Thursday,3461000,4494000,Journeys_2025_2026 .csv,Thursday,2026,7,July,3,30,31,0,7955000
2026-07-31,Friday,3202000,4649000,Journeys_2025_2026 .csv,Friday,2026,7,July,3,31,31,0,7851000
2026-08-01,Saturday,2897000,4153000,Journeys_2025_2026 .csv,Saturday,2026,8,August,3,1,31,1,7050000
2026-08-02,Sunday,2121000,3306000,Journeys_2025_2026 .csv,Sunday,2026,8,August,3,2,31,1,5427000
2026-08-03,Monday,2868000,4235000,Journeys_2025_2026 .csv,Monday,2026,8,August,3,3,32,0,7103000
2026-08-04,Tuesday,3374000,4361000,Journeys_2025_2026 .csv,Tuesday,2026,8,August,3,4,32,0,7735000
2026-08-05,Wednesday,3442000,4385000,Journeys_2025_2026 .csv,Wednesday,2026,8,August,3,5,32,0,7827000
2026-08-06,Thursday,3539000,4424000,Journeys_2025_2026 .csv,Thursday,2026,8,August,3,6,32,0,7963000
2026-08-07,Friday,3170000,4479000,Journeys_2025_2026 .csv,Friday,2026,8,August,3,7,32,0,7649000
2026-08-08,Saturday,2860000,4040000,Journeys_2025_2026 .csv,Saturday,2026,8,August,3,8,32,1,6900000
2026-08-09,Sunday,2098000,3165000,Journeys_2025_2026 .csv,Sunday,2026,8,August,3,9,32,1,5263000
2026-08-10,Monday,2943000,4207000,Journeys_2025_2026 .csv,Monday,2026,8,August,3,10,33,0,7150000
2026-08-11,Tuesday,3324000,4340000,Journeys_2025_2026 .csv,Tuesday,2026,8,August,3,11,33,0,7664000
2026-08-12,Wednesday,3362000,4283000,Journeys_2025_2026 .csv,Wednesday,2026,8,August,3,12,33,0,7645000
2026-08-13,Thursday,3216000,4121000,Journeys_2025_2026 .csv,Thursday,2026,8,August,3,13,33,0,7337000
2026-08-14,Friday,3149000,4056000,Journeys_2025_2026 .csv,Friday,2026,8,August,3,14,33,0,7205000
2026-08-15,Saturday,2991000,3959000,Journeys_2025_2026 .csv,Saturday,2026,8,August,3,15,33,1,6950000
2026-08-16,Sunday,2175000,3134000,Journeys_2025_2026 .csv,Sunday,2026,8,August,3,16,33,1,5309000
2026-08-17,Monday,2935000,4174000,Journeys_2025_2026 .csv,Monday,2026,8,August,3,17,34,0,7109000
2026-08-18,Tuesday,3282000,4250000,Journeys_2025_2026 .csv,Tuesday,2026,8,August,3,18,34,0,7532000
2026-08-19,Wednesday,3309000,4462000,Journeys_2025_2026 .csv,Wednesday,2026,8,August,3,19,34,0,7771000
2026-08-20,Thursday,3335000,4571000,Journeys_2025_2026 .csv,Thursday,2026,8,August,3,20,34,0,7906000
2026-08-21,Friday,3128000,4452000,Journeys_2025_2026 .csv,Friday,2026,8,August,3,21,34,0,7580000
2026-08-22,Saturday,2682000,4161000,Journeys_2025_2026 .csv,Saturday,2026,8,August,3,22,34,1,6843000
2026-08-23,Sunday,2008000,3218000,Journeys_2025_2026 .csv,Sunday,2026,8,August,3,23,34,1,5226000
2026-08-24,Monday,2901000,4242000,Journeys_2025_2026 .csv,Monday,2026,8,August,3,24,35,0,7143000
2026-08-25,Tuesday,3155000,4339000,Journeys_2025_2026 .csv,Tuesday,2026,8,August,3,25,35,0,7494000
2026-08-26,Wednesday,3186000,4301000,Journeys_2025_2026 .csv,Wednesday,2026,8,August,3,26,35,0,7487000
2026-08-27,Thursday,3252000,4253000,Journeys_2025_2026 .csv,Thursday,2026,8,August,3,27,35,0,7505000
2026-08-28,Friday,3059000,4498000,Journeys_2025_2026 .csv,Friday,2026,8,August,3,28,35,0,7557000
2026-08-29,Saturday,2597000,3922000,Journeys_2025_2026 .csv,Saturday,2026,8,August,3,29,35,1,6519000
