LSOA_Code,LSOA_Name,Borough,Mean_AI,Median_AI,Min_AI,Max_AI,PTAL_2023,PTAL_Score
E01000001,City of London 001A,City of London,74.81806017830169,76.15040360552386,43.34468592310935,97.66404972828455,6b,8
E01000002,City of London 001B,Islington,85.32489842736241,88.8999534869209,44.80267393616006,102.1277242621298,6b,8
E01000003,City of London 001C,Islington,53.4113829483948,54.11454133117997,36.9958704542882,66.9894792109165,6b,8
E01000005,City of London 001E,Tower Hamlets,82.42891172711114,86.64998457587866,45.50488677808978,104.15409574107883,6b,8
E01000006,Barking and Dagenham 016A,Barking & Dagenham,24.153971080768297,27.931273068282813,2.836977462390278,33.40090331042069,5,6
E01000007,Barking and Dagenham 015A,Barking & Dagenham,32.603954237848924,31.860012002761223,23.001195777917324,49.24812509810868,6a,7
E01000008,Barking and Dagenham 015B,Newham,8.391131601399604,6.024137573264315,0.0,26.471128211997343,2,3
E01000009,Barking and Dagenham 016B,Barking & Dagenham,37.753209235215536,36.86124911708909,32.58277864669397,42.63926898991633,6a,7
E01000011,Barking and Dagenham 016C,Barking & Dagenham,31.701426240148614,31.68102356304376,27.722053977529526,36.299088522083515,6a,7
E01000012,Barking and Dagenham 015D,Barking & Dagenham,18.288953901559083,21.551302364015697,2.254283238283068,32.11253927291698,4,5
E01000013,Barking and Dagenham 013A,Barking & Dagenham,13.59295171152074,13.133768888807976,1.985218686985702,21.359150454872875,3,4
E01000014,Barking and Dagenham 013B,Barking & Dagenham,8.088113653206602,7.183959707525059,2.276307563855096,16.85451714340575,2,3
E01000015,Barking and Dagenham 009A,Barking & Dagenham,8.895151845471048,9.001648071045675,2.156484516690699,14.95994869620189,2,3
E01000016,Barking and Dagenham 009B,Barking & Dagenham,6.978437867432125,5.929248392573827,2.739288926597727,15.222230443529696,2,3
E01000017,Barking and Dagenham 009C,Barking & Dagenham,8.91669836592075,8.33268183421318,5.331629919957239,14.37756828391494,2,3
E01000018,Barking and Dagenham 009D,Barking & Dagenham,8.411974954221128,8.238808436049888,3.602766676448856,15.05395122367829,2,3
E01000019,Barking and Dagenham 023A,Redbridge,4.75087869572087,5.368678998840018,2.530744557180827,7.142540108039254,1b,2
E01000020,Barking and Dagenham 023B,Barking & Dagenham,7.045604483015399,7.010643368740293,4.014543957531831,11.127029765524666,2,3
E01000021,Barking and Dagenham 008A,Barking & Dagenham,6.001601250165671,6.487802666295284,1.917594494273668,10.486214033569976,2,3
E01000022,Barking and Dagenham 008B,Barking & Dagenham,7.850317297161726,8.00807556103544,6.870913601127021,8.595162079656392,2,3
E01000024,Barking and Dagenham 008D,Barking & Dagenham,9.293122261825284,9.44384664227132,6.713805911123405,11.566710538861347,2,3
E01000025,Barking and Dagenham 008E,Barking & Dagenham,7.220084341025144,7.147177152476875,5.690973118466576,8.922120456643405,2,3
E01000027,Barking and Dagenham 001A,Havering,3.475730285927377,4.033008593949421,0.0,6.529667130277945,1b,2
E01000028,Barking and Dagenham 001B,Redbridge,4.116088955752749,4.161088116272783,2.877796648514338,5.005696233949032,1b,2
E01000029,Barking and Dagenham 001C,Redbridge,3.946656803801171,4.360315020777126,0.0,6.189541346432995,1b,2
E01000030,Barking and Dagenham 001D,Barking & Dagenham,5.529473205482672,5.582778481644774,3.887422051827322,7.138544598557065,2,3
E01000031,Barking and Dagenham 002A,Havering,3.843432928185837,4.179333763082147,0.0,7.841111454391048,1b,2
E01000032,Barking and Dagenham 002B,Barking & Dagenham,6.988161049747967,6.18312580940755,0.0,14.592873850227182,2,3
E01000033,Barking and Dagenham 006A,Barking & Dagenham,4.25629230132262,4.422323209831903,2.798631607796497,6.16436795352804,1b,2
E01000034,Barking and Dagenham 003A,Barking & Dagenham,3.653552908768663,3.35967313527616,2.301591175110856,8.535276157886644,1b,2
E01000035,Barking and Dagenham 010A,Barking & Dagenham,7.04256382113783,7.675015490762007,2.414207266266152,12.9275045966771,2,3
E01000036,Barking and Dagenham 010B,Barking & Dagenham,7.571241139403595,9.040423534070072,0.0,14.320383911726983,2,3
E01000037,Barking and Dagenham 003B,Havering,6.198010015382306,5.944852556621377,2.359368477847038,12.663370359288171,2,3
E01000038,Barking and Dagenham 003C,Barking & Dagenham,9.452988075016052,9.69693455621977,2.813806445324187,12.344759158852964,2,3
E01000039,Barking and Dagenham 003D,Havering,1.973662986548859,2.366798574720594,0.0,8.721279832185537,1a,1
E01000040,Barking and Dagenham 019A,Barking & Dagenham,10.235355440100063,10.610810624357985,3.872997536506234,12.362821700428704,3,4
E01000041,Barking and Dagenham 017A,Barking & Dagenham,6.439646296921627,6.498861516375092,3.716068877068278,9.146042267675774,2,3
E01000042,Barking and Dagenham 017B,Barking & Dagenham,10.47201099798021,9.812334990846423,8.484247932025596,14.499437355027588,3,4
E01000043,Barking and Dagenham 019B,Barking & Dagenham,10.501711356950326,10.449050819328193,7.2774160199834,13.521657390213386,3,4
E01000044,Barking and Dagenham 016D,Barking & Dagenham,15.684511325513377,8.496110732448482,3.437635518874717,33.66748668061418,4,5
E01000045,Barking and Dagenham 017C,Barking & Dagenham,7.815944336484479,7.05364882833533,3.325828580275447,13.0666863349843,2,3
E01000046,Barking and Dagenham 017D,Barking & Dagenham,6.706978787915711,6.793036153171007,4.133467913776144,9.098002953484157,2,3
E01000049,Barking and Dagenham 021C,Barking & Dagenham,7.744166391961137,8.574389934677445,3.634832977786611,12.003633690154771,2,3
E01000050,Barking and Dagenham 019C,Barking & Dagenham,26.303714237067627,27.85384854262104,9.515273414352748,33.53385655194017,6a,7
E01000051,Barking and Dagenham 021D,Barking & Dagenham,26.822967014313274,30.376969610453585,9.311023548184204,36.01264052894425,6a,7
E01000052,Barking and Dagenham 019D,Barking & Dagenham,10.792645666315511,10.153351967681097,2.316300090409892,26.420866644093895,3,4
E01000053,Barking and Dagenham 020A,Barking & Dagenham,6.940215675971763,7.429915302930546,0.0,15.165211374076655,2,3
E01000054,Barking and Dagenham 018A,Barking & Dagenham,6.517076773110478,6.928317638766554,0.0,9.531854135165066,2,3
E01000055,Barking and Dagenham 018B,Barking & Dagenham,8.216811272418939,8.640397569558731,4.380005425591905,10.259916578730984,2,3
E01000056,Barking and Dagenham 018C,Barking & Dagenham,1.974311409596956,0.0,0.0,6.350872429924064,1a,1
E01000057,Barking and Dagenham 012A,Barking & Dagenham,10.54193246321388,10.669097874177124,8.166134699217515,12.546962830767397,3,4
E01000058,Barking and Dagenham 018D,Barking & Dagenham,7.331696029803425,7.625892236463663,2.40460698272614,9.418131379189052,2,3
E01000059,Barking and Dagenham 013C,Barking & Dagenham,6.588941132924751,6.732396938412048,0.0,11.276159929689372,2,3
E01000060,Barking and Dagenham 006B,Barking & Dagenham,6.265886772837833,4.556463903916891,0.0,14.866357233301253,2,3
E01000061,Barking and Dagenham 006C,Havering,7.66904151367991,8.267764902064808,0.0,15.133638596528913,2,3
E01000062,Barking and Dagenham 006D,Barking & Dagenham,5.840930497546752,5.791140257554716,3.650599047684989,9.432637730377431,2,3
E01000063,Barking and Dagenham 004A,Barking & Dagenham,9.287538668886429,9.457971571855982,6.384228617486285,11.639945483468509,2,3
E01000064,Barking and Dagenham 006E,Barking & Dagenham,4.327251887848014,4.407817019435859,1.994386573506843,6.881679932032213,1b,2
E01000065,Barking and Dagenham 007A,Barking & Dagenham,8.065227171710346,8.331546179049978,4.264897917897326,10.896269076752557,2,3
E01000066,Barking and Dagenham 011A,Barking & Dagenham,4.56889059727212,5.479836376906041,0.0,9.358329891567148,1b,2
E01000067,Barking and Dagenham 011B,Barking & Dagenham,8.17616397238242,8.186911531800163,5.736388400390189,11.277104063074368,2,3
E01000068,Barking and Dagenham 016E,Barking & Dagenham,20.968156900839126,22.492691697840208,5.125409515947846,34.989723376230785,5,6
E01000069,Barking and Dagenham 011C,Barking & Dagenham,9.716606106551636,9.152606483391924,6.730383327315142,13.12689265174361,2,3
E01000070,Barking and Dagenham 011D,Redbridge,10.843238571333218,9.555126797422894,0.0,23.566271758702094,3,4
E01000071,Barking and Dagenham 011E,Barking & Dagenham,8.80541662355587,8.830279132033542,0.0,15.514703847701291,2,3
E01000072,Barking and Dagenham 017E,Barking & Dagenham,4.78405327361788,4.108711726179529,2.043636657013349,8.814134530379944,1b,2
E01000073,Barking and Dagenham 012B,Barking & Dagenham,4.665079789164368,4.293937137953026,1.948007634315742,8.242055494811474,1b,2
E01000074,Barking and Dagenham 012C,Barking & Dagenham,5.714756496372334,4.208468977136921,1.971254069926845,11.688754809467351,2,3
E01000075,Barking and Dagenham 012D,Barking & Dagenham,9.637009835207,9.505477090604776,4.282042951027127,14.750655620188237,2,3
E01000076,Barking and Dagenham 012E,Barking & Dagenham,6.546571221414228,7.442516609722249,2.024105263760225,10.819936965645956,2,3
E01000077,Barking and Dagenham 008F,Barking & Dagenham,9.250656163493185,8.984154421326034,7.027824817067044,11.979007695317076,2,3
E01000078,Barking and Dagenham 007B,Barking & Dagenham,8.451372096525814,8.250767889006243,6.882041881817394,10.622776248651297,2,3
E01000079,Barking and Dagenham 009E,Barking & Dagenham,6.448516994556689,5.952085228371337,2.093981556750387,11.869886909759522,2,3
E01000080,Barking and Dagenham 007C,Barking & Dagenham,6.825101066119953,7.460501149598679,2.464826453976551,12.809558258812286,2,3
E01000081,Barking and Dagenham 007D,Barking & Dagenham,6.402176940360137,6.505420392194298,2.45213708736834,9.17881288641206,2,3
E01000082,Barking and Dagenham 007E,Barking & Dagenham,7.08021278471816,6.606322451601987,4.962599432966423,10.595758150565196,2,3
E01000083,Barking and Dagenham 007F,Barking & Dagenham,8.957242844442279,9.123159093648074,7.483250462556803,10.596931571068335,2,3
E01000084,ZBarking and Dagenham 013D,Barking & Dagenham,14.600066486378456,14.542367922818627,11.020250044485955,21.301492229727494,3,4
E01000085,Barking and Dagenham 013E,Barking & Dagenham,13.961914345712946,13.122048186217764,11.953736145655302,17.46063903867333,3,4
E01000086,Barking and Dagenham 013F,Barking & Dagenham,11.716731786076844,11.976343147080216,5.835344884453125,14.685369541846168,3,4
E01000087,Barking and Dagenham 020B,Barking & Dagenham,9.038087528486596,8.232223969537555,5.734367884961159,15.345001513034276,2,3
E01000088,Barking and Dagenham 020C,Barking & Dagenham,5.510379193508292,6.118601062860275,2.148657544270904,10.2705623301045,2,3
E01000089,Barking and Dagenham 020D,Barking & Dagenham,4.791110765863142,5.429095138913253,1.907728491788413,6.612027574716749,1b,2
E01000090,Barking and Dagenham 020E,Havering,2.29553588643265,0.0,0.0,10.30757644126306,1a,1
E01000091,Barking and Dagenham 022A,Barking & Dagenham,6.80857883106045,6.779312202412208,4.41791194964504,9.760037769525743,2,3
E01000093,Barking and Dagenham 022B,Barking & Dagenham,6.009811909748768,5.710339086874702,0.0,11.138241366252672,2,3
E01000094,Barking and Dagenham 022C,Barking & Dagenham,6.359711975903934,6.247081103170144,2.62241741206314,10.142583254911154,2,3
E01000095,Barking and Dagenham 018E,Barking & Dagenham,4.098772258934213,3.835899931192781,0.0,11.951861126186396,1b,2
E01000096,Barking and Dagenham 022D,Barking & Dagenham,4.772364452252911,4.73144166091661,0.0,7.644748061824561,1b,2
E01000097,Barking and Dagenham 023C,Barking & Dagenham,12.508293178810757,12.26588631789409,11.561699514033482,15.514828049127228,3,4
E01000098,Barking and Dagenham 023D,Barking & Dagenham,10.034284013743084,9.957526083211857,7.539660833507337,12.788507266035172,3,4
E01000099,Barking and Dagenham 023E,Barking & Dagenham,7.514075114904851,7.917652014363757,0.0,12.577348928223543,2,3
E01000100,Barking and Dagenham 004B,Barking & Dagenham,5.504393243582698,4.868264563523274,3.689397232708427,10.420119941864128,2,3
E01000101,Barking and Dagenham 004C,Barking & Dagenham,10.390513600920793,10.828072610809969,3.748963984200852,14.559791427625049,3,4
E01000102,Barking and Dagenham 007G,Barking & Dagenham,5.988356994206309,6.199811040108849,0.0,9.05150438040692,2,3
E01000103,Barking and Dagenham 014A,Havering,3.366674920198341,2.812338949778663,0.0,11.179720889346727,1b,2
E01000104,Barking and Dagenham 014B,Havering,8.383226153702584,10.241385269818668,0.0,11.898619864837825,2,3
E01000105,Barking and Dagenham 014C,Barking & Dagenham,9.599974940706073,8.851034527192159,2.011208895174822,14.695353450363502,2,3
E01000106,Barking and Dagenham 014D,Barking & Dagenham,8.058814607127456,8.72265392156018,2.712942650935016,10.481508110860531,2,3
E01000107,Barking and Dagenham 010C,Havering,3.18064512029765,2.159730614781413,0.0,12.148381217664788,1b,2
E01000108,Barking and Dagenham 010D,Barking & Dagenham,10.682937015948497,10.839971292378548,8.225679749086346,13.502712174577256,3,4
E01000110,Barking and Dagenham 002C,Havering,6.006323504499219,6.364474989831131,1.888879296431641,8.528873709144529,2,3
E01000111,Barking and Dagenham 002D,Havering,5.721428978058283,6.183475165622774,3.10022716357872,9.628286247876336,2,3
E01000112,Barking and Dagenham 002E,Barking & Dagenham,8.927731312200807,9.094700539777648,2.964594384577016,14.179734997241807,2,3
E01000113,Barking and Dagenham 002F,Barking & Dagenham,13.22314799158292,13.040023133101526,10.438915520219505,16.312666055410734,3,4
E01000114,Barking and Dagenham 004E,Havering,7.165786012822742,7.406449529201591,0.0,15.691395252386592,2,3
E01000115,Barnet 009A,Enfield,6.674677320849852,6.180585329903353,2.889551080467787,13.377325325606009,2,3
E01000116,Barnet 009B,Barnet,5.151361535084453,4.900342723230071,3.285684169023499,9.096056661284177,2,3
E01000117,Barnet 010A,Barnet,5.416668846918942,5.38962788021904,2.144529403368828,7.986288126154941,2,3
E01000118,Barnet 010B,Barnet,5.418677479121148,5.560677790481291,2.569966621596148,7.467737808181734,2,3
E01000119,Barnet 009C,Enfield,9.203127489794827,7.247313223853975,2.190609827919316,21.489511424014133,2,3
E01000120,Barnet 009D,Barnet,7.017054772063313,6.367736462964957,4.36111015783707,12.74110902713463,2,3
E01000121,Barnet 010C,Barnet,3.257678331635139,2.410008808208132,0.0,6.872548577725963,1b,2
E01000122,Barnet 009E,Enfield,3.774146472405937,3.778647979818606,2.11869100023242,5.430776664948085,1b,2
E01000123,Barnet 010D,Enfield,5.564448282492234,4.97650015755642,0.0,20.585089237473216,2,3
E01000124,Barnet 010E,Enfield,15.731822259820811,14.731329675623526,4.68891832974389,25.967899851487065,4,5
E01000126,Barnet 026A,Barnet,8.16162485568575,8.33715203722764,3.810198108619074,11.02085978024306,2,3
E01000127,Barnet 024B,Barnet,13.582868693738002,13.759440414979617,7.433224396711968,16.807962768431455,3,4
E01000128,Barnet 024C,Barnet,14.098207573851894,14.135742942079215,8.115433674171216,21.189923476821136,3,4
E01000129,Barnet 024D,Barnet,18.43683625652176,17.965833059179594,12.481036554999,26.180649768633245,4,5
E01000130,Barnet 021A,Barnet,9.730053870634912,10.909324974243754,3.92642043252436,15.772856153958628,2,3
E01000131,Barnet 024E,Barnet,8.97614988859976,9.962868555356042,0.0,14.954144452797916,2,3
E01000132,Barnet 021B,Barnet,9.08866545106326,10.584051985909742,3.468558368747352,12.561056845065842,2,3
E01000133,Barnet 021C,Barnet,11.150227649231518,11.841791442708432,4.553478534886628,17.968783268105607,3,4
E01000134,Barnet 024F,Barnet,9.97329163754071,9.346212632482285,3.236148338856817,14.169573325834875,2,3
E01000135,Barnet 038A,Barnet,15.243915119219007,15.051255398483034,5.001041935902322,27.33808360895972,4,5
E01000136,Barnet 038B,Camden,12.668657229319924,11.68392699938974,0.0,30.59519817694828,3,4
E01000137,Barnet 041A,Barnet,11.851231928102608,12.105556066011388,8.764113706901675,14.447772626652364,3,4
E01000138,Barnet 040A,Barnet,10.045067591702932,10.056146799774476,6.078684077207984,15.548103918671917,3,4
E01000139,Barnet 041B,Camden,8.79894395759952,9.568906623541324,2.164617598617639,14.366391201218883,2,3
E01000140,Barnet 041C,Camden,13.398158291064894,12.999159328627751,9.635920974203588,19.507467433504928,3,4
E01000141,Barnet 039A,Camden,15.303426130222192,15.768126820855365,7.564301341595488,22.94563425726224,4,5
E01000142,Barnet 040B,Barnet,11.634677139000628,11.882539262344858,7.148082982776256,18.49573550077968,3,4
E01000143,Barnet 041D,Camden,12.279264329445192,11.623455610577428,4.067121623198993,19.49345001284135,3,4
E01000144,Barnet 038C,Barnet,24.67901894211679,25.096721133778267,16.888864701688604,38.04853532595229,5,6
E01000145,Barnet 037A,Barnet,12.415252753787827,12.87345808442516,3.997475993973886,27.21586413914955,3,4
E01000146,Barnet 038D,Barnet,29.087337480546285,28.54096265713312,24.62327294255893,35.81680777766816,6a,7
E01000147,Barnet 043F,Barnet,8.410531207713303,8.402554675865979,4.590869154176378,12.914843403005673,2,3
E01000150,Barnet 036A,Barnet,5.56831983277605,6.3573482105441,0.0,14.73118162474864,2,3
E01000151,Barnet 026B,Barnet,6.109461808155937,5.370249187746331,2.16339412678462,10.746057126725912,2,3
E01000152,Barnet 026C,Barnet,5.506823077581183,5.109226724345453,2.387745202056632,11.782629068829086,2,3
E01000153,Barnet 026D,Barnet,6.482885237830907,5.816796172562241,4.839358818782486,11.156713139671677,2,3
E01000154,Barnet 026E,Barnet,11.84893895401086,11.687042212513331,9.003484720079507,14.048460681561796,3,4
E01000156,Barnet 022A,Haringey,7.010257982845224,6.892714266543205,5.036855958819624,9.701345856010969,2,3
E01000157,Barnet 022B,Haringey,4.344803345718904,4.24783598643897,0.0,7.404079366295957,1b,2
E01000158,Barnet 015A,Barnet,7.011542015392886,7.044645291389145,3.120883210054936,13.269750213792031,2,3
E01000159,Barnet 015B,Barnet,5.070698355142037,3.854635732715902,2.52527340484925,11.16708300141718,2,3
E01000160,Barnet 015C,Haringey,9.209882364660904,8.789307352474673,2.424689623438737,24.522763960827007,2,3
E01000161,Barnet 015D,Barnet,10.72596911411778,10.988150779746052,4.4469914411291,13.560387214065118,3,4
E01000162,Barnet 015E,Barnet,11.101205830152644,10.810720207923476,9.4180406399254,12.950730345471271,3,4
E01000163,Barnet 022C,Haringey,5.189529023700923,4.998529436454958,1.896948405487514,6.966193324454587,2,3
E01000164,Barnet 022D,Barnet,6.506948087246103,6.742670504824425,0.0,10.522447499172785,2,3
E01000165,Barnet 022E,Barnet,7.465283057108254,7.21991562558328,5.38668459969727,12.324576802794162,2,3
E01000166,Barnet 003A,Enfield,4.883919877434,6.452169579309412,0.0,9.95276623900988,1b,2
E01000167,Barnet 002A,Enfield,2.329428300034617,1.799687844136686,0.0,9.555212023779765,1a,1
E01000168,Barnet 003B,Enfield,7.238553182781297,8.262535439720404,1.711737703140578,11.84169406120359,2,3
E01000169,Barnet 003C,Barnet,6.070728110956307,6.76099264526747,1.642692165032765,11.934401573537134,2,3
E01000170,Barnet 006A,Barnet,6.607530173208814,7.336380576827416,2.136135949357277,9.690553490338663,2,3
E01000171,Barnet 006B,Barnet,11.22497741180997,11.618387897330166,7.7136851960607,14.408818084560057,3,4
E01000172,Barnet 003D,Enfield,3.265823127736512,2.655591737276126,0.0,10.761424947064912,1b,2
E01000173,Barnet 006C,Barnet,3.494359900296295,3.409639017035967,0.0,8.987774743926687,1b,2
E01000174,Barnet 006D,Barnet,8.507311120130002,8.9203095197505,3.883891134905313,10.246275565256925,2,3
E01000175,Barnet 006E,Barnet,5.296674539346269,5.50686199398741,2.491224932808217,8.239345801017638,2,3
E01000176,Barnet 027A,Barnet,5.724957407606952,5.583293652038892,2.718684104902676,8.689369139205514,2,3
E01000177,Barnet 029A,Barnet,5.583672875869167,4.039474592196785,2.560431759358762,13.645691872293686,2,3
E01000178,Barnet 027B,Haringey,3.439867475967964,2.647610200912658,0.0,13.600514044450126,1b,2
E01000179,Barnet 029B,Barnet,4.337903891548474,4.596493952792122,2.562559626720219,6.280303473969054,1b,2
E01000180,Barnet 029C,Barnet,11.99954079407309,12.978181114859524,2.804519394133505,15.38285999928772,3,4
E01000181,Barnet 029D,Haringey,14.50615592431584,14.10856949166232,12.151235018533647,18.58098131271289,3,4
E01000182,Barnet 029E,Haringey,15.822226526542016,15.472778030335856,12.950600597943172,20.224826857948127,4,5
E01000183,Barnet 033A,Barnet,5.559341046945531,3.279513996310794,2.161653452444854,13.499194037867143,2,3
E01000184,Barnet 027C,Haringey,2.663027105601133,2.078338429378982,0.0,9.052964773946988,1b,2
E01000185,Barnet 029F,Barnet,4.349504727179582,3.937331053058613,2.936078353189604,6.985771238130178,1b,2
E01000186,Barnet 014A,Barnet,8.379828971718744,6.979980624874266,2.482682537094918,15.135967675579924,2,3
E01000187,Barnet 014B,Barnet,4.116353182027521,3.530336229302838,2.480938908941772,6.439131330982843,1b,2
E01000188,Barnet 014C,Barnet,1.136626004859123,0.0,0.0,8.663815233004932,1a,1
E01000189,Barnet 014D,Barnet,3.887273754695197,4.168723246695315,2.070552868321209,8.695122746917667,1b,2
E01000190,Barnet 014E,Barnet,4.517864699433363,3.036188224283003,1.789193787445334,10.94306251762102,1b,2
E01000191,Barnet 014F,Barnet,12.15853280505933,11.768124925492447,5.45612515281544,25.660343836403182,3,4
E01000192,Barnet 018A,Barnet,23.276429518514725,24.882954084039987,11.077927257530352,39.71280611659784,5,6
E01000193,Barnet 018B,Barnet,19.518239967295425,22.919110595105707,2.25655311420152,35.46379476041839,4,5
E01000194,Barnet 018C,Barnet,21.21773442199263,21.146696691542825,3.096799481280574,33.40131813742501,5,6
E01000195,Barnet 013A,Barnet,1.814462310379767,2.668735458704902,0.0,5.731346824910402,1a,1
E01000196,Barnet 028A,Barnet,16.7807734457047,15.979680834374914,8.120213835349302,24.654334973008307,4,5
E01000197,Barnet 023A,Barnet,12.885128582674072,12.752640945186783,5.207422516288455,25.253784733829647,3,4
E01000198,Barnet 025A,Barnet,4.064358008205674,5.102227607507523,0.0,7.272766727518306,1b,2
E01000199,Barnet 025B,Barnet,5.603642004149989,4.876414113769852,2.141555336688635,15.35548372000039,2,3
E01000200,Barnet 028B,Barnet,8.288457427670332,7.894684185284698,5.541650804673811,15.895030455474524,2,3
E01000201,Barnet 028C,Barnet,8.332622321380102,7.956645435610842,4.003398178850759,12.492623050842482,2,3
E01000202,Barnet 028D,Barnet,8.604919986733659,8.041842754062332,3.594827927814282,14.057834007190284,2,3
E01000203,Barnet 028E,Barnet,7.471287130817363,6.831411477412625,2.425125016357996,12.654123664586702,2,3
E01000204,Barnet 025C,Barnet,12.156707061238516,12.483162414881384,1.884426696533581,22.427633446440815,3,4
E01000205,Barnet 035A,Barnet,5.440367001152585,5.061893858175571,2.777635463095349,10.697869462804562,2,3
E01000206,Barnet 033B,Haringey,3.313954845680214,2.739624851135527,0.0,15.150344805205556,1b,2
E01000207,Barnet 033C,Barnet,4.203962187640012,4.219628227057822,2.707337705284114,5.959391560560265,1b,2
E01000208,Barnet 033D,Haringey,13.485216927265547,13.918500110325818,4.540846507682526,23.29562474182387,3,4
E01000209,Barnet 035B,Barnet,6.238775733568559,6.775967002210372,2.987969170566756,9.563511754520762,2,3
E01000210,Barnet 033E,Barnet,4.738681150358576,5.165824141701328,0.0,7.323179184590411,1b,2
E01000211,Barnet 035C,Barnet,9.663841479245098,9.736239518813209,7.419463623312242,14.190247665042246,2,3
E01000212,Barnet 035D,Barnet,9.353962853007976,7.336574558464006,2.860200971769381,26.85078847158184,2,3
E01000213,Barnet 033F,Barnet,3.761370900436845,3.232617393278996,2.470592688119254,10.70232883541136,1b,2
E01000214,Barnet 038E,Barnet,15.654492185274473,10.759012326193355,0.595789241298849,37.88125161029521,4,5
E01000215,Barnet 037B,Barnet,13.221918689507364,14.859153570089129,5.233282607503552,20.33257518320775,3,4
E01000216,Barnet 035E,Barnet,9.264882847781852,7.505700143400476,4.593470438145366,16.352329240490125,2,3
E01000217,Barnet 035F,Barnet,6.394573006689104,5.874630597886143,0.0,13.239302003981518,2,3
E01000218,Barnet 037C,Barnet,14.071064145326716,14.763030048410904,7.128318470992784,18.93590704749924,3,4
E01000219,Barnet 037D,Barnet,18.78183263223873,18.823766451128947,11.642399199035236,29.685999411970055,4,5
E01000220,Barnet 037E,Barnet,13.934076809064209,13.313754027862624,11.6193031745047,18.68161559609016,3,4
E01000221,Barnet 039B,Barnet,16.229884047867625,15.34041584167478,5.784016395485377,26.395171016436592,4,5
E01000222,Barnet 040C,Barnet,7.90755565655187,7.508635941088122,4.391912088519214,13.22395966645826,2,3
E01000223,Barnet 039C,Barnet,9.380737775376362,9.878320809073845,0.0,15.52761951237224,2,3
E01000224,Barnet 040D,Barnet,8.291417852321532,8.01802711473809,6.279776010356949,11.457295159851014,2,3
E01000225,Barnet 037F,Barnet,6.227721558607278,6.727616262059989,0.0,11.379160558221669,2,3
E01000226,Barnet 018D,Barnet,4.668934882932099,4.167207347971918,3.370327139225123,9.64463408908712,1b,2
E01000227,Barnet 018E,Barnet,8.180479713690257,7.527902158091022,3.296883715759648,15.049742561804294,2,3
E01000228,Barnet 007A,Barnet,0.963051757640177,0.0,0.0,5.512147513837725,1a,1
E01000229,Barnet 013B,Barnet,4.637175077865967,4.833042336261911,0.0,8.893335548798412,1b,2
E01000230,Barnet 013C,Barnet,5.57118311300676,4.867490837894136,2.399615498258532,13.216283037603151,2,3
E01000231,Barnet 013D,Barnet,4.18424977977948,4.936102745162885,0.0,7.223348837865364,1b,2
E01000232,Barnet 013E,Barnet,8.266782901684149,8.817352961965108,0.0,12.324270131323711,2,3
E01000233,Barnet 013F,Barnet,7.054974255867397,7.459772391325552,2.151981626139323,11.534987715540908,2,3
E01000234,Barnet 021D,Barnet,13.216116429999223,13.353249415912575,5.62042083293835,18.12376355443758,3,4
E01000235,Barnet 021E,Barnet,12.154899418213466,12.144150417606305,4.039260141581346,18.164965006772647,3,4
E01000236,Barnet 034A,Barnet,9.088514193185665,8.577516859368458,4.476309174772263,15.56437706898804,2,3
E01000237,Barnet 032A,Barnet,16.09873879729415,16.52213236278424,8.076308932102801,23.1496658259146,4,5
E01000238,Barnet 034B,Barnet,7.987447926190258,7.425402864493458,3.969239550981385,11.111529261536214,2,3
E01000239,Barnet 031A,Barnet,8.18140438933391,7.253162864904178,1.900950034949839,18.65272005803685,2,3
E01000240,Barnet 031B,Barnet,3.144651374507347,3.150642950774308,0.0,7.569996759364702,1b,2
E01000241,Barnet 031C,Barnet,4.001915317704044,3.277858737527017,0.0,9.23264104353839,1b,2
E01000242,Barnet 032B,Barnet,6.138865930565898,7.134119392464028,2.108908195891619,10.060145846871928,2,3
E01000243,Barnet 032C,Barnet,10.236546577596034,10.13438080233452,7.781325685398127,13.036746283463476,3,4
E01000244,Barnet 032D,Barnet,10.97148202297682,10.730798098845844,5.095136317854163,18.402893795016567,3,4
E01000245,Barnet 032E,Barnet,14.484303752831476,14.827177665629469,9.853709326641818,17.901547014278673,3,4
E01000246,Barnet 002B,Enfield,3.570911801925921,0.0,0.0,24.188488374497236,1b,2
E01000247,Barnet 002C,Barnet,5.196052054710878,3.964653148825994,2.600509251502253,11.530445964232234,2,3
E01000248,Barnet 001A,Barnet,11.934917547788976,11.898819062226462,5.838621566318208,19.341488644670104,3,4
E01000249,Barnet 001B,Barnet,2.256201329301433,1.537253216799179,0.0,10.09592783463599,1a,1
E01000250,Barnet 001C,Barnet,12.86486577489422,11.848499001479317,1.579430026060328,27.571017847510927,3,4
E01000251,Barnet 002D,Barnet,12.195072831284,12.08096167438103,8.005046457926106,16.82044514348749,3,4
E01000252,Barnet 002E,Barnet,13.141388813882656,13.224261802568764,4.171568783847933,20.754600906573817,3,4
E01000253,Barnet 007B,Barnet,1.595206774022347,1.723881514220494,0.0,5.586524764895235,1a,1
E01000254,Barnet 001D,Enfield,1.536937416718434,1.567259643938382,0.0,9.454393390784144,1a,1
E01000255,Barnet 017A,Barnet,1.61546176413654,2.057795233375428,0.0,4.825559699237377,1a,1
E01000256,Barnet 016A,Barnet,4.479860396073774,4.131033762448265,0.0,12.635652485637536,1b,2
E01000257,Barnet 017B,Barnet,6.749536832603645,7.582525608430741,0.0,11.231541007559956,2,3
E01000258,Barnet 016B,Barnet,7.784853880459416,4.130589149835895,0.0,18.006582377905467,2,3
E01000259,Barnet 025D,Barnet,2.386011028565887,2.078465904980523,0.0,9.371020846902509,1a,1
E01000260,Barnet 025E,Barnet,3.307911858128207,3.545226363345904,0.0,14.736025430481524,1b,2
E01000261,Barnet 017C,Barnet,2.475416005189111,2.497071190465362,0.0,5.538363633616389,1a,1
E01000263,Barnet 016C,Barnet,5.763742371941924,3.057959837639686,0.0,17.778763875027867,2,3
E01000264,Barnet 016D,Barnet,12.020948091561298,12.587550314750317,2.319046263242605,21.382277004347998,3,4
E01000265,Barnet 011A,Barnet,5.806915181689523,5.341992059613927,4.308530929059025,7.97309096700263,2,3
E01000266,Barnet 011B,Barnet,4.376845156983426,3.860517212287064,1.204781860209692,7.694813209633898,1b,2
E01000267,Barnet 005A,Barnet,6.318624532348538,5.897440220283944,3.437543346499195,9.747585185157568,2,3
E01000268,Barnet 005B,Barnet,14.274086629263197,13.59035590442865,3.962656514280399,22.799993591220648,3,4
E01000269,Barnet 005C,Barnet,10.137631208217783,10.469503886129598,4.441084550727025,17.77320511039198,3,4
E01000270,Barnet 005D,Barnet,9.328497882052387,8.98845036412644,5.440604834742508,13.086210228518716,2,3
E01000271,Barnet 008A,Barnet,8.444915934227007,8.3738260516524,3.890039444701411,13.25916936069746,2,3
E01000272,Barnet 008B,Barnet,6.563978950280267,6.279025589510882,3.852541660609716,15.6563561572492,2,3
E01000273,Barnet 008C,Barnet,12.090034005481773,12.8507913899321,2.439059856824271,18.95608882098413,3,4
E01000274,Barnet 011C,Barnet,6.545208326911326,6.27055468258362,4.898035720069088,9.037625787536577,2,3
E01000275,Barnet 012A,Barnet,8.263059111849834,8.503257855837049,2.636607366272699,11.804705038218469,2,3
E01000276,Barnet 020A,Barnet,3.585317167376968,2.414896297669783,0.0,11.185722385516993,1b,2
E01000277,Barnet 012B,Barnet,10.949270448640522,11.272285928129907,6.279272175148856,14.549155192973386,3,4
E01000278,Barnet 020B,Barnet,7.07238445490585,7.91027591154127,2.884100048585394,11.653542058231988,2,3
E01000279,Barnet 007C,Barnet,1.260652988154454,1.916672194727408,0.0,3.57923336372588,1a,1
E01000280,Barnet 007D,Barnet,4.882954974621548,4.36283447289701,0.0,16.958768211625237,1b,2
E01000281,Barnet 008D,Barnet,10.92904623977757,10.257014508036391,2.640271423904565,19.957148672196627,3,4
E01000282,Barnet 008E,Barnet,10.698907746622025,9.514870860838986,2.753133132812075,20.706325868054357,3,4
E01000283,Barnet 012C,Barnet,4.422132063479057,2.951748801583199,0.0,9.04750559967652,1b,2
E01000284,Barnet 012D,Barnet,9.243364607170683,8.674407105967976,4.061838171353499,15.350996829008942,2,3
E01000285,Barnet 004A,Barnet,3.42517692787428,3.341776514325236,0.0,6.455565141956107,1b,2
E01000286,Barnet 007E,Barnet,4.43824591372506,4.009295067834989,1.96922707174862,6.765354184856788,1b,2
E01000287,Barnet 004B,Barnet,3.823465332498808,3.74694180466457,2.536336284196423,5.000418561477419,1b,2
E01000288,Barnet 004C,Barnet,9.079785885748493,8.456705046680094,0.0,26.014810968662456,2,3
E01000289,Barnet 004D,Barnet,7.664291394207122,6.464641027728117,0.0,19.454708398644808,2,3
E01000290,Barnet 007F,Barnet,1.721691723628747,1.84890944749647,0.0,4.934196636131288,1a,1
E01000291,Barnet 004E,Barnet,3.082594082121027,2.768715332265927,0.0,8.205383021940637,1b,2
E01000292,Barnet 001E,Barnet,10.2383187367115,8.623936418216319,2.854048418671274,19.909766830132615,3,4
E01000293,Barnet 001F,Barnet,18.687038993945077,18.027965477390143,9.135195202213293,26.41890929444961,4,5
E01000294,Barnet 004F,Barnet,6.658950055881126,6.357772787202874,2.544520327806774,12.7436094050732,2,3
E01000295,Barnet 023B,Barnet,15.225278077551842,15.902804959516336,6.770006022167788,21.8952451072106,4,5
E01000296,Barnet 023C,Barnet,17.071670990208723,17.135695766985876,9.856769247067422,23.713045150679264,4,5
E01000297,Barnet 027D,Barnet,7.487661701260117,7.436839023413492,3.532504590799313,12.034198822846626,2,3
E01000298,Barnet 023D,Barnet,11.773622047707676,11.93336758505211,3.575083659600713,19.688455427471634,3,4
E01000299,Barnet 019A,Barnet,17.10216873874598,17.561356290805545,13.27752410060002,20.542893509177222,4,5
E01000300,Barnet 019B,Barnet,14.285421867401402,14.18842995941396,9.696805687239497,19.716801925645058,3,4
E01000301,Barnet 020C,Barnet,12.107208387059115,11.57248160840528,8.944722063985022,19.525957088319256,3,4
E01000302,Barnet 019C,Barnet,15.334923084112232,14.602834148224296,11.031360633976645,20.973021352814477,4,5
E01000303,Barnet 020D,Barnet,9.533685198143273,9.190734779641298,6.475765308384356,15.748358520393168,2,3
E01000304,Barnet 020E,Barnet,7.991912818320019,8.080505271649768,2.075870224902801,16.682314934925486,2,3
E01000305,Barnet 036B,Brent,4.241208874710922,2.77470871504444,0.0,13.735926182668852,1b,2
E01000306,Barnet 036C,Barnet,11.155305695282673,10.9775799555448,8.316572622387316,15.123714455674907,3,4
E01000307,Barnet 039D,Barnet,16.84149834630061,19.008902852358705,0.0,29.944006039813114,4,5
E01000308,Barnet 036D,Barnet,3.531751180708152,0.0,0.0,12.96777968985148,1b,2
E01000309,Barnet 031D,Barnet,14.422961330388242,15.123249578466709,4.40905728386667,21.55983601407304,3,4
E01000310,Barnet 034C,Barnet,18.485671235964514,17.869772312935496,5.392354618243967,27.859758902710148,4,5
E01000311,Barnet 034D,Barnet,13.959494656027177,14.965453257476328,7.152130164653393,19.69716719105743,3,4
E01000312,Barnet 036E,Barnet,8.290105669938033,8.115502923896841,5.985070899963999,10.516326047024648,2,3
E01000313,Barnet 036F,Barnet,13.515542169529327,13.17322583281726,10.660282292594914,21.065080644416888,3,4
E01000314,Barnet 032F,Barnet,18.319681093296385,19.079553345854773,11.43096891901477,23.097569531238392,4,5
E01000315,Barnet 022F,Haringey,5.212128733724033,5.252687503705722,0.0,11.255168561112889,2,3
E01000316,Barnet 027E,Barnet,7.494504723051201,7.447819321104882,5.000977040811185,14.068718066261551,2,3
E01000317,Barnet 019D,Barnet,13.684923009699377,13.63286597492082,7.0863416345475,21.344689539800736,3,4
E01000318,Barnet 019E,Barnet,10.356117152350128,11.184513840474589,0.0,16.141725822845306,3,4
E01000319,Barnet 027F,Barnet,6.703903106140739,7.084391082925348,3.703671658695594,9.794034720536128,2,3
E01000320,Barnet 011D,Barnet,4.091892334710529,3.983714509642807,1.202540574757173,9.589076810958598,1b,2
E01000321,Barnet 012E,Barnet,9.26588453615352,9.365491858286632,3.69690946206861,18.31623646935822,2,3
E01000322,Barnet 011E,Barnet,5.534569913258351,4.166631546863625,1.208014021286508,18.70501906600865,2,3
E01000323,Barnet 019F,Barnet,15.279287756682573,15.79456591730908,4.483556679551445,20.830149399657245,4,5
E01000324,Barnet 015F,Barnet,6.824300592414232,7.451430282089228,0.0,11.50062224200733,2,3
E01000325,Bexley 014A,Bexley,6.542561857777605,6.916302322372609,0.0,11.328703931609024,2,3
E01000326,Bexley 014B,Bexley,3.06431048595614,2.826024928967438,0.0,6.416069480892457,1b,2
E01000327,Bexley 017A,Bexley,10.843128218391016,10.495872182872546,3.47166952906735,16.215515164040713,3,4
E01000328,Bexley 017B,Bexley,2.859428542218344,2.842366093177005,0.0,11.351578625598108,1b,2
E01000329,Bexley 017C,Bexley,8.604949296385806,7.795297129148052,2.427969091012994,21.295783232735225,2,3
E01000330,Bexley 017D,Bexley,16.366908881399073,18.229241668533735,7.936239142450728,25.53829686215745,4,5
E01000331,Bexley 017E,Bexley,3.634758734954525,3.545520051358521,0.0,7.46162527779201,1b,2
E01000332,Bexley 005A,Bexley,7.193762768942332,7.412844192883743,3.20224497189409,9.720308266669472,2,3
E01000333,Bexley 003A,Bexley,5.966019206606796,6.106305016963797,2.816998434648428,8.41127146006303,2,3
E01000334,Bexley 006A,Bexley,4.877713875776336,5.000518750358635,3.055853152704159,6.670540940792081,1b,2
E01000335,Bexley 003B,Bexley,4.019733673795209,3.488447491126268,0.0,10.713694714738336,1b,2
E01000336,Bexley 003C,Bexley,7.391876318476379,7.724772389578494,3.19166901671905,10.832209078198368,2,3
E01000337,Bexley 003D,Bexley,4.774199905953373,4.681890835514107,0.0,8.022990955273347,1b,2
E01000338,Bexley 003E,Bexley,7.64133957669687,8.07386031095217,4.752418081662084,9.165228897788424,2,3
E01000339,Bexley 025A,Bexley,4.129317708485702,3.991178221556605,2.023825499411364,6.472916551592147,1b,2
E01000340,Bexley 018A,Bexley,2.902519171509411,3.015092255999647,2.175157985607424,3.825677275765384,1b,2
E01000341,Bexley 022A,Bexley,3.360886882327181,3.28958952264969,1.663572517033753,5.245033296294109,1b,2
E01000342,Bexley 022B,Bexley,2.871817699898955,3.012155710912744,1.732418500145191,4.474454895129208,1b,2
E01000343,Bexley 022C,Bexley,4.356056830653413,4.228528316417117,2.011795925809442,6.596280586198469,1b,2
E01000344,Bexley 025B,Greenwich,4.333282836162367,4.433880033255798,2.008975206655136,5.783583425530566,1b,2
E01000345,Bexley 022D,Bexley,4.521847278597265,4.562504971324112,3.416980924037668,6.153625582926041,1b,2
E01000346,Bexley 021A,Bexley,3.626189040002474,3.865263354606883,0.0,5.547421192841283,1b,2
E01000347,Bexley 021B,Bexley,5.097381163765387,4.963506739100353,4.555875267567009,6.492119311211431,2,3
E01000348,Bexley 020A,Bexley,3.542494773245563,3.587228378526768,1.421809266039433,5.473628067496078,1b,2
E01000349,Bexley 020B,Bexley,4.264479986624121,4.541574311818282,1.891328742461636,5.940331189895987,1b,2
E01000350,Bexley 021C,Bexley,3.733338151139267,3.950661852305799,0.0,6.144343561279797,1b,2
E01000351,Bexley 024A,Bexley,2.841128784676784,3.687654302581433,0.0,5.597173326734257,1b,2
E01000352,Bexley 021D,Bexley,4.566181122687356,4.821349212376007,0.0,6.102709562427059,1b,2
E01000353,Bexley 011A,Bexley,5.213739708281357,5.003448453093933,0.0,9.738106346105107,2,3
E01000354,Bexley 011B,Bexley,7.871393526761219,8.082937967441577,5.5883522481547,10.62056582847682,2,3
E01000355,Bexley 011C,Bexley,6.307308178554191,7.154833398818567,0.0,10.997301041592248,2,3
E01000356,Bexley 009A,Bexley,9.547281766652128,9.693676728511036,6.058183777158419,11.903085767079393,2,3
E01000357,Bexley 009B,Bexley,5.254480927658233,4.820041547653139,1.725641206448544,8.749282579028169,2,3
E01000358,Bexley 011D,Bexley,7.731895798413394,7.872685201038556,3.447064429660561,11.676318673997477,2,3
E01000359,Bexley 009C,Bexley,5.872535987350062,5.938202443458634,4.375377361646413,7.370430934593031,2,3
E01000360,Bexley 015A,Bexley,15.207025179640896,14.645660303729972,2.725592726801931,24.418185997417087,4,5
E01000361,Bexley 020C,Bexley,4.939757836190345,2.701017644449346,1.648920557174837,14.174838223526098,1b,2
E01000362,Bexley 015B,Bexley,15.926410327449275,18.210927898237284,3.198709406726612,27.983793722934845,4,5
E01000363,Bexley 020D,Bexley,5.186004532429738,3.890580386404686,1.831235786463008,12.540873123973284,2,3
E01000364,Bexley 023A,Bexley,4.129478881739339,4.585482286218188,0.0,8.846057976789671,1b,2
E01000365,Bexley 015C,Bexley,12.170108087221704,7.103541705112395,2.754350569783203,24.502399918737936,3,4
E01000366,Bexley 015D,Bexley,12.414555123964895,14.146909874415634,2.972450013798581,18.13490115210833,3,4
E01000367,Bexley 010A,Bexley,4.0389105583126,3.826122387932853,1.901143143591409,9.256079518695124,1b,2
E01000368,Bexley 010B,Bexley,2.912760917276382,3.16062688273906,0.0,4.632671977993533,1b,2
E01000369,Bexley 014C,Bexley,3.660970062538942,3.461530939198878,1.896787054315479,8.81839017380349,1b,2
E01000370,Bexley 014D,Bexley,7.898436513091286,8.306242891242986,3.431511098225812,11.37266640567308,2,3
E01000371,Bexley 014E,Bexley,3.137274943271263,2.457504709601077,0.0,6.187814152463939,1b,2
E01000372,Bexley 010C,Bexley,4.015001160603124,3.224891201253515,2.245806920096752,9.176736007143605,1b,2
E01000373,Bexley 008A,Bexley,3.893726585171999,3.668701506105362,2.928330993571469,5.44227174560041,1b,2
E01000374,Bexley 019A,Bexley,2.557309803310396,2.176222756029967,0.0,8.548301119019413,1b,2
E01000375,Bexley 019B,Bexley,5.530011038673471,6.656382106068255,0.0,10.515409979101648,2,3
E01000376,Bexley 019C,Bexley,2.46676769398799,2.296566519053161,0.0,8.775510618326734,1a,1
E01000377,Bexley 019D,Bexley,2.334265634575336,1.776353759264199,0.0,7.908485965356674,1a,1
E01000379,Bexley 019F,Bexley,6.051151893489971,7.42602507066473,0.0,10.246583899813835,2,3
E01000380,Bexley 010D,Bexley,4.84732092609786,3.723374851295627,0.0,9.0292173781019,1b,2
E01000381,Bexley 028A,Bexley,1.27977123185041,1.241735174762089,0.0,5.911469060947388,1a,1
E01000382,Bexley 027A,Bexley,2.594415585814895,1.503443576455147,0.0,7.48716555047817,1b,2
E01000383,Bexley 028B,Bromley,0.796123395276132,0.0,0.0,3.854361194551101,1a,1
E01000384,Bexley 027B,Bexley,7.71084614116172,7.851547860912603,1.324394649124126,10.432387888587044,2,3
E01000385,Bexley 028C,Bromley,3.916151081234823,2.666805422618885,0.0,9.075514011793988,1b,2
E01000386,Bexley 028D,Bromley,6.560000105469878,6.624810577918458,1.255174017640007,9.7583738589205,2,3
E01000387,Bexley 027C,Bexley,5.272118301163927,5.554732802699921,1.319716054536797,7.460461241095578,2,3
E01000388,Bexley 016A,Bexley,3.827635422773144,2.330335558265701,0.0,9.736950215441526,1b,2
E01000389,Bexley 020E,Bexley,7.925065568498242,6.957483444982813,1.210895054221025,17.77257944727631,2,3
E01000390,Bexley 020F,Bexley,2.985276068820157,2.823668317772102,0.0,6.955911486277169,1b,2
E01000391,Bexley 021E,Bexley,2.201625318862644,2.394832322290029,0.0,5.065161854672906,1a,1
E01000392,Bexley 016B,Bexley,10.42775233150352,10.048757497863477,6.426472925064795,14.866466257999452,3,4
E01000393,Bexley 020G,Bexley,8.613507484803659,8.055698957338054,5.755850744105246,15.648200958645562,2,3
E01000394,Bexley 015E,Bexley,13.316884419883728,14.261765351926448,3.020650127452377,17.505612445768488,3,4
E01000395,Bexley 018B,Bexley,4.647147167276743,4.631964192113385,0.0,9.302900918254494,1b,2
E01000396,Bexley 018C,Bexley,4.511050461723088,4.236169628182979,1.577565924468971,9.820412019746165,1b,2
E01000398,Bexley 029A,Bexley,3.247830138893058,3.071548152838295,0.0,6.160459536230711,1b,2
E01000399,Bexley 029B,Bexley,7.452049444136865,8.536903145281748,0.0,11.138936152544538,2,3
E01000400,Bexley 029C,Bexley,8.348505155685334,9.92454529819036,0.0,13.567780998778202,2,3
E01000401,Bexley 013A,Bexley,9.544288239687084,9.192296013393676,4.243662678533033,13.559190313045098,2,3
E01000402,Bexley 005B,Bexley,4.031919745781673,3.447841021733273,1.556483403821441,8.603405386479054,1b,2
E01000403,Bexley 004A,Bexley,11.015034417876622,11.950434200386097,2.750243148320496,14.698546911770023,3,4
E01000404,Bexley 004B,Bexley,9.636381968230245,9.779910407303085,5.369074648286141,13.265452598506132,2,3
E01000405,Bexley 004C,Bexley,4.462340451233107,5.14862782921918,0.0,7.390910603241456,1b,2
E01000406,Bexley 005C,Bexley,3.733853592859046,3.72863358532604,0.0,8.911450125733893,1b,2
E01000407,Bexley 005D,Bexley,5.876551168752499,5.114237796107993,0.0,11.92641642172015,2,3
E01000408,Bexley 004D,Bexley,3.490837958909105,3.522901021165085,0.0,9.830043804523086,1b,2
E01000409,Bexley 016C,Bexley,5.377486729121762,4.35845739282268,2.384222256972357,11.255382939880416,2,3
E01000410,Bexley 018D,Bexley,3.657140927442953,3.664301732571709,1.83284114617288,5.626371916786022,1b,2
E01000411,Bexley 016D,Bexley,4.058225902115301,4.130150968163035,3.136530869112593,5.106229241367416,1b,2
E01000412,Bexley 018E,Greenwich,5.861350360406264,5.695486951111571,2.218118311892523,8.462307666377214,2,3
E01000413,Bexley 018F,Bexley,3.852437108330497,3.674875039391922,2.045783692512274,6.647451798627353,1b,2
E01000414,Bexley 016E,Bexley,12.163517791079828,11.827688637901849,9.629134294096929,15.198031205255004,3,4
E01000415,Bexley 016F,Bexley,7.825621648116349,8.707642689454937,1.777868344191487,12.553615621090463,2,3
E01000416,Bexley 002A,Bexley,21.71827228170281,20.989917926113336,18.78061561628446,26.29286659367757,5,6
E01000417,Bexley 006B,Bexley,8.513939791062443,6.596600918141188,0.0,24.26714571938502,2,3
E01000418,Bexley 002B,Bexley,9.93409691570532,4.497982831205084,0.0,25.57840485998411,2,3
E01000419,Bexley 006C,Bexley,6.162668679288677,6.457249747612604,4.194299286202871,7.799142311440753,2,3
E01000420,Bexley 006D,Bexley,4.998068381191808,4.776648418258539,0.0,7.645087101075876,1b,2
E01000421,Bexley 009D,Bexley,4.915405683002304,5.262088542903862,2.380977214377019,7.101998786539911,1b,2
E01000422,Bexley 002C,Bexley,21.02187303761604,20.32551716788351,14.068288396052743,26.22778105643927,5,6
E01000423,Bexley 025C,Bromley,5.516606794588777,4.145652784526689,1.725906822619174,11.139585811529004,2,3
E01000424,Bexley 026A,Bexley,11.17276244052178,13.04984902781312,2.267104937952724,16.724818708248492,3,4
E01000425,Bexley 025D,Bexley,2.495513073825671,2.836290002290425,0.0,6.8729087455401,1a,1
E01000426,Bexley 026B,Bexley,3.998531053364759,3.923339869035817,3.172290500134117,4.942518317205176,1b,2
E01000427,Bexley 026C,Bexley,3.188154359628936,2.774270310767267,0.0,12.106848411114076,1b,2
E01000428,Bexley 027D,Bromley,8.190541342476468,7.983349975389546,0.0,17.176141984906728,2,3
E01000429,Bexley 008B,Bexley,4.600403976245063,2.771973316644093,2.11329526887723,11.678146069467422,1b,2
E01000430,Bexley 008C,Bexley,0.907625968146969,0.0,0.0,8.420361245738363,1a,1
E01000431,Bexley 008D,Bexley,5.969596903255959,6.299212318114553,2.130763577362223,12.113466719969765,2,3
E01000433,Bexley 008F,Bexley,9.50569661960238,9.567079055136496,4.465525385603585,11.431449882850288,2,3
E01000434,Bexley 008G,Bexley,2.220157639926823,0.0,0.0,10.58805425559654,1a,1
E01000435,Bexley 010E,Bexley,7.273032191824122,8.881019838821837,4.185320283988009,10.568808553566592,2,3
E01000436,Bexley 011E,Bexley,5.635146544775925,5.69794745667768,3.691951400016605,7.496407779996615,2,3
E01000437,Bexley 007A,Bexley,2.94512178981867,3.101155392823965,0.0,5.355173540239381,1b,2
E01000438,Bexley 007B,Bexley,3.658048333961533,3.463120701697748,1.859983557331321,5.367195752756626,1b,2
E01000439,Bexley 007C,Bexley,4.69839497327342,4.662098611578133,3.218816425927124,5.93159815847531,1b,2
E01000440,Bexley 007D,Bexley,3.192717382119654,2.991892653863921,0.0,5.67755990092994,1b,2
E01000441,Bexley 007E,Bexley,3.455368580530886,3.333401491001194,0.0,8.706359571500556,1b,2
E01000442,Bexley 006E,Bexley,4.447926099730199,4.694598870757462,1.783977753258204,6.75867517027489,1b,2
E01000443,Bexley 024B,Bexley,6.559181096023965,6.940601509869093,4.259043523270168,8.475069411930178,2,3
E01000444,Bexley 023B,Bexley,1.874303133645403,1.660155474701837,0.0,9.2138639141016,1a,1
E01000445,Bexley 024C,Bexley,4.146435095351352,3.895697366320039,0.0,8.02439144317166,1b,2
E01000446,Bexley 024D,Bexley,4.130511071823634,4.122232161289597,0.0,8.406372313210484,1b,2
E01000447,Bexley 023C,Bexley,7.417147297575472,8.623677118880202,0.0,13.160128765688562,2,3
E01000448,Bexley 023D,Bexley,6.448926975521887,4.791306997381643,3.002484809372966,11.84525686961592,2,3
E01000449,Bexley 023E,Bexley,7.328432120728629,8.600516395782096,0.0,12.846114368393074,2,3
E01000450,Bexley 009E,Greenwich,4.538340042608221,4.551628216582623,1.872363861992175,6.046634403059045,1b,2
E01000451,Bexley 009F,Bexley,5.219816084652082,5.062712125985595,2.969132336903335,7.333123949490115,2,3
E01000452,Bexley 009G,Bexley,4.276700773341684,4.602645073738861,1.617680041224912,6.308415734480291,1b,2
E01000453,Bexley 013B,Bexley,3.453318682617476,3.756711381621129,0.0,5.063676263533218,1b,2
E01000454,Bexley 013C,Bexley,5.630175770620214,5.716981493978611,4.304420798211906,7.336040830745403,2,3
E01000455,Bexley 013D,Bexley,5.326855267652393,3.988146482759055,1.776867646351319,12.748224688102145,2,3
E01000456,Bexley 013E,Bexley,2.871833857683769,2.234748321903097,1.716996098081984,4.992230513445395,1b,2
E01000457,Bexley 026D,Bexley,14.576812557748196,14.814635545593044,4.840075383439338,20.21991850338527,3,4
E01000458,Bexley 027E,Bexley,5.651620417337834,2.929071847913226,1.372022933507796,14.191697842596694,2,3
E01000459,Bexley 027F,Bexley,8.803176221618594,7.883048833057916,1.580454269782966,14.760176206632654,2,3
E01000460,Bexley 022E,Bexley,3.613191949925396,3.246880274515988,0.0,13.459904915983316,1b,2
E01000461,Bexley 024E,Bexley,5.588335713139193,5.493685629157349,0.0,12.986127918978426,2,3
E01000462,Bexley 026E,Bexley,12.13354362058783,13.17412303159362,3.476168575967926,17.582328326356404,3,4
E01000463,Bexley 025E,Bexley,4.54100894120152,3.780244374631526,0.0,9.779878561484256,1b,2
E01000464,Bexley 002D,Bexley,8.70577510218668,5.20046782910017,2.731797674936104,13.949018860470794,2,3
E01000465,Bexley 002E,Bexley,5.523261376524244,5.361215640398138,2.958226446009601,8.496882462340807,2,3
E01000466,Bexley 001A,Bexley,1.774087932680111,0.0,0.0,12.896187911562787,1a,1
E01000467,Bexley 001B,Bexley,7.706222698369984,7.452853426302838,5.859454603147897,10.499266131281964,2,3
E01000468,Bexley 001C,Bexley,3.628328760933139,5.225888416385526,0.0,8.985743055213344,1b,2
E01000469,Bexley 001D,Bexley,7.592715499920467,7.896662032610182,0.0,12.421892481601503,2,3
E01000470,Bexley 002F,Bexley,8.36443620303652,7.045768268416904,0.0,25.706383053061593,2,3
E01000471,Brent 026A,Ealing,3.824009064861522,3.153004065812548,0.0,8.523509640744324,1b,2
E01000472,Brent 029A,Ealing,9.584201609498,9.76716877342427,0.0,22.100586491776305,2,3
E01000473,Brent 029B,Brent,14.629629157928877,14.782184799920346,10.71832560914376,18.944307049406497,3,4
E01000474,Brent 026B,Brent,7.575118035956176,10.2862597564761,0.0,12.968678065692094,2,3
E01000475,Brent 029C,Ealing,11.701515314329471,12.769130216681404,3.676514712859679,18.81699436094836,3,4
E01000476,Brent 026C,Brent,6.648846291783375,7.382398103172013,2.812369720703343,11.791380549547018,2,3
E01000477,Brent 026D,Ealing,5.983024273414966,3.722675663005661,0.0,14.265357524226598,2,3
E01000478,Brent 029D,Brent,12.207879257733635,11.734989999324812,6.970279484052821,17.347479027093442,3,4
E01000479,Brent 009A,Brent,10.849934648351942,8.163706935877263,2.230330176263843,23.827556017945625,3,4
E01000480,Brent 006A,Brent,13.213925220552657,15.646152912217955,0.0,26.732831491255453,3,4
E01000481,Brent 009B,Brent,15.488873547023712,21.01371669895391,0.0,28.1257565619134,4,5
E01000483,Brent 009D,Brent,7.679674910340739,7.777328887680134,0.0,17.30742353201598,2,3
E01000484,Brent 006B,Brent,5.575933813663564,3.601758128117457,1.954623619368046,13.663484727406768,2,3
E01000485,Brent 006C,Brent,7.375460642287221,7.410928239913156,3.927260729541915,11.86317551215244,2,3
E01000486,Brent 006D,Brent,2.639636931101057,0.0,0.0,13.591859378487682,1b,2
E01000487,Brent 006E,Brent,11.106448764193743,11.165791476952997,3.126956528251218,16.82658349069167,3,4
E01000488,Brent 022A,Brent,12.072380788812524,11.044789770490029,6.201858391664231,20.232148765312427,3,4
E01000489,Brent 030A,Brent,10.269332972074066,9.701242146573646,0.0,16.96168099674297,3,4
E01000490,Brent 023A,Camden,18.939685652818863,18.97945513404752,13.472436304432255,27.866466202197028,4,5
E01000491,Brent 030B,Brent,7.935637067633325,7.116489172607583,0.0,16.027489551292813,2,3
E01000492,Brent 030C,Brent,9.356860930867818,9.750416162032444,4.272991229035596,13.436542466165305,2,3
E01000493,Brent 030D,Brent,10.621323101407851,11.38178737136734,2.421174180825109,14.675018728830286,3,4
E01000494,Brent 023B,Brent,12.713165906020738,13.022729862771676,7.443849076867402,17.584544091364645,3,4
E01000495,Brent 023C,Camden,16.444951647487144,16.07482321475429,12.27491724782922,26.836577403073168,4,5
E01000497,Brent 011A,Brent,11.261561527439614,11.460694521412464,6.848538074493339,14.819799322933918,3,4
E01000498,Brent 010B,Brent,4.835603779281303,6.000907382585097,0.0,8.676685220258259,1b,2
E01000499,Brent 011B,Brent,9.092229181957215,9.290676739758744,2.090431880830065,15.115919451098875,2,3
E01000501,Brent 011C,Brent,8.066546086303301,6.817231888304939,4.905358281984793,13.443280199080158,2,3
E01000502,Brent 011D,Brent,5.939908700220138,6.501387893763647,2.338768436048763,10.54505557136986,2,3
E01000503,Brent 011E,Brent,5.013196018412972,4.950068499418108,0.0,12.51084267613384,2,3
E01000504,Brent 018A,Brent,10.211856419003851,10.878201560215654,7.143941891289757,15.786214914491158,3,4
E01000505,Brent 018B,Brent,7.006179583843809,7.327829354868268,2.568017347061329,10.841099373559691,2,3
E01000506,Brent 014A,Brent,13.992329869986657,13.136920327161777,7.27123381394814,22.71978344151216,3,4
E01000507,Brent 018C,Brent,8.263693625959476,7.886786342795618,2.422696978094023,13.013735565637488,2,3
E01000508,Brent 025A,Brent,10.65063868646742,10.42547716907014,4.896362536076902,18.703867496011075,3,4
E01000509,Brent 014B,Brent,8.784926966722539,7.798444794831608,4.942253146129278,14.85123418511288,2,3
E01000510,Brent 014C,Brent,14.384545353186546,14.075579113811028,9.074544263479169,19.024179425006537,3,4
E01000511,Brent 014D,Brent,15.331507722250397,16.254692579522857,8.042486022909737,19.14228473244621,4,5
E01000512,Brent 018D,Brent,11.705787476974164,10.88494397760386,8.244902195504235,19.788144660447703,3,4
E01000513,Brent 002A,Brent,8.217877014114757,7.830188979856347,6.021501624045181,11.87857053473904,2,3
E01000514,Brent 002B,Brent,8.347073058223032,8.506538408920026,5.914915673234274,9.694571497883098,2,3
E01000515,Brent 003A,Brent,10.077543126814067,10.859569091681587,0.0,15.019860465604124,3,4
E01000516,Brent 002C,Brent,8.636481466276292,7.860442875773724,5.565424800994157,14.328011003620674,2,3
E01000517,Brent 003B,Brent,8.95007208549068,9.611135482503968,2.964075688442701,17.585322150495166,2,3
E01000518,Brent 005A,Brent,6.234903147185287,6.324818780174072,0.0,13.165643227486695,2,3
E01000519,Brent 005B,Brent,2.406620900516178,2.204918186756214,0.0,8.80834448824206,1a,1
E01000520,Brent 002D,Brent,8.132982467021213,8.688645503912015,0.0,11.104811966377452,2,3
E01000521,Brent 025B,Brent,17.148335773453997,18.204194013421198,10.606034398560771,20.435949839099536,4,5
E01000522,Brent 025C,Brent,2.29823281285378,3.009980682027003,0.0,4.739359729190265,1a,1
E01000523,Brent 031A,Brent,11.445345318873214,9.901690581923448,5.487983645656668,19.581789447605487,3,4
E01000524,Brent 031B,Brent,20.48018595071415,20.18363348199459,17.332873093440057,25.06585241195567,5,6
E01000525,Brent 031C,Ealing,20.321046462606255,20.06697589479368,17.2731252945635,24.69775873091942,5,6
E01000526,Brent 025D,Brent,7.214248866857761,6.576658266258951,3.68244622399767,10.914050603180458,2,3
E01000527,Brent 025E,Brent,5.315787814986878,5.176435614925053,3.215998689837042,9.978621757550624,2,3
E01000528,Brent 025F,Brent,7.385725289337833,6.978737633971963,4.202719279585745,13.409964893077357,2,3
E01000530,Brent 033A,Brent,7.761504912059191,7.959102362839847,2.247060976418887,13.601795713608578,2,3
E01000531,Brent 033B,Kensington & Chelsea,11.51503760893887,11.397500083728556,9.529750978713189,14.442772525141969,3,4
E01000532,Brent 033C,Kensington & Chelsea,14.266364507893238,13.54453243741675,11.41868092100383,20.78477571898976,3,4
E01000533,Brent 031E,Brent,12.18896497014927,12.295813948211418,4.885640986179058,25.323471120298407,3,4
E01000534,Brent 033D,Brent,6.450654260010473,5.259117194753624,2.611998466494371,13.826561727897891,2,3
E01000535,Brent 031F,Hammersmith & Fulham,16.272669658570596,16.009536283744144,12.027009087589596,24.936160669483467,4,5
E01000536,Brent 004A,Brent,13.241860705019509,13.174170963504112,1.718481008999015,25.37584177653977,3,4
E01000538,Brent 004B,Brent,2.789371438943193,1.768781430285941,0.0,9.983696809792171,1b,2
E01000539,Brent 004C,Brent,8.813266937775253,9.739754598986591,0.0,13.059415440691202,2,3
E01000540,Brent 004D,Brent,7.812337451777704,7.401964164086881,1.607629690119277,20.92472924823532,2,3
E01000541,Brent 004E,Brent,9.947663792130784,10.939422262255029,4.422673713926304,17.449010518775403,2,3
E01000543,Brent 003E,Brent,11.374390936394883,12.33816724117508,3.703558344110737,18.811329846118102,3,4
E01000544,Brent 034A,Westminster,18.552132339889432,17.530936215358842,17.05715438199112,22.070645824206604,4,5
E01000545,Brent 028A,Camden,20.628562622812485,19.612839838213635,17.98083478029582,24.18746065120188,5,6
E01000546,Brent 028B,Brent,17.367026729557832,17.134835265325886,13.719382506681075,21.445380848542943,4,5
E01000547,Brent 028C,Brent,18.178174352632965,18.961815904819225,12.985227174919508,21.50795667318471,4,5
E01000548,Brent 028D,Camden,23.629331075539746,22.470273787730157,18.591265248772476,31.73123339955113,5,6
E01000549,Brent 028E,Brent,17.28321526519283,17.330202649023605,14.448883162430509,20.22359439374944,4,5
E01000550,Brent 034B,Westminster,23.97784751903361,23.860147639258837,16.987040655709382,30.083582147244055,5,6
E01000551,Brent 034C,Westminster,20.584074164929586,20.276145867162835,17.95378276015243,22.969145865693694,5,6
E01000552,Brent 034D,Westminster,20.806352082229008,20.60622125039441,17.546586029503523,23.559940264146444,5,6
E01000553,Brent 015A,Brent,14.815132813000398,14.759063655409433,10.194242677066349,20.39305668271657,3,4
E01000554,Brent 015B,Brent,5.479949280545383,4.928060902230667,0.0,12.9807154557251,2,3
E01000555,Brent 015C,Brent,6.645036124772458,5.785254975058702,2.533607641658195,18.294316175220263,2,3
E01000556,Brent 015D,Camden,21.63476577609088,21.6009973807776,17.531352382193177,25.017362660856588,5,6
E01000557,Brent 015E,Brent,20.02473230127332,20.38224188395813,13.684389925121533,23.814870039465013,5,6
E01000558,Brent 015F,Camden,16.523082318067697,16.331759770156346,9.674358861936312,21.987466482382384,4,5
E01000559,Brent 018E,Brent,14.249182624324266,13.618015946960904,11.54337925888753,18.605248640949295,3,4
E01000560,Brent 023D,Brent,13.428141310382667,13.414886955459428,5.612239699045476,18.906467211575773,3,4
E01000561,Brent 023E,Camden,20.844560030160476,19.71090945774062,15.727046981579576,35.25853344083623,5,6
E01000562,Brent 008A,Brent,3.964883043651336,3.897218585261578,0.0,10.189511786655627,1b,2
E01000563,Brent 008B,Brent,5.474412737968087,5.270424100376897,3.143341429289458,9.41101043554132,2,3
E01000564,Brent 013A,Brent,7.822425890023066,8.444893691553894,3.263655411540862,9.98826753456328,2,3
E01000565,Brent 013B,Brent,6.573657749956276,6.111933084595513,4.870936436732547,8.959646547821013,2,3
E01000566,Brent 008C,Brent,6.373031269155211,6.789317518977219,3.049327614881578,8.94291815113842,2,3
E01000567,Brent 016A,Brent,5.130862454164201,5.368423665099312,2.339372656222968,8.662270464693552,2,3
E01000568,Brent 008D,Brent,16.930087769751335,17.46542625576447,1.74690518544423,27.942415546576648,4,5
E01000569,Brent 008E,Brent,6.849091312280089,7.016092180524014,3.322017005362554,10.379865060436844,2,3
E01000570,Brent 012A,Brent,9.43646545162188,8.837302629660098,7.452460351381935,11.603482298996168,2,3
E01000571,Brent 012B,Brent,11.732189740108428,10.741195741647836,6.479691297915211,21.154294035015095,3,4
E01000572,Brent 007A,Brent,6.665674081768175,6.379600986526251,1.854217125290974,10.460830113171756,2,3
E01000573,Brent 007B,Brent,12.172102284012006,12.332359141665094,10.23496936778518,14.690198063646308,3,4
E01000574,Brent 007C,Brent,9.73391758911898,10.340282804227153,5.926157187805329,13.73104485852006,2,3
E01000575,Brent 007D,Brent,12.547824450308378,12.604297535719269,9.029896662831028,15.049708080336664,3,4
E01000576,Brent 012C,Brent,11.751602544165245,11.73106183272592,5.947451707401278,20.806457538661338,3,4
E01000577,Brent 007E,Brent,9.210979140234707,9.06136247859194,5.446822119761555,13.88171351593998,2,3
E01000578,Brent 012D,Brent,21.81655624929276,23.5609968027814,6.425792172554863,36.076703932286215,5,6
E01000579,Brent 032A,Westminster,20.106531726492317,20.629185500897165,13.356311977379542,26.13151860866976,5,6
E01000580,Brent 032B,Brent,12.293414647137876,12.427164409673878,2.327443607112584,19.337645857210195,3,4
E01000581,Brent 030E,Brent,12.361266980775346,12.317529282800752,8.862986098936274,16.79493881507855,3,4
E01000582,Brent 032C,Westminster,14.931639137821117,16.08494983545651,6.016852438314444,18.869016883458684,3,4
E01000583,Brent 032D,Westminster,19.75246809085472,19.328397683873064,15.977210055361796,26.825239990005663,4,5
E01000584,Brent 033E,Brent,15.765641132931371,15.172593929383895,13.379091131111814,21.100940085173463,4,5
E01000585,Brent 033F,Brent,17.478543522580686,17.267770161869798,15.363615115911742,18.993001219602498,4,5
E01000586,Brent 032E,Westminster,21.798627638668453,21.938355025853557,14.218860996605176,28.29122518683257,5,6
E01000587,Brent 001A,Brent,6.037343562093064,4.741226386032587,2.001869577122141,15.47159456492297,2,3
E01000589,Brent 001B,Brent,8.765580940666185,8.696727398881912,1.944783626512214,14.230472816874007,2,3
E01000590,Brent 001C,Brent,5.837000874074848,5.56725937298707,2.386945119409461,10.320867137370692,2,3
E01000591,Brent 003F,Brent,12.391403083334586,12.342157532663808,2.685400381835708,23.481561726936864,3,4
E01000592,Brent 001D,Brent,13.05132382385497,14.804810055522085,3.538526727027063,18.491036823744064,3,4
E01000593,Brent 001E,Brent,7.00564412798917,6.452230436448767,2.943135550667122,15.000752157260422,2,3
E01000594,Brent 001F,Brent,11.066153383479248,10.746668339747924,5.474214411797361,17.206553448430647,3,4
E01000595,Brent 027A,Brent,8.091397318921997,6.597532751108449,3.442454880224322,16.33833989172224,2,3
E01000596,Brent 021A,Brent,6.864937610402849,6.17556816299469,4.314142594624756,12.197067821304996,2,3
E01000599,Brent 027D,Brent,15.702085834064611,16.029292560235366,11.574016479655407,18.005214034544043,4,5
E01000601,Brent 021B,Brent,9.224719117233988,8.916634076509888,0.0,16.456150987886566,2,3
E01000602,Brent 021C,Brent,8.64620839966506,9.014513107521632,3.371284224673367,11.106457263990754,2,3
E01000603,Brent 021D,Brent,9.096359628495424,8.613037811273864,4.382891290341915,14.282935176077991,2,3
E01000604,Brent 021E,Brent,9.978173740999985,9.846131424927696,5.006298558846064,13.69429774491702,2,3
E01000605,Brent 021F,Brent,11.866017061448938,12.384267292615013,4.103730116441152,18.319466047238976,3,4
E01000606,Brent 016B,Ealing,7.466926868825733,8.97158191357462,2.201668494175759,13.84711938362124,2,3
E01000607,Brent 013C,Brent,6.0849418267286,4.896001378282609,0.0,15.811089653535705,2,3
E01000608,Brent 013D,Brent,8.679872425895836,7.243116953307429,0.0,21.851907498913658,2,3
E01000609,Brent 016C,Ealing,6.910040846040062,7.276925186241964,2.413849412791222,12.909883180853486,2,3
E01000610,Brent 019A,Brent,10.691911273062908,12.067812568374848,0.0,25.67828775985098,3,4
E01000611,Brent 016D,Brent,15.45714551342424,15.579702286596062,9.094988078774644,19.298672908437673,4,5
E01000612,Brent 019B,Brent,16.772563566360486,16.968440474004687,6.659773306836927,25.10765846047732,4,5
E01000613,Brent 013E,Brent,6.955187495113639,7.610308925730091,0.0,11.282144219172594,2,3
E01000615,Brent 036A,Brent,12.415116157702712,7.063724049279772,0.0,34.998044835861855,3,4
E01000616,Brent 020A,Brent,19.5612404758699,19.280653498688707,13.224054506213593,25.427625774599065,4,5
E01000617,Brent 036B,Brent,10.462972790613904,9.872747376235036,5.412698306589284,22.20105053224626,3,4
E01000618,Brent 036D,Brent,7.620179703743484,6.098910581060406,2.027392852517577,13.919820601424572,2,3
E01000619,Brent 036C,Brent,3.934549063674486,2.697078473505556,0.0,10.993202506294342,1b,2
E01000620,Brent 020B,Brent,8.81934608120547,9.38919791176674,0.0,18.538773343453514,2,3
E01000621,Brent 020C,Brent,13.849783532481064,14.080682375359554,8.957185336740629,20.434813034093,3,4
E01000622,Brent 010D,Brent,3.174797790682709,2.376647721342607,0.0,10.885886301161204,1b,2
E01000623,Brent 005C,Brent,4.750803140869984,4.811444536187365,3.585571559551054,5.843638904820053,1b,2
E01000624,Brent 005D,Brent,1.810685359853604,0.0,0.0,5.541402747075448,1a,1
E01000625,Brent 009E,Brent,8.576134663978639,8.976455980412744,4.397426952813431,12.288634673563404,2,3
E01000626,Brent 010E,Brent,6.869196172438236,6.992119450424662,0.0,14.991502092013064,2,3
E01000627,Brent 014E,Brent,12.476696013391017,12.09757483230712,7.44855882356635,16.02187601448772,3,4
E01000628,Brent 014F,Brent,10.018288203370322,10.145735542129431,0.0,22.97803651832763,3,4
E01000629,Brent 005E,Brent,4.473750164452476,4.400821090416352,3.455665980127707,5.85277274207692,1b,2
E01000630,Brent 026E,Brent,13.8074917214243,17.04363987100476,0.0,28.998982454223448,3,4
E01000631,Brent 019C,Brent,9.95173771524286,9.919372070737888,0.0,21.336586810296417,2,3
E01000632,Brent 029E,Brent,14.240138636021046,13.52505663313139,11.192045939343195,23.56715656722965,3,4
E01000633,Brent 019D,Brent,21.4552035495898,20.47920743142858,13.062801501897322,31.25478750842873,5,6
E01000634,Brent 019E,Brent,12.984108598045466,14.881478197964825,3.708552831848752,26.36995540300447,3,4
E01000636,Brent 020E,Brent,17.79444248164506,16.194947895214774,5.753962280543973,27.752837930341865,4,5
E01000637,Brent 022B,Brent,14.919318330630672,15.143477439092932,13.413301349045136,15.586454194666182,3,4
E01000638,Brent 024A,Brent,11.901032809786203,11.201375162390306,0.0,23.61083291321233,3,4
E01000639,Brent 022C,Brent,16.275509976657098,16.24339404105295,13.899205942129877,19.316124878065114,4,5
E01000640,Brent 024B,Brent,21.17513443173809,21.467209066800887,14.82074298171572,25.213547165342185,5,6
E01000641,Brent 024C,Brent,18.142781276496656,18.025659715915708,14.344536678994608,23.35296079147432,4,5
E01000642,Brent 022D,Brent,19.233788429745683,18.854716253476568,16.903153909353296,24.3937715812851,4,5
E01000643,Brent 024D,Brent,7.957829742037996,6.15347111291104,3.043698059524771,22.826456053197923,2,3
E01000644,Brent 022E,Brent,16.631593786877335,16.799812841484204,12.02247719932124,19.649846479139452,4,5
E01000645,Bromley 007A,Bromley,3.3587367333373,3.504026293195424,0.0,11.028096933587992,1b,2
E01000646,Bromley 016A,Bromley,4.653358288408527,4.392618478384205,2.795072021150112,6.787548655390868,1b,2
E01000647,Bromley 016B,Bromley,3.618634063893212,3.862473298470978,0.0,6.763129409014367,1b,2
E01000648,Bromley 016C,Bromley,7.127325790090839,8.105230946465403,2.108822833819654,11.800933351060584,2,3
E01000649,Bromley 007B,Bromley,6.91554759823956,6.729531605539562,0.0,12.746700430093997,2,3
E01000650,Bromley 022A,Bromley,4.55273035349336,3.727863343892379,0.0,10.916002315528736,1b,2
E01000651,Bromley 020A,Bromley,7.488834537641383,7.217062961586802,2.212278883196425,11.114006281863055,2,3
E01000652,Bromley 022B,Bromley,3.553671927814372,3.325987965470434,1.301192386363477,7.998372427979396,1b,2
E01000653,Bromley 016D,Bromley,3.857013164785998,4.178336485442639,2.212647767440644,7.124282523957257,1b,2
E01000654,Bromley 039A,Bromley,0.940774649328186,0.0,0.0,4.803529460629925,1a,1
E01000655,Bromley 039B,Bromley,1.595155737003797,1.35340901780899,0.0,5.168824331094735,1a,1
E01000656,Bromley 039C,Bromley,1.047550921282632,0.0,0.0,6.236823751839551,1a,1
E01000657,Bromley 039D,Bromley,5.205910885073488,5.125676343074995,4.337975548849762,6.178687093351268,2,3
E01000658,Bromley 042A,Bromley,2.014643180228167,0.591181920818062,0.0,5.994032408491004,1a,1
E01000659,Bromley 039E,Bromley,2.934249742580816,3.331652440087749,0.0,5.877505868688342,1b,2
E01000661,Bromley 026A,Bromley,6.257645185234291,6.699813771981821,0.0,10.351781022064358,2,3
E01000662,Bromley 026B,Bromley,2.877000971429105,3.229098615070306,0.0,6.385436500875787,1b,2
E01000663,Bromley 026C,Bromley,4.400283821784859,4.019135459177931,2.039517109493148,10.159378789745748,1b,2
E01000664,Bromley 026D,Bromley,1.950579373930836,1.810564897241004,0.0,8.495497892908984,1a,1
E01000665,Bromley 033A,Bromley,5.507695793736088,6.418514416266504,0.0,10.503448322717736,2,3
E01000666,Bromley 033B,Bromley,2.4400542608188,2.732176830607428,0.0,7.318328164868528,1a,1
E01000667,Bromley 033C,Bromley,5.622535069916982,6.154911167465144,0.0,11.541699015605454,2,3
E01000668,Bromley 020B,Bromley,6.116661832720871,6.829122536424657,0.0,10.518182949153134,2,3
E01000669,Bromley 020C,Bromley,8.006406266287804,8.038872803160274,6.052176095933021,9.210838893958067,2,3
E01000670,Bromley 018A,Bromley,17.241876622868272,17.265937755166576,2.18755049851905,29.622149350671048,4,5
E01000671,Bromley 020D,Bromley,10.545705666428406,9.897359305716822,6.22709007919701,20.61474502268058,3,4
E01000672,Bromley 011A,Lewisham,4.142307871078279,4.187725965323887,1.583441102473319,6.597112584669508,1b,2
E01000673,Bromley 011B,Lewisham,6.731371533158538,5.706201046888904,1.993060891464442,12.25961665741494,2,3
E01000674,Bromley 008A,Bromley,8.445450049975468,4.62060116402877,1.716207834645028,22.463958608390683,2,3
E01000676,Bromley 008B,Bromley,26.7840924099452,26.502517082015707,20.518801511706023,35.01018255934689,6a,7
E01000677,Bromley 018C,Bromley,17.708292953633055,13.999792438349123,5.253436651630511,35.2557634842925,4,5
E01000678,Bromley 016E,Bromley,15.5920091522677,17.19810450162019,2.871145558212353,27.576492891758456,4,5
E01000679,Bromley 020E,Bromley,4.991278860811295,6.472600523941358,0.0,8.931111978655634,1b,2
E01000680,Bromley 037A,Bromley,0.494200893368071,0.0,0.0,4.520875958132537,1a,1
E01000681,Bromley 035A,Bromley,7.653639557964236,6.32160496196711,1.691182173119602,21.22524019117756,2,3
E01000682,Bromley 035B,Bromley,4.813949418042176,5.078038267378602,2.037479945816635,7.482113403197446,1b,2
E01000683,Bromley 035C,Bromley,4.9922943486548,4.984419348130949,1.658958036388088,6.975938829167434,1b,2
E01000684,Bromley 035D,Bromley,3.007970255783864,3.62003425983651,0.0,6.021367355451327,1b,2
E01000685,Bromley 037B,Bromley,2.363177706093229,2.317104677789776,0.0,5.127133204967832,1a,1
E01000686,Bromley 037C,Bromley,5.526529549246489,5.662234962411962,1.769813344173537,7.907725264303009,2,3
E01000687,Bromley 037D,Bromley,3.377677233006867,3.65105451823367,0.0,6.215695157613204,1b,2
E01000688,Bromley 037E,Bromley,1.552337073356852,1.526812711490881,0.0,4.819915137751041,1a,1
E01000689,Bromley 002A,Greenwich,1.183900547861251,0.0,0.0,5.354031576014907,1a,1
E01000690,Bromley 002B,Bromley,5.145665326669104,4.140530388361451,1.936263933720217,8.821978653215439,2,3
E01000691,Bromley 002C,Greenwich,5.770566353723765,6.359429553397318,3.036965867267471,8.536451665279035,2,3
E01000692,Bromley 002D,Bromley,7.313502566183128,7.194640442816199,3.370186208976044,10.803008489242568,2,3
E01000693,Bromley 010A,Bromley,2.685680308157672,2.904402844547531,0.0,10.157217069856651,1b,2
E01000694,Bromley 007C,Lewisham,2.955441126949765,4.047760293687304,0.0,6.407151657619877,1b,2
E01000695,Bromley 007D,Bromley,2.619686389330409,0.0,0.0,9.222484438222516,1b,2
E01000696,Bromley 007E,Bromley,3.864274678546552,3.496991180838835,0.0,10.759370977115388,1b,2
E01000697,Bromley 007F,Bromley,4.823637906788972,5.851681389902162,0.0,8.432861932049551,1b,2
E01000698,Bromley 010B,Bromley,2.987960059603927,3.444428290328822,0.0,7.360482617151861,1b,2
E01000699,Bromley 015A,Bromley,12.66137409256889,12.552308794253925,10.40683159631462,14.603374414891942,3,4
E01000700,Bromley 013A,Bromley,9.390663528092952,9.829840518914729,1.851198904523788,13.823684463074237,2,3
E01000701,Bromley 015B,Bromley,10.814600789617415,11.64391613229756,7.014410397244665,13.666933977514253,3,4
E01000702,Bromley 013B,Bromley,14.792583652747734,14.414661495492592,12.220187545870324,20.556470902790235,3,4
E01000703,Bromley 013C,Bromley,13.639897947664936,13.806291081641705,9.962094811881776,17.316625641562545,3,4
E01000704,Bromley 015C,Croydon,8.32234969614866,8.686026688706104,3.853229617518262,13.580132156722511,2,3
E01000705,Bromley 015D,Croydon,10.221968420429365,9.702453257901364,8.852496995262236,13.931794474459872,3,4
E01000706,Bromley 013D,Bromley,9.592694176378483,8.732038423590657,1.729267507440252,16.045215498690172,2,3
E01000707,Bromley 041A,Bromley,8.908546954356623,9.459921912383628,6.070519309240782,12.519210076701862,2,3
E01000708,Bromley 041B,Bromley,9.508321732054553,10.01422012071677,3.31987447111784,14.994074390638913,2,3
E01000709,Bromley 006A,Bromley,11.487340766920486,12.583551243184456,3.616436369753389,18.127891504651867,3,4
E01000710,Bromley 006B,Lewisham,6.386509969181115,4.096541197210643,1.572650533395404,15.59648496543104,2,3
E01000711,Bromley 006C,Bromley,8.708458456840336,8.664494536220277,4.129321442655956,16.331455473231433,2,3
E01000712,Bromley 012A,Lewisham,9.898976830662896,9.592570856728027,4.109807517338372,18.395635602610295,2,3
E01000713,Bromley 012B,Lewisham,5.789129674869809,4.961958779145228,3.040915574259356,11.05438905203602,2,3
E01000714,Bromley 006D,Bromley,15.588310499109369,15.913777617245849,8.836172802837217,20.05737594368041,4,5
E01000715,Bromley 012C,Bromley,7.582447744021143,6.122418198333173,0.0,17.227253738074126,2,3
E01000716,Bromley 011C,Bromley,5.277909076267805,4.458493135726046,1.794359071008254,10.572349040972544,2,3
E01000717,Bromley 011D,Bromley,8.615911152126456,9.12822125963564,3.938349579882554,11.857258553055695,2,3
E01000718,Bromley 006E,Lewisham,5.133945301692505,4.977816778753979,3.327911602296985,10.55941864585142,2,3
E01000719,Bromley 019A,Bromley,7.798476629094986,10.372076620447878,0.0,14.757356217923174,2,3
E01000720,Bromley 019B,Bromley,0.472180108991342,0.0,0.0,4.810415863117516,1a,1
E01000721,Bromley 019C,Bromley,4.027386596982892,2.913481642957684,0.0,11.614482508796224,1b,2
E01000722,Bromley 023A,Bromley,10.437638935477466,10.53091269676688,2.583530751946177,14.858299658891728,3,4
E01000723,Bromley 029A,Bromley,3.068942922266562,2.346427099661224,1.522642898548749,5.663249012078046,1b,2
E01000724,Bromley 019D,Bromley,3.619610947932899,2.745714958784332,1.203163145690112,11.806033271290438,1b,2
E01000725,Bromley 023B,Bromley,10.02820375448186,10.60761025585554,1.781470908996266,13.387426505371458,3,4
E01000726,Bromley 029B,Bromley,4.174992111106802,3.047436475506237,1.761834415460378,11.078671228568624,1b,2
E01000727,Bromley 028A,Bromley,9.527819062412146,11.786073331023282,1.831838049899487,16.336541417648164,2,3
E01000728,Bromley 019E,Bromley,1.213666340664026,0.0,0.0,6.088835357642002,1a,1
E01000729,Bromley 014A,Bromley,4.800245449758053,4.655904131441047,2.20105254436341,7.463000966260068,1b,2
E01000730,Bromley 014B,Bromley,10.350906698390109,10.503838833199744,2.307087224718142,14.78523950305097,3,4
E01000731,Bromley 023C,Bromley,5.137593390172607,5.191159362608284,0.0,8.964743989144196,2,3
E01000732,Bromley 023D,Bromley,3.771901405247215,4.017954740576943,2.139984239754315,5.240320507065929,1b,2
E01000733,Bromley 023E,Bromley,5.988252336668473,5.63409346148094,2.5497847617941,10.94380403251662,2,3
E01000734,Bromley 028B,Bromley,2.929873241908407,2.741161958637701,0.0,4.877439743836419,1b,2
E01000735,Bromley 014C,Bromley,5.177470383594501,5.496071976151883,1.657534791612688,7.88123127760145,2,3
E01000736,Bromley 010C,Bromley,4.442519177604396,4.472762393145276,2.537710430144099,5.761056095035519,1b,2
E01000737,Bromley 010D,Bromley,4.516738937149629,4.440534087623319,2.439141136502043,8.310071511070303,1b,2
E01000738,Bromley 014D,Bromley,4.666923458421416,4.351099322531581,1.677369942312489,10.097265829098664,1b,2
E01000739,Bromley 014E,Bromley,7.701896518790839,8.38115181207602,4.280027162611234,10.036220831334395,2,3
E01000741,Bromley 005B,Bromley,15.731617589260784,14.919128741673903,12.521564673188514,27.320657427414247,4,5
E01000742,Bromley 005C,Bromley,11.977194171243262,11.59321972449632,8.275233472720195,17.378269084813276,3,4
E01000743,Bromley 009A,Bromley,11.933638633867917,12.511415136858863,2.814354490793237,17.062547288371356,3,4
E01000744,Bromley 009B,Bromley,8.31215000836125,9.078676999267124,0.0,12.552821721046016,2,3
E01000745,Bromley 005D,Lewisham,11.457755635040808,10.929509640092306,5.810106614020769,27.935538321873903,3,4
E01000746,Bromley 005E,Croydon,19.519733997301643,20.840697985991408,12.178214130225465,27.27665820322732,4,5
E01000747,Bromley 042B,Bromley,0.896556501785551,0.0,0.0,5.863294484586973,1a,1
E01000748,Bromley 042C,Bromley,0.478000485874464,0.0,0.0,4.109244757542524,1a,1
E01000749,Bromley 036A,Bromley,0.510055088926445,0.0,0.0,5.975982688905965,1a,1
E01000750,Bromley 036B,Bromley,1.827268296921258,1.688832650876701,0.0,3.977509654918983,1a,1
E01000751,Bromley 036C,Bromley,1.76005136036734,0.0,0.0,10.783570853033169,1a,1
E01000752,Bromley 036D,Bromley,2.309563165700897,2.386130240318007,0.0,7.19685235393142,1a,1
E01000753,Bromley 031A,Bromley,3.070993949819384,4.041239691741826,0.0,7.893675127942125,1b,2
E01000754,Bromley 031B,Bromley,12.782494321185451,12.155822998957564,1.465843469084824,26.913084682250336,3,4
E01000755,Bromley 031C,Bromley,8.62005006964014,7.476227405033605,1.238303935368647,15.802966416651298,2,3
E01000756,Bromley 033D,Bromley,5.43390868724194,5.822930731689182,0.0,12.919984736389896,2,3
E01000757,Bromley 031D,Bromley,4.146056114888442,3.948533589738442,0.0,15.207981183997886,1b,2
E01000758,Bromley 031E,Bromley,13.571338353072846,13.222819696478709,1.957125678622888,28.79483613492349,3,4
E01000759,Bromley 034A,Croydon,0.903004294513275,0.0,0.0,6.999788191963358,1a,1
E01000760,Bromley 034B,Bromley,4.665483724005657,5.159672639611168,1.665825529503351,9.3634884369191,1b,2
E01000761,Bromley 034C,Bromley,2.385340277456823,2.088674597668142,0.0,6.246754828125105,1a,1
E01000762,Bromley 018D,Bromley,4.690175973694782,5.380135236900069,2.391557310894204,6.968285913208861,1b,2
E01000763,Bromley 027A,Bromley,3.545685703458739,3.920900057555382,0.0,7.529660652781532,1b,2
E01000764,Bromley 027B,Bromley,3.862369203197821,3.759036129345923,2.171212739040209,5.670013605934166,1b,2
E01000765,Bromley 034D,Bromley,2.132570906964188,2.129423006266881,0.0,10.980187240530189,1a,1
E01000766,Bromley 027C,Bromley,5.854486308707039,5.688653807957784,0.0,9.441288397986408,2,3
E01000767,Bromley 027D,Bromley,7.394909395315715,7.87266060925482,2.328038445545924,10.561661695178316,2,3
E01000768,Bromley 034E,Bromley,7.137242287130282,7.784414679217865,1.346371605953973,10.433620355611293,2,3
E01000769,Bromley 024A,Croydon,3.568763746196281,3.840251067083308,0.0,7.797439888574684,1b,2
E01000770,Bromley 012D,Bromley,5.783765445885884,4.832296547650866,0.0,18.898832498440303,2,3
E01000771,Bromley 041C,Bromley,8.693440964654384,8.31522579784535,2.754145143566571,17.795807431866457,2,3
E01000772,Bromley 012E,Bromley,4.672687216592698,4.329471966898728,2.210122254675974,12.165721230307218,1b,2
E01000773,Bromley 024B,Bromley,3.881358560617017,3.155853352265312,2.050981927511763,6.976720566723944,1b,2
E01000774,Bromley 041D,Bromley,7.021075395289767,6.294732921987548,1.672696346347472,14.928465629718945,2,3
E01000775,Bromley 024C,Bromley,4.69530921607404,4.775912481764855,0.0,8.919054713090905,1b,2
E01000777,Bromley 024D,Bromley,6.566163401094419,7.12685067497465,1.637063237675165,8.553518482139962,2,3
E01000778,Bromley 024E,Croydon,4.87477443056606,4.779239170653773,0.0,9.557546634168856,1b,2
E01000779,Bromley 001A,Lewisham,3.151761894274136,2.531957705140177,0.0,10.784809014481842,1b,2
E01000780,Bromley 001B,Greenwich,6.894264760410922,6.355681478563218,5.446583981349247,9.350923401489108,2,3
E01000781,Bromley 001C,Greenwich,8.102165863800899,8.367750602624536,6.314292692024104,9.627952186533062,2,3
E01000782,Bromley 001D,Bromley,5.715514283007014,5.873137580478961,0.0,7.996472252605826,2,3
E01000783,Bromley 001E,Bromley,7.08583092259024,7.296731307749328,5.432170056349284,8.626886994817605,2,3
E01000784,Bromley 002E,Greenwich,5.237806646403401,4.646310759868231,2.294035101595663,9.647372573794712,2,3
E01000785,Bromley 001F,Bromley,3.775306241247633,4.298513629262928,0.0,5.489306709056118,1b,2
E01000786,Bromley 032A,Bromley,2.626505400258342,2.549804923299405,0.0,5.45921134238908,1b,2
E01000787,Bromley 029C,Bromley,6.285088170614504,5.114332271755055,0.0,12.96110202944519,2,3
E01000788,Bromley 029D,Bromley,12.763234888291834,13.502034757332162,0.0,26.77811897034908,3,4
E01000789,Bromley 032B,Bromley,5.216134264044668,5.182190789081041,4.427758399526965,5.888463478200368,2,3
E01000790,Bromley 028C,Bromley,22.223396306003583,23.406725480491744,9.838111957826367,29.564307342138314,5,6
E01000791,Bromley 029E,Bromley,5.283389482986498,4.198550245564592,0.0,13.39635063894964,2,3
E01000792,Bromley 032C,Bromley,4.444387115985223,4.449382100633475,3.070220581360398,5.638776100376806,1b,2
E01000793,Bromley 032D,Bromley,5.773547739618614,2.783536732764082,0.0,23.88724474632397,2,3
E01000794,Bromley 035E,Bromley,5.266615261533735,4.996362717922502,0.0,22.216363132686347,2,3
E01000795,Bromley 032E,Bromley,2.938419470405586,2.656445915526841,1.320083860819643,5.017984670329,1b,2
E01000796,Bromley 009C,Bromley,12.723340976822794,12.725043893465084,9.963622763017463,14.785033691590304,3,4
E01000797,Bromley 013E,Bromley,9.967754412631262,8.95448365099103,3.410228576886955,19.41443899885558,2,3
E01000798,Bromley 009D,Bromley,14.364797717897195,14.090666166740744,11.51464072508471,17.677735273972093,3,4
E01000799,Bromley 004A,Bromley,15.896309171855783,16.052932751032472,11.206992554940731,19.550969649854142,4,5
E01000800,Bromley 009E,Bromley,12.681618607546348,12.716673263015624,9.40222745546939,16.70948884342754,3,4
E01000801,Bromley 015E,Bromley,13.527941114673595,13.119216002264343,10.506903251749767,17.712514621317467,3,4
E01000802,Bromley 004B,Bromley,11.06513985174484,10.986807755713343,7.029137077886765,15.341509564280283,3,4
E01000803,Bromley 004C,Lewisham,6.80368571928361,6.679315740868467,1.666949113559027,12.049193814919018,2,3
E01000804,Bromley 004D,Bromley,5.321335959287257,4.038327292389493,1.73275282077996,13.525360891357389,2,3
E01000805,Bromley 004E,Bromley,12.599479221319385,12.59317530249295,6.356545430161994,18.572357117443755,3,4
E01000806,Bromley 009F,Bromley,14.253527339831562,13.78873293685318,10.807013046910418,17.367308304254678,3,4
E01000807,Bromley 022C,Bromley,5.579501338911732,7.116326828750552,0.0,13.535227512648635,2,3
E01000808,Bromley 025A,Bromley,3.947461298539568,3.401303156233451,1.945310377708723,9.29716061796471,1b,2
E01000809,Bromley 022D,Bromley,5.100678553823998,3.797048704692987,0.0,11.910098436787807,2,3
E01000810,Bromley 025B,Bromley,7.225631189017336,8.146878440258096,2.766683129227991,10.513512384701585,2,3
E01000811,Bromley 025C,Bromley,9.152608675127368,9.358881261688149,1.677848258908547,12.474873115307428,2,3
E01000812,Bromley 028D,Bromley,9.364208638292062,10.742567750478823,0.0,20.4550207358706,2,3
E01000813,Bromley 025D,Bromley,5.077045105519802,4.120647970342135,0.0,12.137703248986307,2,3
E01000814,Bromley 028E,Bromley,12.423915310950433,16.04037800234194,0.0,26.252080221392724,3,4
E01000815,Bromley 025E,Bromley,5.535951065020725,4.63491922546354,1.804450839965184,10.848424979728726,2,3
E01000816,Bromley 040A,Bromley,6.358894583370354,6.547702677129928,2.971597971257505,13.01917732727014,2,3
E01000818,Bromley 040B,Lewisham,1.973491874709554,1.37761359786993,0.0,8.110691931848395,1a,1
E01000819,Bromley 040C,Bromley,5.84442867286946,5.974395409987394,0.0,10.071248383357403,2,3
E01000820,Bromley 008C,Bromley,4.299419939135038,4.062990182016829,0.0,9.808831297601005,1b,2
E01000822,Bromley 008D,Bromley,8.688829076964737,9.548609811728578,4.283355566969324,12.548384176892496,2,3
E01000823,Bromley 008E,Bromley,12.221729546505388,10.177039354813648,3.883044120446426,23.91248894020265,3,4
E01000824,Bromley 008F,Bromley,16.404244924226504,17.026069690649287,10.395444539236582,21.16612020028888,4,5
E01000825,Bromley 008G,Bromley,13.319742556558364,6.80362775610993,4.926084599673626,31.96598294389608,3,4
E01000826,Bromley 021A,Bromley,2.551436111050394,2.400974174413238,1.615637146725481,4.994250200360721,1b,2
E01000827,Bromley 021B,Bromley,5.146808139776574,4.777719337273877,2.506598659828081,15.685921638433395,2,3
E01000828,Bromley 011E,Bromley,7.866387584030383,7.983626890674344,3.005511465408132,12.14998009155811,2,3
E01000829,Bromley 018E,Bromley,14.893089326936884,15.357276834809731,3.307516902704711,26.42332697132301,3,4
E01000830,Bromley 021C,Bromley,3.667092020579676,3.964190229093198,0.0,5.646503246947804,1b,2
E01000831,Bromley 021D,Bromley,5.093223811977942,3.827631310059834,1.826234586355687,15.02265361710694,2,3
E01000832,Bromley 030A,Bromley,4.058135198123457,3.926914369815992,0.0,7.699719976807964,1b,2
E01000833,Bromley 021E,Bromley,2.833202052891853,2.693537837152069,0.0,5.015925388098489,1b,2
E01000834,Bromley 027E,Bromley,3.889244733347667,3.728811562678708,3.097607514053878,5.184195440730458,1b,2
E01000835,Bromley 030B,Bromley,6.027364219276452,6.272830263521346,2.468715241065632,7.420896243212534,2,3
E01000836,Bromley 030C,Bromley,3.053720332684377,2.574495851068622,1.638478696201897,5.337583113101028,1b,2
E01000837,Bromley 030D,Bromley,4.328920040930419,4.466065320567889,0.0,7.572828663935276,1b,2
E01000838,Bromley 030E,Bromley,3.375590793343865,2.605106866578738,0.0,9.510520635077214,1b,2
E01000839,Bromley 030F,Croydon,1.599984372614621,0.0,0.0,5.987511444750427,1a,1
E01000840,Bromley 030G,Bromley,2.864001666486174,3.048163968700702,0.0,7.727826289503779,1b,2
E01000841,Bromley 030H,Bromley,3.653113400638228,3.578021584595497,0.0,7.112729301521139,1b,2
E01000842,Camden 011A,Camden,16.60024415661897,15.063123097571705,12.20130503286586,26.404167571301453,4,5
E01000843,Camden 014A,Camden,13.034383295743632,12.777901380628304,11.602374671008985,14.528024100330182,3,4
E01000844,Camden 011B,Camden,27.280911419125086,28.805519725842945,15.598758751239846,32.357907524388864,6a,7
E01000845,Camden 014B,Camden,13.538689555616632,12.865035085257851,9.688213203786084,16.43308493570388,3,4
E01000846,Camden 014C,Camden,13.466078204937777,13.174987591177842,9.99819666829688,19.5901742877948,3,4
E01000847,Camden 014D,Camden,20.58761421756219,18.991418854874876,16.449025007873928,32.59277191967094,5,6
E01000848,Camden 011C,Camden,15.778960510097546,16.06813691467344,11.414812338226024,20.494338447257913,4,5
E01000849,Camden 011D,Camden,18.128167946910825,17.66845428024438,13.386598586370912,23.028894422607884,4,5
E01000850,Camden 026A,Westminster,56.56224534452192,55.85399743982893,46.71123537118932,72.37442197282246,6b,8
E01000851,Camden 026B,Westminster,55.34693047496408,55.74845559516339,47.25865517275247,62.718845687349535,6b,8
E01000853,Camden 029H,Camden,63.23891593392034,65.59687652136188,53.62143932995292,71.70415011019863,6b,8
E01000855,Camden 028A,Camden,56.44234060787576,56.36948929093258,33.983121284129126,72.85508621716531,6b,8
E01000856,Camden 019A,Camden,38.66868536412643,38.56239454051664,34.55845730151154,43.19103447474594,6a,7
E01000857,Camden 018A,Camden,10.942693790685045,10.485494463800505,8.934773212341529,14.44317675390244,3,4
E01000858,Camden 018B,Camden,27.107602406970695,27.115574118551663,12.37106215355373,36.65642371618184,6a,7
E01000859,Camden 018C,Camden,12.425277983370243,12.5761400793964,7.646881256680508,18.218399435037803,3,4
E01000860,Camden 018D,Westminster,7.649367175134378,7.855321748528816,2.632345348756412,14.278117666843768,2,3
E01000861,Camden 019B,Camden,38.07513401455802,39.49775632020441,30.856914610782944,43.26513174830234,6a,7
E01000862,Camden 018E,Camden,23.0576487463128,26.72895727781468,12.345260515851592,32.49949321855895,5,6
E01000863,Camden 021A,Camden,38.909512529322,38.132307978445674,30.31759797016772,47.14479468024432,6a,7
E01000866,Camden 009A,Camden,27.32268926053685,24.847574601564588,13.493236053059585,35.87186254708168,6a,7
E01000867,Camden 015C,Camden,33.76129705754229,33.69369472064576,31.631457639543488,36.70104289541347,6a,7
E01000868,Camden 015D,Islington,6.97058563092598,6.222720399872946,5.056909294731764,12.112259231634493,2,3
E01000869,Camden 015E,Islington,13.183412727549175,10.21492176263122,8.564510643764327,19.692221357406883,3,4
E01000870,Camden 009B,Camden,22.24888673679015,23.311744839965336,16.52029261335702,27.38520177919573,5,6
E01000871,Camden 005A,Camden,8.19961908452244,8.083890706918533,2.682864779772905,15.709971881535733,2,3
E01000872,Camden 005B,Camden,17.20269285070566,16.57350047623812,15.164192214576566,22.72506303962808,4,5
E01000873,Camden 005C,Camden,8.409382338729174,7.921129467476479,3.017487645668306,15.180841515943266,2,3
E01000874,Camden 005D,Camden,22.51831283485066,23.594861383083952,8.181005699953056,26.220326332036706,5,6
E01000875,Camden 013A,Camden,18.65061277132873,19.29442407307567,13.982376679531027,23.36329757047036,4,5
E01000876,Camden 013B,Camden,21.816146868902607,21.96135186569203,14.996831510440728,29.119374135297935,5,6
E01000877,Camden 005E,Camden,13.538350872633238,10.38318067874454,8.60578041529557,21.819093802964296,3,4
E01000878,Camden 004A,Camden,10.081850783247456,7.98314892471001,3.845223318857683,23.25729943547323,3,4
E01000879,Camden 004B,Camden,21.316339016106248,20.013470188254843,11.75929077349536,31.205792818878564,5,6
E01000880,Camden 004C,Camden,19.45238544413001,15.754788960210576,3.836239159634252,38.45421726988792,4,5
E01000881,Camden 008A,Camden,31.341408436854536,32.20520647577007,23.957812803589437,38.409823924676665,6a,7
E01000882,Camden 008B,Camden,27.87768199434277,27.23982849249166,21.975818006674164,35.07495669122026,6a,7
E01000883,Camden 008C,Camden,34.861103572307755,34.875823329663575,27.85659900458862,40.258494043210405,6a,7
E01000884,Camden 004D,Camden,5.307720502677438,5.768546628880454,0.0,14.28614014220324,2,3
E01000885,Camden 004E,Camden,7.513472134099591,8.30075010070703,0.0,13.708704408828874,2,3
E01000886,Camden 006A,Camden,10.889452444054635,10.065437037793952,8.003052336981789,14.378031636108826,3,4
E01000887,Camden 006B,Camden,18.7883403693801,18.58229510652734,17.21719629035789,20.67411236250093,4,5
E01000888,Camden 006C,Camden,14.732938532476709,16.416981221960874,9.689559079365443,18.507710828558867,3,4
E01000889,Camden 007A,Camden,11.46595201726644,10.16957602929368,7.421454200889571,19.85350814329892,3,4
E01000890,Camden 007B,Camden,14.655193603689522,14.789163496986662,10.050166128829805,16.833847475475885,3,4
E01000891,Camden 007C,Camden,11.819575817044326,9.705294218291904,8.74355966526809,17.53940904278893,3,4
E01000892,Camden 006D,Camden,16.853367802352476,17.16897797112641,8.380007956571024,20.054599420288096,4,5
E01000893,Camden 002A,Camden,5.884781863391202,3.484905361956902,0.0,17.95421305081353,2,3
E01000894,Camden 002B,Camden,11.278893591154745,11.745234690423798,0.0,17.049677593844347,3,4
E01000895,Camden 002C,Camden,14.23932562744402,14.219594357377447,10.60217246850522,16.743249223425615,3,4
E01000896,Camden 002D,Camden,16.298692724477476,16.678940583355796,12.29528333437273,21.110363637351593,4,5
E01000897,Camden 008D,Camden,17.455785029939378,16.256579234278423,13.247484847938397,27.58919351112118,4,5
E01000898,Camden 008E,Camden,19.54670428359423,19.873418925662502,16.61561778719372,21.99099764453859,4,5
E01000899,Camden 002E,Camden,5.991767820629861,4.407913509348314,0.0,14.458724806043133,2,3
E01000900,Camden 012A,Camden,18.086510011949493,16.718788036449,13.884400735856026,32.14987133319532,4,5
E01000901,Camden 007D,Camden,21.736381193408107,20.866514347123037,15.904997347615966,29.767615906449446,5,6
E01000902,Camden 012B,Camden,16.188330019392914,16.192109803262046,11.060030214366384,22.558774702054507,4,5
E01000903,Camden 006E,Camden,13.493126692772222,13.759907140223511,8.871362082645392,16.690539095072896,3,4
E01000904,Camden 012C,Camden,28.838091048247477,28.95592739596392,24.48516082420456,33.120007855066575,6a,7
E01000905,Camden 012D,Camden,21.331714917199704,20.87984155335488,17.926588443311573,26.011239883012188,5,6
E01000906,Camden 012E,Camden,17.325525319846253,16.732104757998577,12.709265943544375,22.961713602014164,4,5
E01000907,Camden 001A,Islington,16.543622074635095,16.916430450370648,3.599776343378876,24.411733252199888,4,5
E01000908,Camden 001B,Islington,7.338156787596599,6.487700954691727,3.900185472795124,13.049580809215495,2,3
E01000909,Camden 001C,Camden,7.729929421062119,7.036548078419545,5.075247781125958,16.3315816874696,2,3
E01000910,Camden 003A,Islington,17.752150022228474,18.713185075376607,10.657154450579558,22.756246252082946,4,5
E01000911,Camden 003B,Islington,20.62646242079039,20.98378259486452,15.7232253671493,24.20590247177644,5,6
E01000912,Camden 001D,Camden,6.570744872952792,4.724894750728085,0.0,23.190304275426385,2,3
E01000913,Camden 001E,Islington,3.986692595131695,2.849051615198639,0.0,21.138454300968437,1b,2
E01000914,Camden 028B,Westminster,57.35680302741648,59.53948778525696,35.9009848307454,74.49632041860956,6b,8
E01000915,Camden 027A,Camden,42.14735466864617,41.529659650084426,37.5718196316632,47.8845216287334,6b,8
E01000916,Camden 027B,Islington,63.660013695894506,64.11025311296473,51.97469068465786,73.27221370228617,6b,8
E01000917,Camden 027C,City of London,66.62995727625295,66.63360705792957,62.130832020570715,71.12178296858197,6b,8
E01000918,Camden 028C,Westminster,72.44322580920505,69.74789822832973,60.12709214716291,90.15885814090063,6b,8
E01000919,Camden 028D,Westminster,78.3685527573871,78.24345667122074,69.33582316485425,86.60803909768178,6b,8
E01000920,Camden 027D,Islington,44.07258089917033,44.44971339421521,25.989024721074543,62.67927176445849,6b,8
E01000921,Camden 003C,Islington,23.794349148583755,23.05227717317001,20.279529648019185,28.65114564864856,5,6
E01000922,Camden 007E,Camden,22.719752201325857,22.8499060164255,6.601624749551016,28.09420849304191,5,6
E01000923,Camden 003D,Camden,21.458047890054143,20.96274916496392,19.383925986865847,27.32809630457075,5,6
E01000924,Camden 009C,Islington,18.35111891798729,18.388246729672872,16.761613072756475,20.106902699027657,4,5
E01000925,Camden 009D,Camden,20.812891466771585,20.452938811023145,18.96010273641437,23.64254910638283,5,6
E01000926,Camden 009E,Islington,17.79202712932165,17.324201164583435,10.274989007479473,21.076853626908346,4,5
E01000927,Camden 007F,Camden,30.262589033677873,31.125203466246845,22.587080842701024,38.96956516872371,6a,7
E01000928,Camden 003E,Islington,20.980165856195587,23.201330529892537,6.713024414275887,27.20163580191848,5,6
E01000929,Camden 020A,Westminster,20.662845394302277,20.512433961982328,19.10680546736881,23.291687357801248,5,6
E01000930,Camden 020B,Westminster,23.53849905502597,23.58366052796893,19.70189576443424,27.7673092550466,5,6
E01000931,Camden 013C,Camden,26.395405593075026,26.772490985685582,23.050218870820014,28.339187634179936,6a,7
E01000932,Camden 013D,Camden,27.892655284847137,28.626009725946385,23.619129224953,31.0019588804616,6a,7
E01000933,Camden 020C,Camden,28.79730626931884,28.671932729170067,23.275620765823152,35.79807941530346,6a,7
E01000934,Camden 020D,Westminster,22.636006149856573,19.500128361875426,15.217564647951004,31.26645456541839,5,6
E01000935,Camden 020E,Westminster,18.09155229928428,18.49987528321989,11.924149806909952,27.17428307016984,4,5
E01000937,Camden 029G,Camden,48.12771709898144,49.06914913126025,28.68132724436592,60.47688575964569,6b,8
E01000938,Camden 029A,Islington,64.23939575662673,61.0357284200056,57.33951919148748,76.77350133744444,6b,8
E01000939,Camden 029B,Camden,75.31926548185677,69.58446518932764,63.00002835004122,94.4092713969531,6b,8
E01000941,Camden 029D,Camden,69.51501861292941,68.32396792969661,60.69212786965796,78.57884248545378,6b,8
E01000942,Camden 029C,Camden,82.41784723849031,81.74777329811933,73.89419198929353,92.33449438016713,6b,8
E01000943,Camden 029F,Camden,69.2965239593548,70.2177497471393,62.52934699988002,74.3512429026175,6b,8
E01000944,Camden 023A,Camden,42.2120618795642,42.96815278318367,34.9974500590878,49.7894996306834,6b,8
E01000946,Camden 021B,Westminster,25.72159529355714,15.683551503299096,0.0,74.47700015224639,6a,7
E01000947,Camden 021C,Camden,35.5714288259107,36.36433356863779,25.684085834645416,43.84899133504044,6a,7
E01000948,Camden 021D,Camden,21.348053271942764,22.562546829541024,2.644478243567668,36.71341739191713,5,6
E01000949,Camden 023C,Camden,24.415667129784044,22.992304932630717,17.265668469798346,35.057627034709576,5,6
E01000951,Camden 023E,Camden,38.29729569139697,35.50100281293215,32.783234850109025,44.179864324878366,6a,7
E01000952,Camden 022A,Camden,51.25890549191959,51.60302327774632,42.45219998357301,61.99612781602554,6b,8
E01000954,Camden 022C,Camden,52.23569918415384,53.55995928852028,41.57166924718685,61.34549220798837,6b,8
E01000955,Camden 022D,Camden,66.37417768470716,68.03544204594623,58.77124329335881,74.99484830540567,6b,8
E01000956,Camden 022E,Camden,80.5523083513128,81.32087084829588,55.43739869434396,108.3630177053272,6b,8
E01000957,Camden 019C,Camden,19.530269215229776,18.90336979424916,5.597229844571091,31.55837414350056,4,5
E01000958,Camden 019D,Camden,33.27501592300316,36.56199523934828,2.123374613095889,58.93949455187319,6a,7
E01000959,Camden 019E,Camden,43.6810255057334,40.53173472086904,33.8770199044186,60.10307677687092,6b,8
E01000960,Camden 017A,Camden,36.86347729596943,38.19138604387588,27.64587089275982,46.08323570120315,6a,7
E01000961,Camden 017B,Westminster,29.817494835063204,31.655453930683,21.03339872828382,34.0374936176982,6a,7
E01000962,Camden 016A,Camden,29.807249679298035,30.66225804941408,22.062670051211203,35.86351202062793,6a,7
E01000963,Camden 017C,Westminster,27.602049599312156,30.400380053879477,15.13666536076299,39.522004491831275,6a,7
E01000964,Camden 016B,Camden,37.48112107596832,37.60676466703247,34.01888954961342,41.351623508803286,6a,7
E01000965,Camden 016C,Camden,28.673494163568623,28.538999500355743,22.78340378189624,34.713247476709014,6a,7
E01000966,Camden 016D,Camden,24.64096513486423,23.01700292146703,14.43377588308292,36.14291925876705,5,6
E01000967,Camden 017D,Westminster,8.075850108798852,8.266575024359824,2.063827891509598,20.2667615792706,2,3
E01000968,Camden 016E,Camden,30.849254456528897,30.884047282123472,24.130505357922104,37.08222331156396,6a,7
E01000969,Camden 010A,Camden,27.26145107842862,26.178777195004194,17.373220542638336,34.008602758157764,6a,7
E01000970,Camden 010B,Camden,23.68454007001452,23.321976755841547,21.929051589222112,27.406706058343172,5,6
E01000971,Camden 010C,Camden,19.36641892552208,19.39542060907788,18.66925306927649,20.04026681939532,4,5
E01000972,Camden 010D,Camden,35.417772953869985,36.62433156676792,24.726969827690695,41.93007961027392,6a,7
E01000973,Camden 010E,Camden,31.91298055174156,30.49461028297985,21.954846836437312,43.763368795607434,6a,7
E01000974,Camden 013E,Camden,26.825458014912304,27.090392780500316,24.073220352381295,28.70768992260397,6a,7
E01000975,Croydon 022A,Croydon,36.093948414435616,35.08068193546445,25.29637291891459,51.43097213712329,6a,7
E01000976,Croydon 022B,Croydon,15.15445895046352,10.813542545311837,6.582047602033269,34.70433043294042,4,5
E01000977,Croydon 022C,Croydon,15.611765168967352,15.496581963815675,9.330647621898056,20.01247462057164,4,5
E01000978,Croydon 022D,Croydon,16.499241352480976,16.333191092183107,15.03065209180166,19.91446214545087,4,5
E01000979,Croydon 022E,Croydon,27.259022231177056,33.408176513760964,10.511841518421312,41.474659585446474,6a,7
E01000980,Croydon 017A,Croydon,4.310986249857414,4.09608696125945,2.480345503066387,7.005896320093195,1b,2
E01000981,Croydon 017B,Croydon,8.215899777081823,7.632945695742952,5.342786832246889,11.16688963234291,2,3
E01000982,Croydon 017C,Croydon,6.120568220644565,6.358352280072507,2.636191470144443,10.308851969315777,2,3
E01000983,Croydon 017D,Croydon,10.895158315287764,10.007649218158525,8.398573874789992,16.924237409560558,3,4
E01000984,Croydon 022F,Croydon,8.829462207007573,7.946588779702307,5.536354114962547,12.793859209751655,2,3
E01000985,Croydon 021A,Croydon,6.611227802011353,7.472111350599457,0.0,12.123371029263652,2,3
E01000986,Croydon 021B,Croydon,11.567411693915574,11.79158561769706,7.313605657511685,15.019918305154087,3,4
E01000987,Croydon 021C,Croydon,10.59687077882134,10.06885708010276,5.478173078707536,13.885381331111011,3,4
E01000989,Croydon 018A,Croydon,3.714796303674542,2.780336489277215,1.749300668476599,6.570879393148917,1b,2
E01000990,Croydon 045A,Croydon,8.865776736199209,8.406991649036685,5.596783035736539,13.085149864771545,2,3
E01000991,Croydon 018B,Croydon,1.910648627029317,1.709221651093312,0.0,6.265958041251317,1a,1
E01000992,Croydon 014A,Croydon,7.267589585126236,7.897978636638071,0.0,12.474328554858417,2,3
E01000993,Croydon 021D,Croydon,10.613968182084337,10.676824433214884,8.812797342307007,12.14326786249271,3,4
E01000994,Croydon 009A,Croydon,5.762829993855783,5.451236923624764,3.002632332985771,9.056017026014892,2,3
E01000995,Croydon 009B,Croydon,5.895844212420581,5.459325047754298,4.775346364562476,10.485978018411975,2,3
E01000996,Croydon 009C,Croydon,8.150255405734951,8.085482374483327,4.881816677562056,11.263085598267896,2,3
E01000997,Croydon 009D,Croydon,10.874027746374365,10.455392517534214,8.946615701074531,14.405394353894268,3,4
E01000998,Croydon 010A,Croydon,11.601556467686748,11.887551838977892,8.39064921814627,13.75765992761256,3,4
E01000999,Croydon 009E,Croydon,8.277366328022746,8.465122870938071,4.701536921751656,10.879770697262382,2,3
E01001000,Croydon 010B,Croydon,11.884693558182365,12.44918144382534,5.111249254930359,15.228654177008565,3,4
E01001001,Croydon 013A,Croydon,10.621408974418284,10.642361881348158,7.895210556502072,12.956979558661,3,4
E01001002,Croydon 009F,Croydon,7.782387789888119,6.480061581254955,5.184769176558287,12.598251447022609,2,3
E01001003,Croydon 010C,Croydon,6.151477164407265,5.670211822762392,2.488500750305696,11.999762338917089,2,3
E01001004,Croydon 015A,Croydon,5.559163512153247,4.537178519208317,2.650158576103381,11.105750543919513,2,3
E01001005,Croydon 019A,Croydon,12.337972915812308,12.271411619843112,10.784214802628783,14.138433925770892,3,4
E01001006,Croydon 016A,Croydon,7.62454171192856,7.520275255786871,4.818578043921108,10.146347562825714,2,3
E01001007,Croydon 016B,Croydon,8.949184035716135,9.417309073174115,6.319743085039394,10.350213244614118,2,3
E01001008,Croydon 019B,Croydon,8.1028479842555,8.267151951253963,1.935779196509547,12.171867054797868,2,3
E01001009,Croydon 019C,Croydon,10.860798358130412,10.42906421539511,8.732760872983041,13.47973933540394,3,4
E01001010,Croydon 019D,Sutton,7.811683041763635,7.519043751729748,0.0,22.923034270857663,2,3
E01001011,Croydon 019E,Croydon,17.744887431912044,19.76647702608934,10.991880308315848,23.59532467544948,4,5
E01001012,Croydon 020A,Croydon,27.367367554740923,25.758828259871706,21.311241841244023,35.54898976674836,6a,7
E01001013,Croydon 020B,Croydon,30.91860661511302,35.51739746494726,10.7539458659022,47.049753883461726,6a,7
E01001015,Croydon 041A,Croydon,6.892335057935201,7.057538102347586,1.48622142089661,12.939851615157997,2,3
E01001016,Croydon 041B,Croydon,3.926864795048488,4.002240242393097,0.0,9.845179523118986,1b,2
E01001017,Croydon 043A,Croydon,1.688503070143301,0.0,0.0,11.34832216401052,1a,1
E01001018,Croydon 044A,Croydon,2.564917814334533,1.647477633273151,0.0,7.402052592010817,1b,2
E01001019,Croydon 044B,Croydon,4.416020429099886,4.246464489179298,0.0,8.641559519023508,1b,2
E01001020,Croydon 044C,Croydon,5.494414686900332,5.48771578423271,4.093587465091384,7.172527844835742,2,3
E01001021,Croydon 044D,Croydon,1.540155960955881,0.0,0.0,6.555587192280721,1a,1
E01001022,Croydon 044E,Croydon,2.686213100756007,3.165641748952494,0.0,5.998720689388324,1b,2
E01001023,Croydon 041C,Croydon,10.233383311719708,10.615817764407067,3.966398205850785,13.779748314779518,3,4
E01001024,Croydon 043B,Sutton,7.232559715767575,7.235883067066551,2.154208916034078,12.041400066476331,2,3
E01001025,Croydon 043C,Croydon,4.50429601044098,4.34280386591742,3.984831780130793,5.531530674515865,1b,2
E01001026,Croydon 043D,Croydon,4.036544059875033,4.275850249491612,1.469043387621322,5.467263500302682,1b,2
E01001027,Croydon 043E,Croydon,2.501519693533685,2.07812887641654,0.0,10.082628105724313,1b,2
E01001028,Croydon 038A,Croydon,2.392120765782006,2.529980184161739,0.0,4.333525464854135,1a,1
E01001029,Croydon 038B,Croydon,7.67917058344575,7.180801830238994,1.278379670010161,21.045564942477142,2,3
E01001030,Croydon 038C,Croydon,7.161359331073037,7.670265746858387,1.335454925516736,12.165849051626289,2,3
E01001031,Croydon 038D,Croydon,4.500501995598189,2.118120783379509,0.0,12.816607748940765,1b,2
E01001032,Croydon 035A,Croydon,2.492233274637884,1.895839681256178,0.0,5.757490674890434,1a,1
E01001033,Croydon 031A,Croydon,9.005785666593308,9.111435170819911,2.570588807531582,11.073356395128506,2,3
E01001034,Croydon 031B,Croydon,6.947040901114703,6.337571405366885,4.716940194493327,10.367819037084036,2,3
E01001035,Croydon 047C,Croydon,12.59814740167178,11.331324735814984,8.807867869830485,19.601705138140247,3,4
E01001036,Croydon 029A,Croydon,4.937473601629919,5.428206482694233,0.0,11.335680195726276,1b,2
E01001037,Croydon 029B,Croydon,18.283231388548263,17.926197419163735,15.033691756387787,23.463745773604536,4,5
E01001038,Croydon 029C,Croydon,10.074869458176163,9.668123625115566,0.0,20.191778250175677,3,4
E01001039,Croydon 029D,Croydon,4.091770879142053,3.789647283058361,0.0,11.355771847074196,1b,2
E01001040,Croydon 029E,Croydon,11.693698564392198,11.47355816229693,8.479365226354458,17.962747067282756,3,4
E01001041,Croydon 031C,Croydon,8.675560751445511,8.316254383789495,6.692029099794123,11.366168893075228,2,3
E01001042,Croydon 024B,Croydon,29.46515356733172,23.6790872942706,18.740340357665424,56.74806134522569,6a,7
E01001044,Croydon 023A,Croydon,13.72255433428931,9.375724263710165,3.745220010184335,36.95013265781317,3,4
E01001046,Croydon 023B,Croydon,17.439095239412033,13.343615800419792,3.900918796653815,35.32220138782952,4,5
E01001047,Croydon 047A,Croydon,20.60097013435473,20.339478995311907,18.007214808275883,25.413063842634408,5,6
E01001049,Croydon 023C,Croydon,4.674297782878287,3.251176762036432,0.0,20.97522973159656,1b,2
E01001050,Croydon 023D,Croydon,31.207730601159152,34.56462388938358,11.882889355302565,41.20352573400575,6a,7
E01001051,Croydon 030A,Croydon,6.671375308866494,6.555757971705216,4.177682148242867,10.115244719909391,2,3
E01001052,Croydon 030B,Croydon,4.678524552482015,4.903936400627277,0.0,6.76910304517562,1b,2
E01001053,Croydon 032A,Croydon,7.021967084653364,7.192095935052313,3.890930679605282,9.980943327703514,2,3
E01001054,Croydon 030C,Croydon,9.24436469907784,8.75659421785019,7.252736148145154,11.98764005186552,2,3
E01001055,Croydon 032B,Croydon,6.181506039669983,6.194849832641333,3.267097465648406,8.598004138807703,2,3
E01001056,Croydon 030D,Croydon,6.806499192294337,6.89456338491263,4.732588742273246,8.267827116897912,2,3
E01001057,Croydon 030E,Croydon,8.0967655618068,7.883171382730162,6.998095776858966,9.898227651148275,2,3
E01001058,Croydon 034A,Croydon,4.565543923724308,4.225252665975413,3.178523126180344,6.438353133681304,1b,2
E01001059,Croydon 034B,Croydon,4.850132389831578,4.895131505320124,2.703506413218469,5.957909718002826,1b,2
E01001060,Croydon 034C,Croydon,1.942295842126877,1.804342505652021,0.0,7.821052854729675,1a,1
E01001061,Croydon 034D,Croydon,4.138678646964036,4.557965140495148,1.004915946848821,11.262574113401763,1b,2
E01001062,Croydon 026A,Croydon,4.927246528690541,4.458976873311986,0.0,12.374434627547688,1b,2
E01001063,Croydon 026B,Croydon,6.031769614136021,5.774095847722577,2.289323363672319,11.624770758533522,2,3
E01001064,Croydon 026C,Croydon,4.094301778685695,3.713394363663036,0.0,15.160069304134309,1b,2
E01001065,Croydon 034E,Croydon,7.398469499333687,7.061144824092104,0.0,18.092577141339312,2,3
E01001066,Croydon 034F,Croydon,2.8193537019212,2.988680506170916,1.103361510201817,5.410488858887318,1b,2
E01001067,Croydon 041D,Croydon,2.341458415136953,2.448938320421732,0.0,8.1025452523164,1a,1
E01001068,Croydon 042A,Croydon,2.381541205836184,2.498013628847334,0.0,5.417933184380704,1a,1
E01001069,Croydon 040A,Croydon,2.22780838472754,2.414103474762627,0.0,4.781904022371617,1a,1
E01001070,Croydon 040B,Croydon,1.397858495273736,1.753759944998102,0.0,3.747412420649339,1a,1
E01001071,Croydon 042B,Croydon,2.969318805872835,2.855836007110297,0.0,7.461190009725668,1b,2
E01001072,Croydon 042C,Croydon,0.213922795200162,0.0,0.0,2.641681050795698,1a,1
E01001073,Croydon 037A,Croydon,6.041329517466884,3.773824608734873,0.0,18.880289707815983,2,3
E01001074,Croydon 041E,Croydon,7.493290101093821,7.864825494675524,3.086873186985435,11.915437938389884,2,3
E01001075,Croydon 040C,Croydon,4.185717170758014,4.512300402334103,1.549849865442225,6.14004744409458,1b,2
E01001076,Croydon 036A,Croydon,6.910761420002219,7.096611131513305,4.239263307097977,10.79772630933147,2,3
E01001077,Croydon 032C,Croydon,8.92488526453277,8.986782686977167,5.478453597671921,10.88229131618412,2,3
E01001078,Croydon 032D,Croydon,8.569423438443241,8.79068131387806,0.0,12.897668076634472,2,3
E01001079,Croydon 036B,Croydon,5.305987278562007,5.336674444469304,3.462037980533766,6.498418574436676,2,3
E01001080,Croydon 036C,Croydon,7.564889681879143,7.236759236944994,4.091717575494266,12.519886964123309,2,3
E01001081,Croydon 036D,Croydon,3.134414124188882,3.264540660027401,0.0,7.098772530681722,1b,2
E01001082,Croydon 032E,Croydon,4.467852330241979,4.695594374945891,0.0,9.087570822440748,1b,2
E01001083,Croydon 003A,Croydon,6.552260082888144,4.828360028904242,2.828926193360649,12.751396387173514,2,3
E01001084,Croydon 002A,Croydon,4.881407476417534,4.702537461442241,0.0,10.995321226336182,1b,2
E01001085,Croydon 004A,Croydon,11.240172153480492,11.517798353513117,8.274994593781502,16.071111036692034,3,4
E01001086,Croydon 003B,Croydon,5.479272076644077,5.212351249131975,2.797188529079904,8.737825961268493,2,3
E01001087,Croydon 003C,Croydon,9.438921224796902,9.361060917963368,3.214175135554928,15.779989781558283,2,3
E01001088,Croydon 004B,Croydon,3.961571963096142,4.14955639256854,0.0,6.94921368202709,1b,2
E01001089,Croydon 004C,Croydon,9.054803248567882,8.638266584885216,2.224013520001879,14.488075862256093,2,3
E01001090,Croydon 004D,Croydon,7.48600407532029,8.254316640049838,2.594358397959951,10.365370166507905,2,3
E01001091,Croydon 004E,Croydon,3.102165899373597,3.22908679692822,0.0,7.192411513182883,1b,2
E01001092,Croydon 037B,Croydon,5.610969355878256,4.839419105793584,0.0,19.452023278415407,2,3
E01001093,Croydon 037C,Croydon,8.225197255362518,8.884179444931489,2.814388799647027,14.3694449187723,2,3
E01001094,Croydon 038E,Sutton,2.370676295309138,2.438292579562289,0.0,7.363159411337689,1a,1
E01001095,Croydon 031D,Croydon,9.915590134273977,9.424201684175376,6.608983005071049,14.661165101923148,2,3
E01001096,Croydon 037D,Croydon,4.663271543102991,5.306776788199713,0.0,9.771184689004444,1b,2
E01001097,Croydon 037E,Croydon,15.419209263030872,18.453026041930343,0.0,21.394008632655087,4,5
E01001098,Croydon 037F,Croydon,5.800048545094092,4.51734905025076,1.822993808854527,13.648836740493604,2,3
E01001099,Croydon 040D,Croydon,6.583523590009935,7.098636396049271,1.820502068207743,9.624433036406977,2,3
E01001100,Croydon 031E,Croydon,5.991124795734245,6.594323935882927,2.109579370702974,9.032194810999831,2,3
E01001101,Croydon 035B,Croydon,1.922086344939627,2.004721311817247,0.0,4.219019652728319,1a,1
E01001102,Croydon 035C,Croydon,3.759889311744762,3.882810546195009,2.073581432331911,4.991756911457478,1b,2
E01001103,Croydon 039A,Croydon,2.142004990336285,2.38901343324461,0.0,3.753686115584713,1a,1
E01001104,Croydon 042D,Croydon,1.568886863145679,1.541463098058669,0.0,5.376633832902083,1a,1
E01001105,Croydon 039B,Croydon,1.155090716771914,0.0,0.0,3.510604479838635,1a,1
E01001106,Croydon 039C,Croydon,1.711555984274521,2.240990224048815,0.0,3.412955644156359,1a,1
E01001107,Croydon 035D,Croydon,2.425163724290589,2.028900959202224,0.0,6.38450396380742,1a,1
E01001108,Croydon 035E,Croydon,2.819015566892326,3.048492853839359,0.0,5.123001153341998,1b,2
E01001109,Croydon 013B,Croydon,6.368633083841099,6.784984491349172,0.0,17.526283579968396,2,3
E01001110,Croydon 020D,Croydon,19.451017674956688,19.003584344687127,7.122087811586451,36.79960000251204,4,5
E01001111,Croydon 010D,Croydon,12.682567970711212,12.50356916946652,7.535035670986996,17.978268569209188,3,4
E01001112,Croydon 013C,Croydon,9.788012212456715,10.13599644128382,2.837738553235244,18.580063684504463,2,3
E01001113,Croydon 013D,Croydon,11.311272389187677,11.414231636606653,8.650205699236388,13.144778508155516,3,4
E01001114,Croydon 013E,Croydon,10.097874198408132,10.779915186489138,0.0,14.994447601556232,3,4
E01001115,Croydon 015B,Croydon,8.083677429315427,8.546094672073579,2.431981668131148,16.22674921568771,2,3
E01001116,Croydon 013F,Croydon,10.977134687618667,10.739121591962324,8.444880497441849,13.600873344206605,3,4
E01001118,Croydon 020E,Croydon,14.344073808348003,13.611423569827016,7.135058085268602,20.08711399489028,3,4
E01001119,Croydon 034G,Croydon,2.070438978953438,2.118037986290728,0.0,5.335874552853126,1a,1
E01001120,Croydon 033A,Croydon,4.816923675841711,5.049859748415091,0.0,7.675423879474951,1b,2
E01001121,Croydon 039D,Croydon,1.567387990026575,1.141166681531268,0.0,7.447296667509687,1a,1
E01001122,Croydon 033B,Croydon,2.86698963467665,3.077119559562399,0.0,8.391792370345751,1b,2
E01001123,Croydon 033C,Croydon,2.596524560019233,2.783135313483581,0.0,6.55490786643656,1b,2
E01001124,Croydon 033D,Croydon,2.448488707640659,1.968963933550234,0.0,6.501899585093569,1a,1
E01001125,Croydon 033E,Croydon,6.805612971785898,6.84277775749269,3.736676736182914,8.477035853790284,2,3
E01001126,Croydon 034H,Croydon,4.133242299272678,4.134441852872088,3.009557466726059,5.527243093922809,1b,2
E01001127,Croydon 025A,Croydon,3.629873621120753,3.740129172299819,1.90304964516408,5.348286045716916,1b,2
E01001128,Croydon 025B,Croydon,3.772057008911181,3.903133700401535,1.939115150411314,4.995823214290964,1b,2
E01001129,Croydon 026D,Croydon,3.916954633088805,4.27587734524454,2.081951721829437,5.439623899360574,1b,2
E01001130,Croydon 025C,Croydon,3.670718547430131,4.009646146336803,2.317750999212466,4.704000421195206,1b,2
E01001131,Croydon 018C,Croydon,2.810549756897826,2.038205034386566,1.524161412163027,5.024055491726434,1b,2
E01001132,Croydon 018D,Croydon,2.887835217034578,2.00194464336696,1.566642388485381,8.382401760834622,1b,2
E01001133,Croydon 026E,Croydon,5.293343004989853,5.525870042245968,1.735996726620833,7.796699043459092,2,3
E01001134,Croydon 018E,Croydon,4.23109868019332,2.848199449539524,1.690969987191576,10.501522672168011,1b,2
E01001135,Croydon 025D,Croydon,5.626855079607545,5.993696287456418,3.025544860137624,8.00662923262264,2,3
E01001136,Croydon 007A,Croydon,16.11326370203944,16.71816647475562,7.268333454826176,20.821357224261646,4,5
E01001137,Croydon 001A,Croydon,9.219540875191512,8.258005210641926,3.490991179184163,21.683066129144954,2,3
E01001138,Croydon 001B,Croydon,7.467259212204974,7.252248487011965,3.159782977332506,13.937631454413795,2,3
E01001139,Croydon 007B,Croydon,9.800533512196182,9.138905953552728,4.655471290300524,15.382975528223756,2,3
E01001140,Croydon 007C,Croydon,6.105990215132632,7.122871679461803,2.072619768594619,9.667788640254953,2,3
E01001141,Croydon 008A,Croydon,6.81057095014584,4.718426847033268,2.09244233816313,14.902729624895354,2,3
E01001142,Croydon 007D,Croydon,9.14896612730148,7.474551125154908,2.168256905915696,18.04015298386044,2,3
E01001143,Croydon 008B,Croydon,9.9338134633465,10.968046793023992,5.110560074778224,17.0351708343476,2,3
E01001144,Croydon 007E,Croydon,14.785414574464314,14.575234045414067,10.424311447012697,17.38953982097295,3,4
E01001145,Croydon 008C,Croydon,15.63876720107069,16.263069628430316,9.060422982002551,19.456342404822927,4,5
E01001146,Croydon 006A,Croydon,5.293813203450277,6.396930401725523,2.523526216242663,7.221681181672208,2,3
E01001147,Croydon 005A,Croydon,6.964570987595528,6.680085293840335,4.681238522837749,10.22417647364128,2,3
E01001148,Croydon 005B,Croydon,4.507028237827416,4.298569587167892,2.895205715608105,8.423590392309176,1b,2
E01001149,Croydon 006B,Croydon,4.781543719216335,5.505020749353583,0.0,9.29711346773628,1b,2
E01001150,Croydon 006C,Croydon,5.743754956477917,5.464921987205594,0.0,15.29772206635684,2,3
E01001151,Croydon 005C,Croydon,9.848720878581222,9.700688046340035,7.419350507403118,11.958159799915135,2,3
E01001152,Croydon 005D,Croydon,11.312380822687397,11.363501478382792,7.671860996593054,14.496379266706468,3,4
E01001153,Croydon 006D,Croydon,8.459448035335566,9.392943335002837,2.734600493242493,11.53616096650534,2,3
E01001154,Croydon 006E,Croydon,12.370330998689438,12.631932134690905,7.309219060297361,16.095381620868856,3,4
E01001155,Croydon 010E,Croydon,14.381355266088033,14.2387040284309,11.614379058732222,18.062751298653204,3,4
E01001156,Croydon 001C,Croydon,9.042990197821394,9.62733095642645,6.339086050507258,11.927589054215233,2,3
E01001157,Croydon 002B,Croydon,4.430449943200346,4.74425321286874,0.0,6.988486646047331,1b,2
E01001158,Croydon 005E,Croydon,7.494960418099931,7.627142086704341,2.983247230236915,10.72168756289868,2,3
E01001159,Croydon 002C,Croydon,7.150508303804775,7.513241571033711,2.312857592545297,11.91449881143857,2,3
E01001160,Croydon 002D,Croydon,4.094507419211373,4.316282978113961,2.199364934008539,5.667991715270281,1b,2
E01001161,Croydon 003D,Croydon,4.270129479558096,3.660768705316908,2.040856407520468,7.113946470394898,1b,2
E01001162,Croydon 001D,Lambeth,9.426414299899417,9.677873765348032,5.39864883766936,13.34697313481242,2,3
E01001163,Croydon 002E,Croydon,8.430513044195896,8.636333193195359,5.000564281398664,10.156952377401408,2,3
E01001164,Croydon 001E,Lambeth,16.948823456258495,12.33595788020872,8.366871519943608,29.903071809184706,4,5
E01001165,Croydon 024C,Croydon,16.36882293087544,16.6789278178448,12.627450040967132,20.00215109972496,4,5
E01001166,Croydon 024D,Croydon,18.068148348071528,18.47158924286253,12.72253930125282,21.173344919098525,4,5
E01001167,Croydon 028A,Sutton,10.033352706569843,10.310155640216678,2.29287662991043,17.641537298787426,3,4
E01001168,Croydon 024E,Croydon,14.19696770285317,14.806251372997224,9.455475940260106,17.384376424941987,3,4
E01001169,Croydon 028B,Croydon,5.888186207129952,4.986322608978968,3.101846463295971,10.481066362787972,2,3
E01001170,Croydon 047D,Croydon,17.068747738129034,18.245833624812477,5.083903507788332,24.679017656903262,4,5
E01001171,Croydon 028C,Croydon,8.749641709288426,6.453817981425938,2.533225915789325,18.10909359984593,2,3
E01001172,Croydon 028D,Sutton,4.756124262670489,4.305320663938859,0.0,10.006374890317971,1b,2
E01001173,Croydon 028E,Croydon,4.012225661494385,3.594507200497512,0.0,12.197705112265789,1b,2
E01001174,Croydon 011A,Croydon,4.213853374507691,2.579089251991899,1.936787467580854,9.313207454336132,1b,2
E01001175,Croydon 011B,Croydon,11.791639199812346,11.230712163216086,9.722730819819652,15.369594947998156,3,4
E01001176,Croydon 011C,Croydon,7.790303396630205,8.420659012546288,2.039210552069735,12.858195393213288,2,3
E01001177,Croydon 016C,Croydon,5.149259021790359,5.646183221106758,0.0,9.64286146720549,2,3
E01001178,Croydon 015D,Croydon,11.216701279681788,11.280176575643877,4.138733191016101,15.727420558901258,3,4
E01001179,Croydon 016D,Croydon,7.241311037869673,8.049850559624126,3.43559756573296,10.761418667948712,2,3
E01001180,Croydon 016E,Croydon,8.044738111417734,7.644681421344753,3.470613073003317,12.223720002227656,2,3
E01001181,Croydon 015E,Croydon,12.059690533739268,11.611505334230806,9.50772897850883,15.689652581695611,3,4
E01001182,Croydon 011D,Croydon,5.879346020463358,5.505133005199673,4.69515140197857,8.578748081169882,2,3
E01001183,Croydon 011E,Croydon,10.51969930814684,11.22627342341036,5.168460191149926,13.510698808272892,3,4
E01001184,Croydon 011F,Croydon,5.02788256875583,4.741719709978412,0.0,9.080246250804748,2,3
E01001185,Croydon 014B,Croydon,9.634325721385688,8.96614179664833,6.922568546909861,13.385009691697528,2,3
E01001186,Croydon 014C,Croydon,7.155564077626432,7.369725547828876,2.808269851462644,10.24755427325243,2,3
E01001187,Croydon 017E,Croydon,5.442097380041651,6.330796075950206,2.92286106379175,7.144586861812841,2,3
E01001188,Croydon 014D,Croydon,11.33804939839792,10.948539100999689,7.693359437684197,17.61891885522433,3,4
E01001189,Croydon 045B,Croydon,9.320130726240665,8.959695238022709,7.381386466715639,11.500489759012751,2,3
E01001190,Croydon 045C,Croydon,6.165243157931999,5.768008419263019,3.119720803703274,11.59936647470186,2,3
E01001191,Croydon 008D,Croydon,14.55655267518013,14.360594771702598,10.437250762146922,18.17915648755496,3,4
E01001192,Croydon 008E,Croydon,10.069527900407422,11.793733644522083,2.65625436364348,17.181851835317868,3,4
E01001193,Croydon 014E,Croydon,5.719519340260998,5.75640025756365,2.585698241384621,11.15901331517052,2,3
E01001194,Croydon 045D,Croydon,6.733697219256068,7.075556921092104,2.263405079345941,13.403103474638748,2,3
E01001195,Ealing 021A,Ealing,7.890232476137509,6.825817313589576,1.869885167289204,18.19064906249833,2,3
E01001196,Ealing 015A,Ealing,12.348621598311412,10.74887208385011,6.692912392786498,22.492531507899265,3,4
E01001197,Ealing 021B,Ealing,7.613757065347945,7.107459642732113,0.0,13.27376867951724,2,3
E01001198,Ealing 021C,Ealing,8.708665932548485,8.852832818183803,6.61471740398961,9.854357489988008,2,3
E01001199,Ealing 021D,Ealing,8.959088833867858,8.479917399452834,6.402032823592211,13.394109173133227,2,3
E01001200,Ealing 025A,Ealing,7.493345542870954,6.407392221649388,2.161096896578375,13.71095176229271,2,3
E01001201,Ealing 025B,Ealing,9.36510811506242,8.21402959284411,6.817708219844205,12.535049237928463,2,3
E01001202,Ealing 025C,Ealing,18.12931370321107,14.853532399885614,11.571436227486254,27.606018190600597,4,5
E01001203,Ealing 025D,Ealing,14.685384158069333,14.370618965077536,12.90527669428458,17.200230868409154,3,4
E01001204,Ealing 018A,Ealing,9.304172500711282,9.025638595565404,6.629721548819509,13.226636468208447,2,3
E01001205,Ealing 018B,Ealing,7.039764831428292,6.924167425119222,4.459492117205178,10.568768948649533,2,3
E01001206,Ealing 018C,Ealing,5.441668211003105,4.706941733993515,3.265376616879585,8.431284031846488,2,3
E01001207,Ealing 018D,Ealing,11.370981426292197,10.05523318564178,8.744944823782168,17.446313099251277,3,4
E01001208,Ealing 018E,Ealing,7.08718583082595,7.839802602597401,0.0,12.07182133775036,2,3
E01001209,Ealing 013A,Ealing,4.135499900302273,4.234548013071029,0.0,6.566896987491956,1b,2
E01001210,Ealing 016A,Ealing,9.925820901090818,9.723660528713609,8.015620209653761,11.977517402878272,2,3
E01001211,Ealing 013B,Ealing,6.330152538386788,6.151406302405812,4.228424179182042,8.662091989241324,2,3
E01001212,Ealing 018F,Ealing,8.107186786883158,8.039683387228662,5.484557425417269,13.9601138597528,2,3
E01001213,Ealing 023A,Ealing,11.286183342043078,11.809568860637327,6.194169730463488,14.456885942134532,3,4
E01001214,Ealing 023B,Ealing,5.989789450491107,6.169581686608163,3.224128282209708,9.93752545180494,2,3
E01001215,Ealing 023C,Ealing,17.714133650929046,18.713585920998693,13.411815466581649,23.022947325037997,4,5
E01001216,Ealing 023D,Ealing,9.239468366337965,8.312232444967247,6.345459241381736,14.088911768878082,2,3
E01001217,Ealing 014A,Ealing,3.297150149458902,3.525617455990607,0.0,4.879035037203628,1b,2
E01001218,Ealing 012A,Ealing,4.575159601677671,5.128354586342756,0.0,8.24256102932257,1b,2
E01001219,Ealing 029A,Ealing,4.495643715122318,4.181636577023089,3.602646536717389,6.179841807970442,1b,2
E01001220,Ealing 029B,Ealing,6.288890819074967,5.581225674118794,0.0,13.200712483430816,2,3
E01001223,Ealing 041B,Ealing,14.015736667213094,12.880447999631825,2.376837956514819,29.444161725438136,3,4
E01001224,Ealing 019B,Ealing,8.380948849109254,9.448229276098768,4.249342697918886,10.522887913907311,2,3
E01001225,Ealing 041A,Ealing,29.331359231145044,31.83421683348813,5.396223227969237,44.47494412056198,6a,7
E01001226,Ealing 019C,Ealing,14.6291201552637,18.772499671636023,3.567423149534053,29.60934556864674,3,4
E01001227,Ealing 019D,Ealing,9.271686680260554,8.450470166554936,3.13816272677871,21.92244646520239,2,3
E01001228,Ealing 019E,Ealing,21.685720924015783,21.70992189066116,8.209653592783557,32.5869824601881,5,6
E01001229,Ealing 031A,Hounslow,8.949974498106656,8.962402975435616,0.0,12.753407206544283,2,3
E01001230,Ealing 031B,Ealing,9.421857564790985,9.73014142143496,2.68540621021239,26.248358913573114,2,3
E01001231,Ealing 027A,Hounslow,14.137695246564858,14.071836761692174,3.213326797237158,24.01129913944509,3,4
E01001232,Ealing 031C,Hounslow,4.412223596947102,2.69846075995179,1.597215933858308,12.738503560345226,1b,2
E01001233,Ealing 031D,Hounslow,13.696034834261107,13.269092230596982,11.67849548532134,18.37232558306603,3,4
E01001234,Ealing 027B,Ealing,15.944258938689568,14.936858239562303,10.2920604021563,25.572682508850885,4,5
E01001235,Ealing 042D,Ealing,26.447115506883247,24.909213916042543,12.649531871137595,39.00985172780601,6a,7
E01001236,Ealing 042C,Ealing,20.90958976489601,21.43498490560026,13.465332323795748,29.275259517826125,5,6
E01001237,Ealing 031E,Ealing,10.543312676201095,10.037702811586792,1.743958658645719,20.70232936419545,3,4
E01001239,Ealing 015C,Hammersmith & Fulham,14.107461190114908,14.846032356378082,3.174368809747236,22.955303587118117,3,4
E01001240,Ealing 024A,Hammersmith & Fulham,19.045295417004564,19.69957126719755,15.170976519739014,25.124546655647805,4,5
E01001241,Ealing 024B,Ealing,12.533721090546408,11.645686977035531,3.460307144009971,20.687206373573183,3,4
E01001242,Ealing 024C,Ealing,7.13392620103684,7.316960178139167,4.664581786105801,9.172388600142185,2,3
E01001243,Ealing 024D,Hammersmith & Fulham,15.889433988842631,16.76199609460869,6.129178895552776,23.92996255888975,4,5
E01001244,Ealing 024E,Ealing,13.22718228263738,13.013026969831332,4.802595279582668,19.40210352575693,3,4
E01001245,Ealing 024F,Hammersmith & Fulham,11.402458986495503,11.416246256928416,8.306565140651829,13.643156927719703,3,4
E01001246,Ealing 015D,Hammersmith & Fulham,11.133621800390108,12.462781915874109,0.0,23.413763359774187,3,4
E01001247,Ealing 015E,Ealing,10.590103619950966,9.314354744731158,1.939701301983633,23.211160203421763,3,4
E01001248,Ealing 035A,Hounslow,5.052385185998939,4.463014585560915,0.0,13.678353095595892,2,3
E01001249,Ealing 028A,Ealing,17.35063414046705,17.869212510871066,10.998490623736382,21.376632179535623,4,5
E01001250,Ealing 028B,Ealing,11.765972988356848,11.72365917382551,7.344786658859517,15.367137845197462,3,4
E01001251,Ealing 030A,Ealing,12.87799501881242,12.489832673543782,11.018239109081392,15.82801360674123,3,4
E01001252,Ealing 030B,Ealing,12.488060334902384,12.321247641026847,8.356665745824285,16.494401359518093,3,4
E01001253,Ealing 030C,Ealing,4.854189773017997,4.098789691913681,3.059518441673567,8.14193883497399,1b,2
E01001254,Ealing 030D,Ealing,7.153517970604085,6.516923052772256,0.0,16.20733620948885,2,3
E01001255,Ealing 028C,Ealing,6.812043813668342,6.810342934721199,3.702079680651073,14.065773001796048,2,3
E01001257,Ealing 008A,Ealing,8.972003248354559,8.63310797425776,7.758172154617987,11.729889343053683,2,3
E01001258,Ealing 010B,Ealing,9.53920274762454,9.270143061767175,2.39850059836899,12.04978672469854,2,3
E01001259,Ealing 014B,Ealing,11.57502410175667,10.614439514380749,8.082752236850496,19.498527599802188,3,4
E01001260,Ealing 012B,Ealing,13.125788014444018,14.12089383036326,5.668671106371164,21.907774217586194,3,4
E01001261,Ealing 012C,Ealing,14.351312241072408,15.990523086349745,1.615869643590853,24.014437579333368,3,4
E01001262,Ealing 010C,Ealing,5.613972917568917,2.558969887507032,0.0,14.238567948773047,2,3
E01001263,Ealing 010D,Ealing,5.064990503831036,6.394896106140991,1.908571538925544,8.806220095974833,2,3
E01001264,Ealing 010E,Ealing,3.685316579869446,2.232456509855504,0.0,9.494829216948034,1b,2
E01001265,Ealing 006A,Ealing,2.422765051344012,0.0,0.0,9.802320418111735,1a,1
E01001266,Ealing 006B,Ealing,7.449657941404942,6.996484139712186,0.0,15.122029913917702,2,3
E01001267,Ealing 006C,Ealing,9.014790656707817,8.234878671425573,0.0,15.37385559527416,2,3
E01001268,Ealing 012D,Ealing,5.254430013944986,5.836890462895051,0.0,16.106193834248323,2,3
E01001269,Ealing 001A,Ealing,7.473077708574609,8.273498643277916,3.009538380517585,12.124688409551077,2,3
E01001270,Ealing 004A,Ealing,2.738473590731064,2.178798271271592,0.0,8.599971752899206,1b,2
E01001271,Ealing 001B,Ealing,5.562326979521911,4.69646055987892,1.67944810376229,11.76508246704492,2,3
E01001272,Ealing 006D,Ealing,11.663581205888532,11.982043646334033,0.0,14.944711133701295,3,4
E01001273,Ealing 041C,Ealing,10.92013040765192,11.25637892766432,4.260067211574786,16.87413041233446,3,4
E01001274,Ealing 041E,Ealing,9.10012119848861,9.215628733201823,3.843671032663861,14.076777638505591,2,3
E01001275,Ealing 041D,Ealing,16.92830935545899,16.815177071963443,3.532409259961699,38.04532594702236,4,5
E01001276,Ealing 011A,Ealing,6.229860438265735,4.383244280628351,1.826847907110958,15.145116044903222,2,3
E01001277,Ealing 011B,Ealing,11.824288058483134,11.929148915416734,3.137549789982049,19.030503780062464,3,4
E01001278,Ealing 011C,Ealing,15.58112714816771,16.072315542238687,8.14668845630853,20.21343231101492,4,5
E01001279,Ealing 013C,Ealing,6.776515999341679,7.612026136947907,2.403661835270596,10.061478051838597,2,3
E01001280,Ealing 011D,Ealing,8.911378544217023,8.309180374831001,2.839492433929747,17.478976700371554,2,3
E01001281,Ealing 013D,Ealing,5.43732250418901,5.46301250460475,1.99433554554315,9.441564781722878,2,3
E01001282,Ealing 016B,Ealing,7.93729300400152,9.864436247459851,3.143875921618282,13.025241790635471,2,3
E01001283,Ealing 016C,Ealing,11.875990867076036,11.922881421468649,4.723717355035166,16.037848092917383,3,4
E01001284,Ealing 022A,Ealing,7.07395634381805,5.309461403063623,0.0,17.880779482565124,2,3
E01001285,Ealing 016D,Ealing,6.711390411683283,6.446807373053733,0.0,13.470149637018636,2,3
E01001286,Ealing 016E,Ealing,5.452107547504029,5.454692965577992,2.823550353649591,8.09641814575567,2,3
E01001287,Ealing 016F,Ealing,4.883605597228395,4.770318685419874,2.149882496238528,7.055251096285732,1b,2
E01001288,Ealing 022B,Ealing,7.694258132253242,7.673073593829338,5.271527838701587,10.46732088071744,2,3
E01001289,Ealing 022C,Ealing,7.8784986670588,7.777946243884761,7.248028619045867,8.846702568905009,2,3
E01001290,Ealing 022D,Ealing,5.079586774979928,3.718212946957491,0.0,14.270915598153982,2,3
E01001291,Ealing 014C,Ealing,7.540974332939563,8.42949328309733,4.317673043360615,10.17305678751268,2,3
E01001292,Ealing 014D,Ealing,7.510789203883217,7.721031419007278,2.811590970253877,14.782380686974776,2,3
E01001293,Ealing 014E,Ealing,5.01128353979837,4.768776945841583,3.915707119457698,9.090520219570092,2,3
E01001294,Ealing 017A,Ealing,4.692675645420084,5.093696111656235,0.0,10.573357753599236,1b,2
E01001295,Ealing 017B,Ealing,5.131243285783852,5.106976928565658,3.301179778370402,6.196357427768578,2,3
E01001296,Ealing 017C,Ealing,4.699385189416972,4.835469286570474,3.203958738571258,6.243115632577203,1b,2
E01001297,Ealing 017D,Ealing,4.887680833051936,5.314738843161914,0.0,9.955005247510185,1b,2
E01001298,Ealing 017E,Ealing,6.616582821863418,6.477236309486704,3.334809689733238,10.416486370264272,2,3
E01001299,Ealing 035B,Hounslow,10.408139792770427,10.530018377177491,5.422852356603241,12.995029780057376,3,4
E01001300,Ealing 039A,Hounslow,13.898810452914311,13.84929811894232,12.042212206925011,15.761634842082776,3,4
E01001301,Ealing 039B,Hounslow,10.58739929571114,11.773681370019386,2.26193688770466,16.2081719097142,3,4
E01001302,Ealing 039C,Hounslow,13.283118449562744,13.12912440394442,10.061201378731148,18.00543947904591,3,4
E01001303,Ealing 032A,Ealing,14.277277960730776,14.110237392980048,12.026788848967762,16.61904159692,3,4
E01001304,Ealing 039D,Hounslow,10.901642657318162,11.64794034969529,5.291290854155595,13.73574999788444,3,4
E01001305,Ealing 035C,Ealing,7.183184752217356,7.125640239634288,3.719647281671712,10.328088127468012,2,3
E01001306,Ealing 035D,Ealing,10.871430780006907,10.795046939844468,9.371611264424812,12.794156576939834,3,4
E01001307,Ealing 002A,Ealing,2.853816944979189,1.430112225063907,0.0,12.073725003266578,1b,2
E01001308,Ealing 002B,Ealing,4.965685089910395,2.283912235809517,0.0,19.39534224031365,1b,2
E01001309,Ealing 001C,Harrow,3.870574843468447,3.305668712749196,1.250963039841131,10.2770114748149,1b,2
E01001310,Ealing 001D,Ealing,6.939757205058577,7.070636505650649,2.642792397798253,10.3683269945929,2,3
E01001311,Ealing 001E,Ealing,6.549353875375332,6.498833951779561,1.44422127862446,13.361866081560407,2,3
E01001312,Ealing 002C,Ealing,11.752749913056954,11.440919299854274,9.992648200838762,14.596318940903023,3,4
E01001313,Ealing 002D,Ealing,8.139520885855807,8.337984865066943,3.806817415483394,10.682132783573408,2,3
E01001314,Ealing 002E,Ealing,4.455460645245812,3.583867006343995,0.0,11.224938541776442,1b,2
E01001315,Ealing 003A,Ealing,7.400572107202239,6.902123129054447,3.871640733169023,12.240925123870712,2,3
E01001316,Ealing 003B,Ealing,10.355866552606122,10.24648836164852,6.423827348844354,16.428168667771107,3,4
E01001317,Ealing 003C,Harrow,6.765421555984574,6.959401595497058,2.243501873460733,14.216735318769524,2,3
E01001318,Ealing 003D,Ealing,10.766835549094942,11.275766432609307,2.717066783648673,16.7196203143647,3,4
E01001319,Ealing 004B,Ealing,9.378446180304692,9.449260804902528,3.399390250304296,15.222050432846633,2,3
E01001320,Ealing 003E,Ealing,1.429032697626251,1.85288273864773,0.0,7.151545188540047,1a,1
E01001321,Ealing 003F,Ealing,9.262227520897236,11.707010729435702,2.330270901047618,14.583828125113616,2,3
E01001322,Ealing 004C,Ealing,10.148165974375583,11.624523261517067,0.0,19.397213747979453,3,4
E01001323,Ealing 004D,Ealing,14.36441012515575,14.65167793822202,6.265428723696941,19.08456204091261,3,4
E01001324,Ealing 008B,Ealing,7.133371016346573,7.007545250226177,0.0,13.637546159697935,2,3
E01001325,Ealing 009A,Hillingdon,1.470147143366001,1.914401852649833,0.0,5.328302208423323,1a,1
E01001326,Ealing 008C,Hillingdon,3.197844959066222,2.381828297443936,0.0,11.60754325908182,1b,2
E01001327,Ealing 009B,Ealing,8.566116255334977,9.625782031059815,2.575227669191923,13.240665402138829,2,3
E01001328,Ealing 009C,Ealing,9.767731434935522,10.296567460513394,2.056314416807203,13.852801012485624,2,3
E01001329,Ealing 009D,Hillingdon,4.562699282232821,5.675055436464921,0.0,10.93139331506223,1b,2
E01001330,Ealing 008D,Hillingdon,7.704977962687459,7.785465216905405,0.0,13.393441161699071,2,3
E01001331,Ealing 009E,Hillingdon,7.129986445849831,7.6549210851403,0.0,10.899415809822717,2,3
E01001332,Ealing 008E,Hillingdon,7.514899638821864,7.197083871520993,6.516189604936554,9.69330926859201,2,3
E01001333,Ealing 038A,Ealing,12.90899518419921,13.575360688127686,4.067421312131977,17.088754937300745,3,4
E01001334,Ealing 029C,Ealing,4.82895604493355,3.510220675865372,2.910676383207291,12.687083665093729,1b,2
E01001335,Ealing 038B,Hounslow,1.643285708699182,2.1137011713807,0.0,4.087467488952206,1a,1
E01001336,Ealing 038C,Hounslow,3.845407993948848,3.981766346505388,2.546610354735828,5.460777238913737,1b,2
E01001337,Ealing 029D,Hounslow,3.281264594441942,0.0,0.0,16.907020764542384,1b,2
E01001338,Ealing 029E,Ealing,5.714156616653392,5.601881748423786,0.0,17.884856470401907,2,3
E01001339,Ealing 029F,Hounslow,2.270665440034784,2.255169604798131,0.0,10.001157416451443,1a,1
E01001340,Ealing 029G,Ealing,7.074109671108411,7.480800574812708,2.633331084949389,10.31809525874706,2,3
E01001341,Ealing 005A,Ealing,3.300966307828468,2.810211011906224,0.0,7.039300004194655,1b,2
E01001342,Ealing 005B,Ealing,4.325100277432517,2.409541372394375,1.955738515827685,13.087204938454947,1b,2
E01001343,Ealing 005C,Ealing,3.892361471744695,2.785647285605447,0.0,7.214015910066763,1b,2
E01001344,Ealing 007A,Ealing,7.113237915087751,7.3198595381082,2.004538419421928,9.98503694553816,2,3
E01001345,Ealing 005D,Ealing,5.439788505211077,5.703811087369722,0.0,12.795600402105569,2,3
E01001346,Ealing 007B,Ealing,5.053761048843441,5.016202181319109,1.005648942786271,9.81045425657519,2,3
E01001347,Ealing 007C,Ealing,4.414473238392087,3.140963303052851,0.0,10.396704565143295,1b,2
E01001348,Ealing 007D,Ealing,8.38982616278696,8.498078148259752,3.070800760484941,10.909071607261607,2,3
E01001349,Ealing 006E,Ealing,6.376648328390839,6.31513126252117,1.018033194054542,14.27876111816578,2,3
E01001350,Ealing 027C,Ealing,10.82372734086659,11.83893446307443,3.029031177117616,19.6316980414982,3,4
E01001351,Ealing 025E,Ealing,19.927104896954088,22.472777572679263,8.809744726453888,29.992552116583404,4,5
E01001352,Ealing 027D,Ealing,16.637268246662426,16.350950754860364,13.06040084993312,21.680742561954656,4,5
E01001353,Ealing 033A,Ealing,20.457521547145294,19.775000801631336,10.926341540196812,29.574084712389496,5,6
E01001354,Ealing 027E,Ealing,18.28720078053152,20.21089281753685,6.16537772029951,26.29462885595768,4,5
E01001355,Ealing 033B,Ealing,15.468073937531155,14.81904918275002,12.457758850491388,19.605164678894965,4,5
E01001356,Ealing 033C,Ealing,21.509652798734017,21.847030227769295,17.842876986896993,22.962912488730208,5,6
E01001357,Ealing 033D,Ealing,14.059272795650315,12.546365697926266,5.502382276158654,22.9995836797494,3,4
E01001358,Ealing 033E,Ealing,18.87199673435715,18.908578986505375,11.448821918580856,23.754328124571536,4,5
E01001359,Ealing 026A,Ealing,8.025373750056726,7.389624330197508,5.211005739788749,14.32777215408226,2,3
E01001360,Ealing 026B,Ealing,14.383366516110662,14.228993016789062,6.887244202195008,21.90687528415198,3,4
E01001361,Ealing 023E,Ealing,15.56444890269122,17.348150318406105,3.79879436110923,23.381556276609604,4,5
E01001362,Ealing 026C,Ealing,12.06305213792556,13.123854885252646,3.64409068234338,22.8214575827292,3,4
E01001363,Ealing 026D,Ealing,7.148094376317647,6.874754145560974,5.034385543973285,10.515625766388316,2,3
E01001364,Ealing 026E,Ealing,5.032766804139866,4.745969630492972,0.0,13.074878773679751,2,3
E01001365,Ealing 026F,Ealing,2.394892658367323,0.0,0.0,9.203950673650429,1a,1
E01001366,Ealing 044C,Ealing,4.982559673962529,5.536544211504702,0.0,6.945188537653094,1b,2
E01001367,Ealing 043B,Ealing,13.880879231177031,14.053098111028993,7.893788804229819,18.255662747091495,3,4
E01001368,Ealing 044D,Ealing,6.505349055615655,7.212372737365108,0.0,9.226105668302973,2,3
E01001369,Ealing 038D,Hounslow,8.891202239032694,8.894390792349805,3.60326192006107,14.749718569153703,2,3
E01001370,Ealing 044A,Hounslow,3.878538531528289,4.646376109427997,0.0,8.895252112002064,1b,2
E01001371,Ealing 044B,Hounslow,7.049246415580964,7.296445286522411,2.786793937693168,10.54510359744425,2,3
E01001372,Ealing 043C,Hounslow,6.880691319559191,7.203827037837945,0.0,9.010440122939167,2,3
E01001373,Ealing 043A,Ealing,9.17867596742236,7.951853945173311,4.009481619845167,14.77303780383764,2,3
E01001374,Ealing 040A,Ealing,11.212125013325856,11.304560720216164,10.085041527833868,12.961170038357448,3,4
E01001375,Ealing 034A,Hounslow,9.674149314303834,10.031014219222406,5.554914813135929,12.140066508505052,2,3
E01001376,Ealing 040B,Ealing,9.311358393702662,10.572492288542623,4.636302495505268,13.3130400525029,2,3
E01001377,Ealing 034B,Hounslow,12.429291914275288,11.93248158469035,9.446878928612264,18.600110018835345,3,4
E01001379,Ealing 034C,Ealing,8.112799543852422,8.22211563160759,4.227094370152498,10.866042152081407,2,3
E01001380,Ealing 040C,Hounslow,14.829743236949724,14.033483739548364,10.284995800407644,23.052158557072865,3,4
E01001381,Ealing 034D,Hounslow,12.058012041928654,12.563960270566405,6.09820401571161,16.488448956197146,3,4
E01001382,Ealing 032B,Ealing,9.53481447493684,9.88788663830195,3.769394370162766,11.5324077362958,2,3
E01001383,Ealing 028D,Ealing,8.15479319969384,8.438372852518407,5.492830864536121,9.654248867132768,2,3
E01001384,Ealing 032C,Ealing,11.356255600125724,11.178780408390551,8.98234029620394,14.869899300790522,3,4
E01001385,Ealing 032D,Ealing,12.321932869076706,12.174749567108172,11.175089712138275,14.03505981402397,3,4
E01001386,Ealing 031F,Ealing,11.77511680057793,9.944302616511294,0.0,25.49521223795728,3,4
E01001387,Ealing 032E,Ealing,16.663671273108278,14.351650914954249,3.330607099903014,36.82238646016887,4,5
E01001388,Ealing 028E,Ealing,17.021734992630673,17.39432530556155,8.900255463149646,27.99239766409572,4,5
E01001389,Ealing 028F,Ealing,14.411391141081475,15.220424332363832,8.297795170320589,19.820453535441636,3,4
E01001390,Enfield 036A,Haringey,21.765173019453865,22.227429563574606,17.836474715604503,24.854528223666193,5,6
E01001391,Enfield 036B,Haringey,13.028223474098246,13.221419965047382,8.258120274273628,16.712063134622706,3,4
E01001392,Enfield 032A,Haringey,17.276188251044807,17.035884519968043,12.611321108382302,22.268821370649423,4,5
E01001393,Enfield 036C,Haringey,18.78980979787417,20.296135883702096,8.944355226212386,24.240372207241435,4,5
E01001394,Enfield 035A,Haringey,11.12854992216675,11.770025362483787,3.166605023064216,16.76847439480832,3,4
E01001395,Enfield 035B,Haringey,3.913897313640176,2.927494692656382,2.138659923519596,7.718651767210301,1b,2
E01001396,Enfield 036D,Haringey,11.889461680811266,12.303136594553443,7.41265516863708,17.666683670652663,3,4
E01001397,Enfield 035C,Enfield,7.938528980050554,6.558687280903583,2.315957032510792,15.561871146318293,2,3
E01001398,Enfield 021A,Enfield,7.494093143943633,7.793916768239267,5.17295035570834,9.564875383049142,2,3
E01001399,Enfield 021B,Enfield,6.844094228699962,6.865259446430719,5.2714099426878,8.06208108028647,2,3
E01001400,Enfield 021C,Enfield,6.882891380448283,6.739162667979258,5.169054445639247,10.575227438708,2,3
E01001401,Enfield 016A,Enfield,8.081107848217087,8.344214131814303,5.424079144946347,9.707030885454532,2,3
E01001402,Enfield 021D,Enfield,6.092306257919193,5.773562004804211,3.853749916649289,9.141429523766368,2,3
E01001403,Enfield 021E,Enfield,5.732966315135259,5.717511583381407,2.867051595420265,8.839196580700744,2,3
E01001404,Enfield 026A,Enfield,3.376951159905636,3.851367033174141,0.0,6.81115349017139,1b,2
E01001405,Enfield 015A,Enfield,7.388121600672314,7.240603367480438,4.655099901162254,16.12873168646355,2,3
E01001406,Enfield 015B,Enfield,7.517669026725462,6.875627225329174,5.584735207353212,9.998939594141095,2,3
E01001407,Enfield 005A,Enfield,1.203601551417442,0.0,0.0,4.98242999087092,1a,1
E01001408,Enfield 004A,Enfield,7.437629844728475,7.332274343840168,4.630016982096494,9.913141317251542,2,3
E01001409,Enfield 005B,Enfield,4.396487080133665,4.145390399702018,2.628920152766617,6.139565911235908,1b,2
E01001410,Enfield 005C,Enfield,3.647147741326159,3.713796519702504,2.495953019582044,4.632545542260961,1b,2
E01001411,Enfield 004B,Enfield,5.388700564149922,5.200425438275095,4.342621167338216,8.849797811021617,2,3
E01001412,Enfield 004C,Enfield,0.782784600426351,0.0,0.0,6.82278185851863,1a,1
E01001413,Enfield 004D,Enfield,3.241086768565705,3.401664130765012,1.210860660944465,6.645118937707543,1b,2
E01001414,Enfield 004E,Enfield,3.688801278567798,3.927910425289122,0.0,8.932662324382095,1b,2
E01001415,Enfield 011A,Enfield,8.053643531156876,9.707979818950218,0.0,15.920159465116328,2,3
E01001416,Enfield 013A,Enfield,6.985177326057579,8.774969887436686,1.324177062892218,14.92011483666505,2,3
E01001417,Enfield 011B,Enfield,1.080857015163027,0.0,0.0,10.457956195588007,1a,1
E01001418,Enfield 011C,Enfield,9.861815140420775,10.361220174460772,5.09535405641105,15.591629511794077,2,3
E01001419,Enfield 020A,Enfield,12.08166321085562,12.133874330950894,3.707371799556451,19.642902350834447,3,4
E01001420,Enfield 020B,Enfield,5.813123755211794,4.741549643064177,1.698526301527721,12.937925006970012,2,3
E01001421,Enfield 020C,Enfield,6.098292025285885,5.468757657451038,2.027706465925993,14.06967158133492,2,3
E01001422,Enfield 011D,Enfield,1.104016295762951,1.666674412756521,0.0,3.251098306277905,1a,1
E01001423,Enfield 027A,Enfield,11.93440067995852,15.71762577426837,2.686974417804834,20.0647686897581,3,4
E01001424,Enfield 030A,Enfield,20.550375462984828,20.84383091344261,17.36886232930511,25.32408165327955,5,6
E01001425,Enfield 027B,Enfield,17.699459478069663,18.19605871350244,2.786951047178679,25.831323059870744,4,5
E01001426,Enfield 030B,Enfield,8.71478570922489,5.166874551425662,2.401507636220614,20.10018927733232,2,3
E01001427,Enfield 030C,Waltham Forest,3.315158373768895,2.536212137633518,0.0,12.274771259047975,1b,2
E01001428,Enfield 027C,Enfield,8.418123342428446,5.327683731755123,2.471738520379403,18.159224058571198,2,3
E01001429,Enfield 030D,Enfield,22.01357194762201,22.98829570060726,2.341466157927878,29.46661820643628,5,6
E01001430,Enfield 030E,Enfield,19.545835962784324,19.130337690060028,15.51007027381551,22.065687755620857,4,5
E01001431,Enfield 033A,Enfield,6.517185496286827,5.268294346893665,2.122138744519278,15.546368257123769,2,3
E01001432,Enfield 033B,Enfield,17.47455173583998,18.346390262627448,7.120219375045778,26.683483354233605,4,5
E01001433,Enfield 007A,Enfield,4.768458498842516,5.081872344299994,2.019529998774919,7.207420521026397,1b,2
E01001434,Enfield 007B,Enfield,3.654938944605917,3.052561815502158,2.223385116890068,6.762415141281972,1b,2
E01001435,Enfield 007C,Enfield,5.553717929192398,5.45557030544205,2.719239453425904,7.574420857124714,2,3
E01001436,Enfield 007D,Enfield,4.852155718260754,4.972622741261655,0.0,7.485870141252967,1b,2
E01001437,Enfield 014A,Enfield,1.934493849325919,0.0,0.0,8.282613850617714,1a,1
E01001438,Enfield 007E,Enfield,6.558202304561401,6.81423840446713,4.01532774426199,9.082131138606847,2,3
E01001439,Enfield 006A,Enfield,8.302571099671162,8.28458574555534,6.175164555382978,10.100117371818293,2,3
E01001440,Enfield 012A,Enfield,8.235263481664424,7.694773758385464,0.0,15.863762901255896,2,3
E01001441,Enfield 006B,Enfield,6.295080483854695,6.49869890563078,3.126710520091169,9.032579144953145,2,3
E01001442,Enfield 002A,Enfield,8.326783888524583,8.048525634354034,5.492870044317089,11.203467128846013,2,3
E01001444,Enfield 001A,Enfield,6.282137704623678,6.442719251965611,0.0,12.96390002079344,2,3
E01001445,Enfield 003B,Enfield,2.662457140940334,2.336371231334152,0.0,7.724006433654623,1b,2
E01001446,Enfield 001B,Enfield,8.190117964905497,7.943377947102094,6.732332924511022,12.133784915223524,2,3
E01001447,Enfield 003C,Enfield,6.249676565122708,6.458032657845006,4.864464224699176,7.940929707493971,2,3
E01001448,Enfield 003D,Enfield,7.062823260702904,7.364766280382371,5.304192575010671,8.373822828050246,2,3
E01001449,Enfield 003E,Enfield,5.648010001410042,5.962527657944456,2.851204196041334,7.442195481244529,2,3
E01001450,Enfield 015C,Enfield,15.97652280926088,18.103537830168392,4.4715431833472,25.92990218923949,4,5
E01001451,Enfield 017A,Enfield,8.622454888883079,6.038191847109603,0.0,22.370747027534936,2,3
E01001452,Enfield 017B,Enfield,2.757011742576155,3.394611826269783,0.0,7.367678304778998,1b,2
E01001453,Enfield 017C,Enfield,4.568718478037797,4.872277227983564,0.0,7.926903061534665,1b,2
E01001454,Enfield 017D,Enfield,6.427522868137252,6.488820774434847,4.093621090588037,8.296789546587963,2,3
E01001455,Enfield 021F,Enfield,5.183292401917894,5.028187316060929,3.644137564225648,7.960492883173069,2,3
E01001456,Enfield 022A,Enfield,6.72181565627046,6.702558607662578,5.546048673628622,8.48206272060324,2,3
E01001457,Enfield 010A,Enfield,12.721004466296806,11.384532128287358,2.180338032427901,22.01412633916244,3,4
E01001458,Enfield 037A,Enfield,14.047953223919686,14.455814819553106,9.8482357938062,18.29267666047956,3,4
E01001459,Enfield 024A,Enfield,4.69450621422143,4.8947231338111,0.0,8.171724185006058,1b,2
E01001460,Enfield 024B,Enfield,16.60408931758673,18.118532387132568,6.638460823823486,23.560561270268806,4,5
E01001461,Enfield 027D,Enfield,5.773409694408268,5.767344866426592,0.0,10.341786576451842,2,3
E01001462,Enfield 024C,Enfield,6.598789647478863,5.843705969130445,2.186447120467944,16.16944416351474,2,3
E01001463,Enfield 031A,Enfield,5.557474378305166,5.07244317177466,4.237773009665559,9.123820830209596,2,3
E01001464,Enfield 027E,Enfield,4.799613094527622,4.732963862184518,2.58610176331922,9.233394571676062,1b,2
E01001465,Enfield 031B,Enfield,9.539420040569809,9.639972027077905,3.91272600062229,13.658069188589376,2,3
E01001466,Enfield 031C,Enfield,10.524374650488411,9.82721239669698,9.463360175537202,13.220624349443405,3,4
E01001467,Enfield 031D,Enfield,9.569339636665228,9.158814292422718,6.983190405680295,14.283793895528762,2,3
E01001468,Enfield 010B,Enfield,4.182978298113257,4.615374966106948,0.0,9.588678951829456,1b,2
E01001469,Enfield 008A,Enfield,6.855843370016697,7.077255292199228,4.45489105073708,9.54043876799506,2,3
E01001470,Enfield 013B,Enfield,2.384210208360305,0.0,0.0,11.93653539552786,1a,1
E01001471,Enfield 010C,Enfield,4.154750258038648,4.43060982184484,0.0,8.00219473438126,1b,2
E01001472,Enfield 010D,Enfield,9.612988550085714,10.202504449739482,3.662372005380125,19.233277329645333,2,3
E01001473,Enfield 013C,Enfield,3.979071095927047,3.995953246275621,0.0,10.576008663149471,1b,2
E01001474,Enfield 010E,Enfield,7.599433073548052,8.017350770650596,1.781233181948298,12.886075975416691,2,3
E01001475,Enfield 013D,Enfield,6.48385466001334,4.525395067898629,2.551193874585691,13.65795610579276,2,3
E01001476,Enfield 018A,Enfield,7.30965570737902,7.321909205451131,5.524390660830949,9.06205059770765,2,3
E01001477,Enfield 018B,Waltham Forest,1.988717874719747,1.623723171443418,0.0,10.03175350071257,1a,1
E01001478,Enfield 016B,Enfield,4.40194435422932,3.942230072403257,1.788625907583058,10.014480271221338,1b,2
E01001479,Enfield 023A,Enfield,6.660012377800112,6.055057258592861,4.013925053990433,12.236050623670184,2,3
E01001480,Enfield 024D,Enfield,5.324330695076011,5.886138572397615,1.731476510660811,7.197694005571389,2,3
E01001481,Enfield 018C,Enfield,3.968533509833636,3.086476012767267,2.288936432191966,7.412211077684574,1b,2
E01001482,Enfield 023B,Enfield,5.111610405495858,4.56335479577659,2.979810680149285,8.582236850526607,2,3
E01001483,Enfield 025A,Waltham Forest,1.23137468888427,0.0,0.0,4.688704947740203,1a,1
E01001484,Enfield 016C,Enfield,4.537890365291744,4.828670533008047,1.41442615847223,7.080895405847705,1b,2
E01001485,Enfield 025B,Enfield,19.933341272652356,20.17320842621404,12.20060816921186,26.513765879221843,4,5
E01001486,Enfield 025C,Enfield,7.066147172560179,6.052538750132464,0.0,18.15058503787217,2,3
E01001487,Enfield 023C,Enfield,10.766916096238372,10.22501686986058,5.803162875337557,15.488890204602896,3,4
E01001488,Enfield 024E,Enfield,8.596011214457226,6.720936956332874,2.981083034146614,17.67599157087712,2,3
E01001489,Enfield 023D,Enfield,7.02682066123214,5.50358430868556,3.808158660579093,14.806660013201936,2,3
E01001491,Enfield 023E,Enfield,16.807820399097483,16.936798818745864,11.581412301810117,23.08984744465423,4,5
E01001492,Enfield 025E,Enfield,8.822782325217423,9.006805592851288,5.443995219718802,13.008894256319104,2,3
E01001493,Enfield 026B,Enfield,3.318083619841512,3.272575063869427,0.0,6.157433209473592,1b,2
E01001494,Enfield 026C,Enfield,4.038768530402816,3.389561657513334,2.833148720322987,8.624161116978037,1b,2
E01001495,Enfield 029A,Enfield,5.753775224425891,5.346702523565979,3.921335510261317,9.7078867694833,2,3
E01001496,Enfield 026D,Enfield,4.23695795491603,3.880246607856863,0.0,6.9015960782855,1b,2
E01001497,Enfield 031E,Enfield,6.042047555320205,5.039060590988681,3.212426891117348,9.800273578748138,2,3
E01001498,Enfield 029B,Enfield,8.456532032279158,8.453303340238957,3.625971737581194,10.387454035843666,2,3
E01001499,Enfield 031F,Enfield,8.830569838371497,9.559492706568552,5.196438428073867,15.128405168006148,2,3
E01001500,Enfield 035D,Enfield,7.925180971458463,7.516482550213423,3.45370893891725,13.174871476391028,2,3
E01001501,Enfield 036E,Enfield,11.37803228457148,11.354007945621593,6.347073196218652,17.283791553786894,3,4
E01001502,Enfield 018D,Enfield,6.424629521234663,6.385486088849419,1.080187876222667,11.54685737459066,2,3
E01001503,Enfield 018E,Enfield,6.794782249724713,7.131560868052986,2.253256430755495,9.643656046128443,2,3
E01001504,Enfield 012B,Enfield,8.412429203144546,7.553205815298582,3.846451947320597,13.889554599041944,2,3
E01001505,Enfield 012C,Enfield,14.398986089471643,14.148531973174231,9.636099834169482,17.978969814126526,3,4
E01001507,Enfield 012D,Enfield,12.742331503781145,13.029540453304712,5.201766519658154,17.880188964561157,3,4
E01001508,Enfield 012E,Enfield,10.450228690209569,9.445943889784097,7.57959822796818,15.540211545768036,3,4
E01001509,Enfield 014C,Enfield,7.966017373093613,7.52933715985478,5.452032527300165,13.613192392257794,2,3
E01001511,Enfield 016D,Enfield,10.670938079002235,11.8757105456773,3.442331597779736,18.27328235812193,3,4
E01001512,Enfield 015D,Enfield,14.014596612182274,12.179034645054118,8.09531010958836,23.902151536778742,3,4
E01001513,Enfield 012F,Enfield,7.694700879944398,7.276827177846645,0.0,15.253556892109112,2,3
E01001514,Enfield 016E,Enfield,6.969147737332404,5.863553012454902,5.193919239297019,11.489706677178845,2,3
E01001515,Enfield 015E,Enfield,9.040241924431136,7.863262813229936,6.663845692284529,13.567734054039349,2,3
E01001516,Enfield 005D,Enfield,4.822162510848317,4.861974239906351,2.393563114800074,6.497377207236978,1b,2
E01001517,Enfield 006C,Enfield,6.532244329291427,6.517347998298558,2.849124650363487,9.252361675872088,2,3
E01001518,Enfield 016F,Enfield,8.611454243942113,9.172391623101015,0.0,17.560271210688917,2,3
E01001520,Enfield 019A,Enfield,12.90804215124112,15.104717161747793,0.0,18.679829774114847,3,4
E01001521,Enfield 028A,Enfield,11.291774787792273,12.33656176791229,0.0,20.813508071301804,3,4
E01001522,Enfield 019B,Enfield,4.296281618195568,4.7482349867653,3.01975058231477,5.796123017393864,1b,2
E01001523,Enfield 019C,Enfield,2.810931511893248,2.819888333043667,0.0,6.091540133698047,1b,2
E01001524,Enfield 019D,Enfield,8.223441069553461,9.131393910802007,2.048782611015945,15.611378201821864,2,3
E01001525,Enfield 020E,Enfield,9.884854535717029,10.261647971949127,3.527601067841442,16.20422453453178,2,3
E01001526,Enfield 019E,Enfield,3.869995659602613,2.955134824236991,0.0,9.672688633566205,1b,2
E01001527,Enfield 036F,Enfield,9.603015001084405,8.784344811112938,5.758095548324231,19.040186773629095,2,3
E01001528,Enfield 032B,Haringey,19.91540466820954,22.95727777702609,6.633162864326907,26.004255110095833,4,5
E01001529,Enfield 032C,Enfield,25.575982807689105,25.16142388974452,22.731966662905077,28.96408996417675,6a,7
E01001530,Enfield 032D,Enfield,19.972297630848026,20.648070153977976,14.42401388763373,26.389684163962137,4,5
E01001531,Enfield 028B,Enfield,4.255785395505264,4.718958357655444,0.0,11.190698360354652,1b,2
E01001532,Enfield 028C,Enfield,6.781145463743508,6.51647024815216,0.0,14.507786379646808,2,3
E01001533,Enfield 028D,Enfield,9.390827786459376,6.358109351507784,3.488687628320619,19.86967346348382,2,3
E01001534,Enfield 032E,Enfield,18.369914096760542,20.18331509471558,2.943242744840943,34.47808235180476,4,5
E01001535,Enfield 028E,Enfield,14.089743149794655,14.825961433584718,4.543725331479557,28.263996929270142,3,4
E01001536,Enfield 008B,Enfield,15.798428264123563,16.597281938571978,5.846239590946363,22.976787997832385,4,5
E01001537,Enfield 005E,Enfield,3.924465227339133,3.768030924110962,2.045292319579453,5.587789984160922,1b,2
E01001538,Enfield 009A,Enfield,3.225442850131161,3.161980179618658,1.214384317476175,5.416886011680576,1b,2
E01001539,Enfield 009B,Enfield,4.492758100717115,4.617449556753172,3.019290762161761,6.135207449152366,1b,2
E01001540,Enfield 008C,Enfield,7.721627389564715,7.847722344458989,6.237836313710238,9.733261253080329,2,3
E01001541,Enfield 008D,Enfield,6.952834892492121,7.589731225468407,3.955566624106817,9.780998683187075,2,3
E01001542,Enfield 008E,Enfield,6.635459022272517,6.341021741313419,3.282326060506794,12.696944684983084,2,3
E01001543,Enfield 009C,Enfield,4.756052706319835,2.972379303190281,1.209596553675773,12.84824036315706,1b,2
E01001544,Enfield 009D,Enfield,14.117993339407372,15.847082558821448,3.033057907902552,21.97696362481023,3,4
E01001545,Enfield 002B,Enfield,4.345481695780151,5.00251818209734,0.0,6.108168365979198,1b,2
E01001546,Enfield 001C,Enfield,4.924024486990167,5.436794783457653,0.0,7.31225990546235,1b,2
E01001547,Enfield 002C,Enfield,7.596216738037475,7.149086815913437,5.256394047240615,11.448638026788572,2,3
E01001548,Enfield 002D,Enfield,5.52500715609998,5.870870311856747,2.618613096736548,8.04428833151406,2,3
E01001549,Enfield 006D,Enfield,4.679156605889558,5.028608149001849,0.0,8.244130865680376,1b,2
E01001550,Enfield 006E,Enfield,5.182522095092442,5.309440938287348,2.920891216386146,8.1390014470784,2,3
E01001551,Enfield 002E,Enfield,4.023800301352135,4.090313453434563,2.680554567552093,6.735546580095828,1b,2
E01001552,Enfield 001D,Enfield,7.556383476142114,7.386108629322709,3.561563942701657,12.935241864339355,2,3
E01001553,Enfield 037B,Haringey,7.709358721765326,7.426634615352098,5.027070665488219,11.332228712543014,2,3
E01001554,Enfield 037C,Haringey,16.38409205096951,17.6856721101215,7.172485443108746,21.558080069169815,4,5
E01001555,Enfield 033C,Haringey,14.280113160620829,13.831933556618653,6.517078853846758,24.040836698176456,3,4
E01001556,Enfield 035E,Enfield,7.592911405562724,6.834223910763454,2.30904116223977,12.606147934878363,2,3
E01001557,Enfield 033D,Haringey,2.829004230329845,2.039841295312818,0.0,7.69429704476278,1b,2
E01001558,Enfield 033E,Enfield,19.40672946038384,20.50085557608116,11.473986951701994,22.343477969063457,4,5
E01001559,Enfield 033F,Waltham Forest,5.237589230202165,5.673600370381874,0.0,19.52003213341242,2,3
E01001560,Enfield 035F,Enfield,10.390293509900086,10.929804719965352,5.627818841358396,15.888720705014183,3,4
E01001562,Enfield 037D,Enfield,7.700547614015276,6.576514466637469,4.407969742125495,12.8573248758553,2,3
E01001563,Enfield 029C,Enfield,5.61652609394265,5.328691942115492,3.537826957946057,9.5904572253218,2,3
E01001564,Enfield 022B,Enfield,6.737219587608548,6.786617274931604,2.959520204075423,9.713623167096303,2,3
E01001565,Enfield 029D,Enfield,4.434472212341626,5.837124804660158,0.0,7.665083252445147,1b,2
E01001566,Enfield 029E,Enfield,7.457646864467593,7.212176552464545,5.584787610096762,9.9968656398225,2,3
E01001567,Enfield 022C,Enfield,5.971071690678679,6.020333047979047,4.31524158935103,7.642092820128442,2,3
E01001568,Enfield 022D,Enfield,2.237783812335839,1.265723009062953,0.0,7.87234372449301,1a,1
E01001569,Enfield 022E,Enfield,7.636579219075125,8.338494575280045,2.236082474537804,9.89973573616853,2,3
E01001570,Enfield 026E,Enfield,4.708205683602651,4.304074807467988,0.0,8.436415752496357,1b,2
E01001571,Greenwich 008A,Greenwich,8.968965530854394,6.28715237930609,5.097342617362663,19.1687926881488,2,3
E01001572,Greenwich 008B,Greenwich,17.669831374628245,18.64246492638953,3.488275891963879,23.819653992118997,4,5
E01001573,Greenwich 008C,Greenwich,8.28235780964057,7.652858884118828,6.339141059592334,10.99227764119988,2,3
E01001574,Greenwich 008D,Greenwich,5.04808884540202,4.492379512383463,0.0,20.67620822394321,2,3
E01001575,Greenwich 003A,Greenwich,14.462087441993264,11.388452381801208,2.116015705053137,25.058543251929127,3,4
E01001576,Greenwich 003B,Greenwich,5.178922956566693,4.600227420856983,3.743741404705543,20.16753100528016,2,3
E01001577,Greenwich 003C,Greenwich,17.865437104455633,18.458733730079853,4.955379791248308,28.532072983475423,4,5
E01001578,Greenwich 003D,Greenwich,18.542789547682062,19.30050882615033,5.364825232701228,27.34498944646801,4,5
E01001579,Greenwich 003E,Greenwich,4.988090752733941,4.860234786656851,3.20549415976215,8.064665223056563,1b,2
E01001580,Greenwich 021A,Lewisham,15.33708721716186,15.09360220039384,9.142484216942943,21.49192744002892,4,5
E01001581,Greenwich 016A,Greenwich,17.43663289205842,17.461446923464536,12.212628004790076,20.37738653722488,4,5
E01001582,Greenwich 021B,Greenwich,6.302495455534796,7.184280923756693,0.0,12.069710780698468,2,3
E01001583,Greenwich 021C,Greenwich,9.932521865679703,9.605046039206876,3.164047074403321,17.87604426123378,2,3
E01001584,Greenwich 021D,Lewisham,5.87587671669392,3.952417866388047,0.0,16.124484778671015,2,3
E01001585,Greenwich 016B,Greenwich,11.431909996256556,11.94424835021143,4.827592718919383,19.0768605541524,3,4
E01001586,Greenwich 016C,Greenwich,13.60586472425624,14.799112690062575,7.722390672364628,18.09180935592586,3,4
E01001587,Greenwich 016D,Greenwich,8.662531180869072,9.230843033149611,4.780223164487086,15.187821810662792,2,3
E01001588,Greenwich 012A,Greenwich,9.16926686014763,9.11631351802098,0.0,15.64869765103754,2,3
E01001589,Greenwich 012B,Greenwich,13.045712682629048,12.490858005027045,10.316455491366268,16.131661442788683,3,4
E01001590,Greenwich 014A,Greenwich,14.0855107713482,13.766590026700172,9.389751043555444,18.60521637812105,3,4
E01001591,Greenwich 012C,Greenwich,13.094246767586478,12.79660556495587,8.621539286623795,17.55085416367173,3,4
E01001592,Greenwich 014B,Greenwich,12.568630183683895,13.478632595739604,6.352454299856803,16.882335827116,3,4
E01001593,Greenwich 014C,Greenwich,13.45144186925787,14.441861190180678,2.041687658611796,18.345720982284064,3,4
E01001594,Greenwich 014D,Greenwich,11.13438471014302,12.044933724351178,6.325499358726337,14.078153363859386,3,4
E01001595,Greenwich 012D,Greenwich,9.736845880335476,9.227564098962482,6.204374310861922,14.449469667044935,2,3
E01001596,Greenwich 032A,Greenwich,4.640277718972908,4.04502144566384,2.848036364103174,7.839516232783243,1b,2
E01001597,Greenwich 031A,Greenwich,8.566783659103683,8.459197241426335,5.552190874421161,11.513967251098492,2,3
E01001598,Greenwich 031B,Greenwich,6.451783410368705,7.580482030235935,1.923260822086707,10.92947608523046,2,3
E01001599,Greenwich 032B,Greenwich,6.403490607188231,5.960924335425692,2.83842940908779,10.694424819415286,2,3
E01001600,Greenwich 032C,Greenwich,10.752918183360633,10.819225968335369,5.183675933765918,14.444096506499996,3,4
E01001601,Greenwich 032D,Greenwich,8.15320188103328,9.38246740985432,1.781148929573415,14.571954491310636,2,3
E01001602,Greenwich 031C,Greenwich,5.943282592088356,6.67180025313865,2.303515364675441,9.983378768390182,2,3
E01001603,Greenwich 031D,Greenwich,6.954777285930758,7.097872492575608,4.433881181940998,8.091726398337743,2,3
E01001604,Greenwich 027A,Greenwich,13.993959274889766,13.019279814186651,5.805102104721334,23.5371893539264,3,4
E01001605,Greenwich 023A,Greenwich,4.460476583278322,4.861818028169345,0.0,8.448182636619574,1b,2
E01001606,Greenwich 023B,Greenwich,2.961919539531875,2.438014693733132,1.935819533271516,5.786056227343911,1b,2
E01001607,Greenwich 027B,Greenwich,9.40882140048934,9.729491965640683,5.228796414310874,14.3753823298262,2,3
E01001608,Greenwich 027C,Greenwich,7.885043178900737,6.031059744730003,0.0,18.248470755731752,2,3
E01001609,Greenwich 027D,Greenwich,18.806788625257035,19.23899371318932,11.938400499958236,23.74884183349739,4,5
E01001610,Greenwich 023C,Greenwich,3.521158130244748,3.611476793406491,1.818690311423262,7.865379088377614,1b,2
E01001611,Greenwich 023D,Greenwich,5.393487543611987,4.640365173275836,2.373302544958719,9.67833916842995,2,3
E01001613,Greenwich 028A,Greenwich,10.516998105162614,11.868458254321068,0.0,18.435554602113378,3,4
E01001614,Greenwich 028B,Greenwich,5.691213208348469,5.896456809023088,0.0,10.285766351525725,2,3
E01001615,Greenwich 028C,Greenwich,10.468144351568272,8.685428162032444,2.003169259654461,22.910615439438367,3,4
E01001617,Greenwich 028D,Greenwich,8.723494772598901,8.809798142127201,0.0,15.949402505468344,2,3
E01001618,Greenwich 030C,Greenwich,5.805824154150013,5.20963128720988,2.640849165499259,11.662233459237031,2,3
E01001619,Greenwich 030D,Greenwich,10.240573610442992,11.248706964751728,2.485709346934867,13.45323820393564,3,4
E01001620,Greenwich 025A,Greenwich,8.867820263027552,8.811482632888927,2.576276692464465,16.764699993985772,2,3
E01001621,Greenwich 025B,Greenwich,14.64683475472197,14.233223133973038,8.433189778029893,22.113440115202845,3,4
E01001623,Greenwich 025C,Greenwich,8.941227408426819,9.717266671377365,4.230418070162187,11.298716056116245,2,3
E01001624,Greenwich 025D,Greenwich,7.054493115414168,6.307167243344088,3.850104508743619,11.148444732971164,2,3
E01001625,Greenwich 025E,Greenwich,7.597378569116805,7.204195691316032,4.756966458970882,11.978786449475813,2,3
E01001629,Greenwich 009A,Greenwich,37.100647083749,37.63099408199079,24.440637349894324,45.991684705159344,6a,7
E01001631,Greenwich 007B,Greenwich,25.93892051236392,26.055637868807267,20.11523053491508,33.67614185071788,6a,7
E01001632,Greenwich 007C,Greenwich,18.500085164774728,17.012513178288387,10.244818532922658,25.216274430385536,4,5
E01001633,Greenwich 009B,Greenwich,11.178539444198217,7.845497155749066,5.231354864736992,21.080942106887782,3,4
E01001634,Greenwich 009C,Greenwich,17.094307492080144,17.545124740653723,5.982429502980906,32.3239812251571,4,5
E01001635,Greenwich 007D,Greenwich,7.450554472316497,6.734481685786122,2.528826541451032,15.624157833412252,2,3
E01001636,Greenwich 007E,Greenwich,9.468050882457062,10.190049675555812,3.569450060204066,16.201557407461664,2,3
E01001637,Greenwich 009D,Greenwich,8.001099636643952,8.392019822011823,5.461189715519797,10.611680235786672,2,3
E01001638,Greenwich 038A,Lewisham,25.52824476805168,26.66231263334162,20.815305160091544,31.14943637648059,6a,7
E01001641,Greenwich 038B,Greenwich,20.327518567105965,19.579946826911247,15.780705741759832,26.71542132515116,5,6
E01001642,Greenwich 038C,Lewisham,9.189118463820812,8.723486903005465,0.0,19.822409687425328,2,3
E01001644,Greenwich 038D,Lewisham,21.3775700457245,19.888021040002887,16.857018675676766,32.282355226993104,5,6
E01001645,Greenwich 022A,Greenwich,4.584478181439793,4.242405152859307,2.04803647987574,11.865269888525932,1b,2
E01001646,Greenwich 019A,Greenwich,10.190211858286425,9.42346012846914,7.87273806049952,14.066899876029074,3,4
E01001647,Greenwich 022B,Greenwich,7.52780081933966,7.606161934186474,4.696651463800563,11.970122441590997,2,3
E01001648,Greenwich 022C,Greenwich,4.512512835336336,3.448790948986226,0.0,10.012683403822216,1b,2
E01001649,Greenwich 022D,Greenwich,2.783334045960213,3.210839343362163,0.0,5.491890709238169,1b,2
E01001650,Greenwich 019B,Greenwich,7.028651244010189,7.267771046760984,3.95476357636622,11.715103735244956,2,3
E01001651,Greenwich 019C,Greenwich,5.682338198306021,4.924741280335541,0.0,11.246167984909226,2,3
E01001652,Greenwich 019D,Greenwich,7.647017061954902,6.936670909654794,1.995922566129625,16.53366584114251,2,3
E01001653,Greenwich 029A,Greenwich,3.236294565370076,3.317616860933084,1.733256171506641,4.960608877095718,1b,2
E01001654,Greenwich 029B,Lewisham,2.497627392932535,2.810447529262039,1.74746390355256,3.159337595710765,1a,1
E01001655,Greenwich 029C,Greenwich,5.855647364231218,4.719309237837042,1.573716286197353,19.473732638146075,2,3
E01001656,Greenwich 034A,Greenwich,4.54528019525925,3.950930451669687,0.0,11.352508491855536,1b,2
E01001657,Greenwich 034B,Lewisham,7.785649771490715,7.976459394537591,0.0,15.079428146905489,2,3
E01001658,Greenwich 034C,Greenwich,6.872805515112032,6.491774068203364,4.175848312293506,11.580314608094678,2,3
E01001659,Greenwich 034D,Lewisham,7.498034721877595,7.978747977094971,3.014227305995436,10.84256488462559,2,3
E01001660,Greenwich 029D,Greenwich,4.041234347922523,3.371798460906209,1.831359615549095,7.922530930457002,1b,2
E01001661,Greenwich 029E,Greenwich,6.321785596740797,6.916839041629196,3.239878113926147,12.387471608581269,2,3
E01001664,Greenwich 037B,Greenwich,14.427344128686872,13.84625015752106,11.00519188689224,18.62762661379039,3,4
E01001665,Greenwich 037C,Greenwich,16.268711535226977,16.368888814528468,8.999577835645578,22.140360811410655,4,5
E01001666,Greenwich 041G,Greenwich,11.971362722380348,13.259972544901313,0.0,17.220466705678774,3,4
E01001669,Greenwich 033A,Greenwich,5.377724828541858,4.831826234548716,0.0,10.723047340534428,2,3
E01001671,Greenwich 033B,Greenwich,4.740114137076707,4.833306560027852,2.464423018447767,7.05184051673503,1b,2
E01001672,Greenwich 006A,Greenwich,7.645691930703842,4.12200826712137,1.804235129415494,22.10959778083332,2,3
E01001673,Greenwich 006B,Greenwich,18.71240416458152,18.128125571945446,10.542220025339958,27.09001637262728,4,5
E01001674,Greenwich 006C,Greenwich,8.681339556975521,8.857872271277055,2.057964613599575,14.195167191657424,2,3
E01001675,Greenwich 006D,Greenwich,13.215484349475078,15.040157698500565,2.319113936434843,17.11117654587953,3,4
E01001676,Greenwich 033C,Greenwich,9.861951940228623,9.645505296401604,7.840292858955054,11.321222315769637,2,3
E01001677,Greenwich 006E,Greenwich,9.07457272713988,9.226241802023232,0.0,14.92646619377285,2,3
E01001678,Greenwich 017A,Greenwich,4.004013182100855,4.185833453547455,2.131599416807627,5.586955667956658,1b,2
E01001679,Greenwich 020A,Greenwich,4.959210879520588,4.484536815321194,1.985203531851553,9.53512063237622,1b,2
E01001680,Greenwich 020B,Greenwich,3.133996498262175,3.00527188508662,0.0,7.109841640938827,1b,2
E01001681,Greenwich 020C,Greenwich,5.672698510411473,5.774854542571074,4.515692627961091,6.786979109199948,2,3
E01001682,Greenwich 020D,Greenwich,5.064753149013293,5.124127277034899,0.0,12.141383243770072,2,3
E01001683,Greenwich 017B,Greenwich,6.350859856804504,6.228108804184577,5.000003879989915,7.93596176795636,2,3
E01001684,Greenwich 017C,Greenwich,3.683625914913038,3.607898997241277,0.0,8.156084651602232,1b,2
E01001685,Greenwich 017D,Greenwich,4.842131051725127,4.896565255510444,2.589100671776596,6.662801910068144,1b,2
E01001686,Greenwich 020E,Greenwich,4.705186934958233,4.608374157875259,3.592896422134857,7.254395527682905,1b,2
E01001687,Greenwich 002A,Greenwich,11.784801167373493,9.936026117500752,2.516244535222969,24.577902879530576,3,4
E01001688,Greenwich 002B,Greenwich,9.187223259651224,9.427057382740651,5.432755454674195,11.90403011096528,2,3
E01001690,Greenwich 001A,Greenwich,10.431094409878604,10.489279482067891,8.4289954875566,13.182423502413734,3,4
E01001692,Greenwich 001B,Greenwich,9.329809017833188,9.222633168214085,8.710427989993457,10.233659457531347,2,3
E01001693,Greenwich 001C,Greenwich,9.768188154741448,9.768015756517157,7.928862334106915,10.948573065828551,2,3
E01001694,Greenwich 001D,Greenwich,4.964337772470012,4.466345281694523,0.0,10.090258606779164,1b,2
E01001695,Greenwich 011A,Greenwich,32.49466461847858,34.99012259726159,15.248500534638373,41.297986352930806,6a,7
E01001696,Greenwich 011B,Greenwich,41.23975091319932,39.94194121047612,34.30569756611409,52.73985695224936,6b,8
E01001697,Greenwich 011C,Greenwich,19.427280577024195,12.508041558247488,8.385076127098696,38.58306121459161,4,5
E01001698,Greenwich 015A,Greenwich,7.578175924233229,7.378374230564503,3.457989701193602,11.474491225336331,2,3
E01001699,Greenwich 015B,Greenwich,13.730123349618149,11.74046134960151,3.169245610042981,37.97806960203729,3,4
E01001700,Greenwich 011D,Greenwich,10.862112215206023,9.624830070623265,7.07023223332344,20.185144369841407,3,4
E01001701,Greenwich 015C,Greenwich,9.680850105353882,10.25305023819782,0.0,15.70991125742627,2,3
E01001702,Greenwich 015D,Greenwich,7.453615334532944,7.634105795198671,3.527206939243542,9.749057085863775,2,3
E01001703,Greenwich 011E,Greenwich,7.668995207360645,7.20717400143749,6.560013706522509,11.31907308750468,2,3
E01001704,Greenwich 011F,Greenwich,7.568638085327918,7.156093618302833,5.45039653950125,10.455017141352414,2,3
E01001705,Greenwich 005A,Greenwich,16.230592907053175,15.65889157286556,10.795646229324277,30.346072843117877,4,5
E01001708,Greenwich 005C,Greenwich,11.089723358660995,11.388780940783915,7.44440091223455,15.026743652154607,3,4
E01001710,Greenwich 005D,Greenwich,14.943546489015706,15.149145280664792,12.221805754641798,17.88903859592784,3,4
E01001712,Greenwich 042A,Greenwich,16.851544952665584,16.49717595969649,11.795544834602572,25.983404738260724,4,5
E01001714,Hackney 002A,Hackney,19.385936292875023,24.1220038503273,0.0,36.42104622340094,4,5
E01001715,Hackney 007A,Hackney,30.464309941844327,30.596190185942348,23.53073446685348,35.20162843545156,6a,7
E01001716,Hackney 007B,Hackney,34.17325294564886,36.62653894687881,4.995666647426233,44.514563862270464,6a,7
E01001717,Hackney 007C,Hackney,14.682132097579856,15.080463105907851,5.541430560728167,24.081361812724367,3,4
E01001718,Hackney 007D,Hackney,39.47166557048685,36.10896487864908,27.63685052034932,53.136871718578256,6a,7
E01001719,Hackney 007E,Hackney,13.29044913715892,11.176446208396566,9.959275228623866,19.68370354041715,3,4
E01001720,Hackney 007F,Islington,26.043256999542823,27.915735904329235,11.397071368133524,37.21669801093462,6a,7
E01001722,Hackney 029A,Hackney,12.14819224726054,11.639172793423226,8.89588990048089,17.958147223656805,3,4
E01001723,Hackney 006A,Hackney,16.989532359828587,17.02720219541998,15.332004139628154,20.096279604742595,4,5
E01001724,Hackney 006B,Hackney,18.552354231865856,18.835670826577488,16.391350486914277,20.36434335258988,4,5
E01001725,Hackney 004A,Hackney,15.154359840515635,15.117400616166089,11.768614057758787,17.27961645215775,4,5
E01001726,Hackney 004B,Hackney,19.28275935465622,19.02378596156781,18.134348723108925,20.94911677238032,4,5
E01001727,Hackney 006C,Hackney,10.334754113295013,8.938677842029106,5.941545663022995,16.728658271983814,3,4
E01001728,Hackney 029B,Hackney,10.172880093485844,10.136633180247731,8.748718762811583,11.790909286335422,3,4
E01001729,Hackney 019A,Hackney,19.78917728058415,20.66593651674483,13.512348100995306,27.59026951591061,4,5
E01001730,Hackney 019B,Hackney,20.583545388108487,19.562580563022767,17.712533917443114,27.176105501335403,5,6
E01001731,Hackney 017A,Hackney,25.430693612005516,26.05154347172581,18.324157471910095,33.244396322588415,6a,7
E01001732,Hackney 019C,Hackney,20.391954663707047,20.95923591831763,18.037481224578528,21.611865593614382,5,6
E01001733,Hackney 015A,Hackney,16.942714696754276,16.02639848271125,12.155496068835811,22.677366356341487,4,5
E01001734,Hackney 017B,Hackney,27.113675059058128,27.727744958535023,19.818752262536055,31.729263430619536,6a,7
E01001735,Hackney 019D,Hackney,25.97415724359652,26.496819094251695,22.953660148861328,28.866120304785404,6a,7
E01001736,Hackney 012A,Hackney,10.223769177415631,10.231452578533666,3.942267041998493,14.337953447929047,3,4
E01001737,Hackney 012B,Hackney,8.587966598676323,9.093260108387454,4.99858947000073,11.025177212428243,2,3
E01001738,Hackney 012C,Islington,13.034669093851598,14.169002879328971,7.108956193768941,16.651679774144966,3,4
E01001739,Hackney 012D,Islington,12.349927743552394,11.463185190949751,8.390121995182858,18.67441894202384,3,4
E01001740,Hackney 014A,Islington,17.091170666245745,17.491272269863742,8.426253005605842,21.907914202254833,4,5
E01001741,Hackney 009A,Hackney,11.201210427101302,11.44301929254842,6.126621322275382,18.537383742983256,3,4
E01001742,Hackney 008A,Hackney,7.933093677403875,7.818834284466194,6.107952907839192,9.540966004896282,2,3
E01001744,Hackney 031A,Hackney,22.477040725815208,22.57198002846452,15.802465717184084,28.989172372406777,5,6
E01001745,Hackney 016A,Hackney,14.389824500936143,14.24511151301847,8.373643725923547,19.48568490702076,3,4
E01001746,Hackney 016B,Hackney,11.752806249759727,9.217679744993411,8.692115609080084,19.174655043303837,3,4
E01001747,Hackney 014B,Hackney,21.67279446151756,21.884715222415736,12.869449894209342,26.777261374141773,5,6
E01001749,Hackney 020B,Hackney,20.90476524884056,20.58089404936067,17.769405378358567,23.95107313115016,5,6
E01001750,Hackney 031D,Hackney,16.761814330426212,15.391783944024272,12.32323310407878,25.09899547976542,4,5
E01001751,Hackney 031B,Hackney,17.517989497967466,18.490127458377582,8.943084896222116,25.908566612371985,4,5
E01001753,Hackney 025B,Hackney,11.649018881152047,12.882907765318766,8.761912836862564,13.469537269470164,3,4
E01001755,Hackney 025D,Hackney,13.994901946486124,13.9681644405413,11.338578708842352,16.21048295454044,3,4
E01001756,Hackney 030C,Hackney,25.218352596018505,25.25036053157272,21.936394708559483,30.10715815028123,6a,7
E01001757,Hackney 016C,Hackney,23.712453168541305,23.425497267020955,22.56280409026988,24.772878568787995,5,6
E01001758,Hackney 016D,Hackney,24.05997509203273,23.293102407152674,12.31883516651942,34.25287287993967,5,6
E01001759,Hackney 016E,Hackney,21.142771680947902,21.84610015676348,13.956528347314276,23.53730123607675,5,6
E01001760,Hackney 017C,Hackney,31.545080254553707,32.035878511422816,26.922637242338073,38.039867845987374,6a,7
E01001761,Hackney 016F,Hackney,25.212388164699277,25.6235206897314,16.917786117675824,28.984520888417794,6a,7
E01001762,Hackney 017D,Hackney,26.40069930702355,25.713306147527867,18.148707006616775,35.984256610140605,6a,7
E01001763,Hackney 020C,Hackney,20.310651894771983,20.92419062368658,12.786032404670731,30.10135998703551,5,6
E01001764,Hackney 010A,Hackney,16.221216027108408,17.702611629524448,8.115881458208253,19.500263943757044,4,5
E01001765,Hackney 010B,Hackney,13.109437049216693,13.61425744170424,6.065414675538855,19.60301614012127,3,4
E01001767,Hackney 010D,Hackney,16.141175493450536,16.297137315235776,11.535409560074154,20.977108117406942,4,5
E01001768,Hackney 006D,Hackney,15.793072611777369,18.39257461139615,10.610821397055016,19.27309179142416,4,5
E01001769,Hackney 006E,Hackney,19.996924304807862,20.55383553489297,18.183992957427463,21.489009397084047,4,5
E01001770,Hackney 010E,Hackney,19.164669457815624,18.262177745666836,16.86059419461602,23.01713185905569,4,5
E01001772,Hackney 024A,Hackney,14.75207711199032,14.711016355586068,13.659451419250855,15.926824317538282,3,4
E01001773,Hackney 025E,Hackney,15.330796815361582,15.541088626429053,13.086419847291891,17.913068129881918,4,5
E01001774,Hackney 024B,Tower Hamlets,14.276595745262728,14.455824059061865,2.727339029188253,20.925913525126653,3,4
E01001775,Hackney 024C,Tower Hamlets,11.533960058608583,11.954827352268737,8.015885522946713,14.569938742201291,3,4
E01001776,Hackney 025F,Hackney,17.145483258187312,17.637532345849408,14.742952943525188,18.095275964241527,4,5
E01001777,Hackney 033A,Tower Hamlets,18.94241077587382,18.60396579696632,9.689364888191369,27.556658610947693,4,5
E01001780,Hackney 032D,Islington,28.608884456256877,28.072307079012266,23.810603952636452,34.90698756400427,6a,7
E01001781,Hackney 026B,Hackney,11.653114939230544,9.774144078902657,6.773945635854409,16.609749847519566,3,4
E01001783,Hackney 026D,Hackney,18.794417400698283,19.2933917139163,15.682725324158827,21.25301263093195,4,5
E01001784,Hackney 032A,Hackney,20.85373140101801,21.176286534521264,14.310152376644156,27.454627045330703,5,6
E01001785,Hackney 015B,Hackney,13.944267960287874,13.557005212527,11.657450809729909,17.304532564770064,3,4
E01001786,Hackney 013A,Waltham Forest,2.959161822348834,2.911090010497575,0.0,13.357153590339816,1b,2
E01001787,Hackney 013B,Waltham Forest,4.973181743433861,4.703116746431144,2.52528700824059,7.699915785996044,1b,2
E01001788,Hackney 013C,Hackney,4.294048567863413,4.089682167302177,2.577615047578576,7.044354119905531,1b,2
E01001789,Hackney 015C,Hackney,5.883022803880325,4.29118147009711,3.832398560184772,13.41536839389849,2,3
E01001790,Hackney 013D,Hackney,7.496552342124787,7.361296527568694,6.590362903459979,8.609673605675313,2,3
E01001791,Hackney 015D,Hackney,8.381159318784828,7.954459777585773,4.43723970950523,13.39548069683874,2,3
E01001792,Hackney 011A,Hackney,16.856403736118416,17.73859464311813,13.238280931734902,20.42600431741712,4,5
E01001793,Hackney 011B,Hackney,11.081189778806037,12.652374189197188,4.764920524852013,17.364534209658345,3,4
E01001794,Hackney 011C,Hackney,18.265246346797657,17.920311470480208,15.45659086584056,21.393986329929422,4,5
E01001795,Hackney 011D,Hackney,15.854374524795656,14.241843003537854,11.957084779723491,23.991110599742235,4,5
E01001796,Hackney 011E,Hackney,14.582347203489336,15.771376413395108,4.419365920189981,20.65175309449256,3,4
E01001798,Hackney 028A,Hackney,14.192143556367956,14.285055755747203,8.618507802132013,19.44840689672367,3,4
E01001799,Hackney 003A,Hackney,10.498246795511944,11.626860346453691,5.136355751094751,13.41295058058708,3,4
E01001800,Hackney 004C,Hackney,17.903423495154332,18.314275775039743,11.915731024138395,23.13331827159622,4,5
E01001801,Hackney 008B,Hackney,6.513179695060104,6.068111604608998,2.607408748633558,14.866702364449036,2,3
E01001802,Hackney 003B,Hackney,7.173965577266005,5.717166834764061,2.629524567164772,12.954647471150237,2,3
E01001803,Hackney 008C,Hackney,7.511649724292154,6.633814379873543,5.109141603465503,17.491120147341793,2,3
E01001804,Hackney 003C,Hackney,5.816899544061407,4.824035390029723,0.0,15.707926136175423,2,3
E01001805,Hackney 009B,Hackney,18.061484505655255,17.475687868407388,12.46668951826301,24.668276021069133,4,5
E01001806,Hackney 008D,Hackney,8.847429476693561,8.801021166107077,6.239066648211692,16.390053119887796,2,3
E01001807,Hackney 003D,Hackney,12.066028616296215,10.895451114067978,8.718692913639954,20.685642784266555,3,4
E01001808,Hackney 001A,Hackney,19.36918656284009,19.09132987396498,17.108881694862223,21.42392747647142,4,5
E01001809,Hackney 001B,Hackney,17.919192770192417,17.8972202984908,13.451495090772491,24.06001679773105,4,5
E01001811,Hackney 002D,Hackney,15.013396944340483,16.87677655607171,0.0,22.233080865742256,4,5
E01001812,Hackney 003E,Hackney,9.596273428076044,11.173333673779371,0.0,18.46813058341462,2,3
E01001813,Hackney 002E,Hackney,28.98396847790726,28.629965072495786,24.45299974751003,35.253397700042115,6a,7
E01001814,Hackney 001C,Hackney,19.15045538726046,19.191768570277304,13.466219264233182,23.27998492134752,4,5
E01001815,Hackney 024D,Hackney,11.744646079611377,10.382151682379188,7.590462959062761,16.066093394856427,3,4
E01001816,Hackney 020D,Hackney,11.068790716939713,10.385794345889495,6.225265833459529,19.145962542819287,3,4
E01001819,Hackney 020E,Hackney,12.762835988945849,13.432377255274886,9.434176075364888,20.008036921133115,3,4
E01001820,Hackney 024E,Hackney,11.987255243481153,10.710101962706853,9.602488322093084,15.58094577841525,3,4
E01001821,Hackney 024F,Tower Hamlets,13.02841299907756,13.81159385912938,8.63157622851774,16.739315501693547,3,4
E01001822,Hackney 029C,Hackney,9.1203224701574,9.13049881407982,8.32877646124132,9.839442155781947,2,3
E01001823,Hackney 001D,Waltham Forest,3.892052398328893,3.664482894330819,0.0,6.203682476300216,1b,2
E01001824,Hackney 004D,Waltham Forest,6.91124738352823,6.403129560940521,0.0,16.4035242590832,2,3
E01001825,Hackney 001E,Hackney,12.693883279612445,12.198173153305934,6.737530170320127,17.046580736072528,3,4
E01001826,Hackney 004E,Hackney,16.755630234897993,16.961732129376347,12.02403955560274,18.80558504532952,4,5
E01001827,Hackney 029D,Waltham Forest,5.655940891663955,5.175659176432601,0.0,10.535643731876814,2,3
E01001828,Hackney 028B,Waltham Forest,6.591784879425179,7.012226568662869,2.549431715901493,8.99360369537235,2,3
E01001829,Hackney 009C,Hackney,18.055537551741367,17.943100465546078,12.39447074816534,23.345834763712464,4,5
E01001830,Hackney 014C,Hackney,16.38334683927079,17.521246276238337,12.476296454095056,19.765283887111583,4,5
E01001831,Hackney 009D,Hackney,21.96380494238731,21.499204330417168,19.477339193090447,26.182543671630487,5,6
E01001832,Hackney 009E,Hackney,18.511200145606598,18.505050749460647,13.640937811724177,21.644239049041435,4,5
E01001833,Hackney 014D,Hackney,13.828790519168788,13.513883647332657,11.975210306720204,15.916477423162569,3,4
E01001834,Hackney 014E,Hackney,14.800116150229965,14.53988182262383,10.2256646301322,20.77909394638105,3,4
E01001835,Hackney 014F,Hackney,16.86875635564507,16.875110180601343,13.001614468027189,20.51334514583479,4,5
E01001836,Hackney 022A,Tower Hamlets,6.34653597077902,6.138659072221268,5.533760997027718,7.244268394387643,2,3
E01001837,Hackney 023B,Tower Hamlets,17.361007837039214,16.71750560228717,13.333882842199069,31.68521948108973,4,5
E01001838,Hackney 019E,Hackney,19.90288681164768,20.96347646894577,17.31905511723547,21.66577246241073,4,5
E01001839,Hackney 023C,Hackney,21.495100387319848,21.173037960104,17.435971796424795,26.247207658637375,5,6
E01001840,Hackney 022B,Hackney,13.552163229760897,14.397956680257082,8.108984009596268,19.28930111366111,3,4
E01001841,Hackney 022C,Tower Hamlets,7.48913438152555,7.083041192946789,5.459591680957363,10.459388273612504,2,3
E01001842,Hackney 023D,Hackney,16.80147057945157,16.87282476409142,15.448389174089094,17.931796074484865,4,5
E01001843,Hackney 023E,Hackney,10.925054196911518,9.759056235835532,7.065277660980479,15.452460110798564,3,4
E01001844,Hackney 022D,Hackney,14.343640442612388,13.445529531252598,10.944778418934575,21.46306787366444,3,4
E01001845,Hackney 022E,Tower Hamlets,10.497101140764784,10.259451216346031,8.378403142770132,13.17693826364468,3,4
E01001846,Hackney 018A,Waltham Forest,8.454278732748005,7.314683087425543,2.859433771299751,15.751742483624533,2,3
E01001847,Hackney 018B,Hackney,14.303094320937056,14.173811744267844,9.910419898053894,17.00587788512048,3,4
E01001848,Hackney 018C,Tower Hamlets,14.888691303456277,13.977370485654331,11.08940336155498,20.9152796395478,3,4
E01001849,Hackney 018D,Tower Hamlets,10.656162620002515,10.964967006238178,3.236824710961085,14.965726038425576,3,4
E01001850,Hackney 019F,Hackney,16.008913095470593,17.147673175084677,10.61420083992487,19.728128283047656,4,5
E01001851,Hammersmith and Fulham 010A,Hammersmith & Fulham,21.952438081169227,23.549393262400127,9.214279467248543,35.31614759648445,5,6
E01001852,Hammersmith and Fulham 007A,Kensington & Chelsea,32.798633789886416,34.34597202558462,24.25207044159916,43.61598231188796,6a,7
E01001853,Hammersmith and Fulham 007B,Hammersmith & Fulham,25.825644370972203,28.730493307486626,11.031638578225143,35.048041924128285,6a,7
E01001854,Hammersmith and Fulham 007C,Hammersmith & Fulham,35.53959336441257,35.082671233903284,31.491397721050927,40.501633268792766,6a,7
E01001855,Hammersmith and Fulham 010B,Kensington & Chelsea,17.396306222331592,19.52629058330895,10.942502877054965,24.915345602216604,4,5
E01001856,Hammersmith and Fulham 010C,Hammersmith & Fulham,25.16400933934228,24.460683958649263,9.676699344966288,43.72141632765277,6a,7
E01001857,Hammersmith and Fulham 007D,Kensington & Chelsea,42.151757936855375,42.18944122980308,36.519988279833136,49.364548117676414,6b,8
E01001858,Hammersmith and Fulham 006A,Hammersmith & Fulham,12.3738907927862,12.865970635021746,6.365393136957753,15.615712755594448,3,4
E01001859,Hammersmith and Fulham 008A,Hammersmith & Fulham,8.55312913324372,7.842929824311014,6.620757920026072,11.272636222492702,2,3
E01001860,Hammersmith and Fulham 006B,Hammersmith & Fulham,13.910213435579935,13.73285236988016,11.41700873360675,18.67014272416893,3,4
E01001861,Hammersmith and Fulham 006C,Hammersmith & Fulham,12.12864465123109,12.009602936107092,9.933012815994628,14.462216594053045,3,4
E01001862,Hammersmith and Fulham 005A,Hammersmith & Fulham,14.144916334586862,14.347173893286993,10.963905777052954,15.38176019877274,3,4
E01001863,Hammersmith and Fulham 006D,Hammersmith & Fulham,12.511808967357608,12.195256933198197,11.33901961759528,14.122029055261816,3,4
E01001864,Hammersmith and Fulham 006E,Hammersmith & Fulham,11.442570674945252,11.98936098552734,7.40126830456088,13.08867703851533,3,4
E01001865,Hammersmith and Fulham 008B,Hammersmith & Fulham,6.597798434734653,6.582755906922748,3.938380639118318,11.062356258926345,2,3
E01001866,Hammersmith and Fulham 012A,Kensington & Chelsea,22.32450415417135,24.852312092754502,9.3080225628728,28.653041636908924,5,6
E01001867,Hammersmith and Fulham 012B,Hammersmith & Fulham,34.01878699743956,35.367592088843345,24.60800337189272,43.1712041835701,6a,7
E01001868,Hammersmith and Fulham 012C,Hammersmith & Fulham,25.42538269198684,24.681688229793235,23.56957126862837,28.958296600140645,6a,7
E01001869,Hammersmith and Fulham 010D,Hammersmith & Fulham,30.65357745112184,30.473014453924662,13.245194392954357,41.185952352550096,6a,7
E01001870,Hammersmith and Fulham 012D,Kensington & Chelsea,23.40046986230715,25.377907264292496,11.31226048751464,28.246378392269094,5,6
E01001871,Hammersmith and Fulham 012E,Hammersmith & Fulham,26.655744034664963,26.841413553007,22.990184410525274,30.264733963172887,6a,7
E01001872,Hammersmith and Fulham 012F,Hammersmith & Fulham,25.420259253824355,25.049139586261624,23.89650409050266,28.647658251391135,6a,7
E01001873,Hammersmith and Fulham 010E,Hammersmith & Fulham,8.593821315778522,10.037221587503922,3.114113992814909,12.939700137135391,2,3
E01001875,Hammersmith and Fulham 001B,Hammersmith & Fulham,22.133422775139305,21.960392711314377,18.55673332763,25.860818370135725,5,6
E01001876,Hammersmith and Fulham 001C,Hammersmith & Fulham,9.491141563133798,10.890156637755494,0.0,21.957721836839983,2,3
E01001877,Hammersmith and Fulham 001D,Kensington & Chelsea,6.520857651129803,5.872423768896066,0.0,26.79575625175847,2,3
E01001878,Hammersmith and Fulham 001E,Hammersmith & Fulham,18.936676966860073,18.27512012599809,14.731985414701136,24.408856801323147,4,5
E01001879,Hammersmith and Fulham 019A,Hammersmith & Fulham,11.494530560282932,11.160585067499628,8.835969154855153,14.226937161202164,3,4
E01001880,Hammersmith and Fulham 017A,Kensington & Chelsea,14.92275715966762,16.46659660412901,6.377344503820915,22.020527708525687,3,4
E01001881,Hammersmith and Fulham 017B,Hammersmith & Fulham,20.624475485248887,20.08732165024273,17.646207524496777,25.00486159246209,5,6
E01001882,Hammersmith and Fulham 017C,Hammersmith & Fulham,18.19738037198045,18.016136650421128,15.391915849126477,20.707619694737037,4,5
E01001883,Hammersmith and Fulham 017D,Kensington & Chelsea,28.208071086563805,27.38039453356624,19.449332297330272,37.76202220938621,6a,7
E01001884,Hammersmith and Fulham 017E,Hammersmith & Fulham,24.83720776531316,25.06218062052683,19.68641288962951,30.797484119935344,5,6
E01001885,Hammersmith and Fulham 015A,Hammersmith & Fulham,20.29402705309974,21.49711317899491,17.073756287730912,22.48095403034479,5,6
E01001886,Hammersmith and Fulham 016A,Hammersmith & Fulham,13.516624898699328,12.26356402909288,8.967500551724758,22.130145952900868,3,4
E01001887,Hammersmith and Fulham 016B,Hammersmith & Fulham,14.838228784913865,12.420048830635055,9.389880764219727,24.69535529953185,3,4
E01001888,Hammersmith and Fulham 018A,Hammersmith & Fulham,11.253723769419164,9.75850559606772,6.749544554716414,24.730618240495104,3,4
E01001889,Hammersmith and Fulham 014A,Hammersmith & Fulham,22.018844912927896,21.811835835166768,17.870653926197893,27.052200566473974,5,6
E01001890,Hammersmith and Fulham 016C,Hammersmith & Fulham,23.255201742773128,22.828942099730437,19.47728467640788,28.366609869122502,5,6
E01001891,Hammersmith and Fulham 018B,Hammersmith & Fulham,24.174337137245494,22.276941218514622,6.117235186639546,39.0943172717882,5,6
E01001892,Hammersmith and Fulham 016D,Hammersmith & Fulham,20.14364327535697,20.941108866779405,14.671321851624713,23.161058820763664,5,6
E01001893,Hammersmith and Fulham 013A,Hammersmith & Fulham,35.41774687340668,36.41249661803514,23.533761806984657,40.93542296480488,6a,7
E01001894,Hammersmith and Fulham 013B,Hammersmith & Fulham,29.477604860434724,28.78089964121822,19.576264066810104,39.12327964586383,6a,7
E01001895,Hammersmith and Fulham 009A,Hammersmith & Fulham,13.537857276506184,13.276847573371027,6.694852774997592,20.67484998317698,3,4
E01001896,Hammersmith and Fulham 009B,Hammersmith & Fulham,17.69373859699916,12.355515008749196,8.5687854716301,32.229566528525616,4,5
E01001897,Hammersmith and Fulham 009C,Hammersmith & Fulham,22.986076518843728,24.8676162323392,7.996837732570455,32.75979193588071,5,6
E01001898,Hammersmith and Fulham 013C,Hammersmith & Fulham,38.264323551413455,40.80083384770165,2.946376203254542,53.44181284885319,6a,7
E01001899,Hammersmith and Fulham 013D,Hammersmith & Fulham,34.68731398851826,33.77260424537629,25.802335779178986,45.56348116336042,6a,7
E01001900,Hammersmith and Fulham 013E,Hammersmith & Fulham,37.796780814877216,36.87697058179531,23.783697605923077,49.21324778748841,6a,7
E01001901,Hammersmith and Fulham 019B,Hammersmith & Fulham,10.411779720444176,10.40801810079854,7.408349739313715,13.975484496932168,3,4
E01001902,Hammersmith and Fulham 019C,Hammersmith & Fulham,10.086062153988731,9.671442776752588,7.445231988656136,17.617518504201918,3,4
E01001903,Hammersmith and Fulham 019D,Hammersmith & Fulham,11.225231841899337,11.09644548559884,8.864987373020604,13.795224889729392,3,4
E01001904,Hammersmith and Fulham 022A,Hammersmith & Fulham,9.491143698660467,9.306125267211074,7.426771059454249,11.641019929550517,2,3
E01001905,Hammersmith and Fulham 022B,Hammersmith & Fulham,8.83885108471797,7.919008739013856,6.228018721161835,14.090712593427998,2,3
E01001906,Hammersmith and Fulham 022C,Hammersmith & Fulham,11.22338984391574,11.391908108583884,8.581209754129759,13.644403484183243,3,4
E01001907,Hammersmith and Fulham 022D,Hammersmith & Fulham,17.252227675995147,15.466613440397234,12.42637150155274,24.643280998290244,4,5
E01001908,Hammersmith and Fulham 015B,Hammersmith & Fulham,21.552719386033168,20.46051695359388,18.73111942264976,29.012703628969668,5,6
E01001909,Hammersmith and Fulham 015C,Hammersmith & Fulham,21.60324222489957,21.21734672181585,18.884157854728105,25.34718595203028,5,6
E01001910,Hammersmith and Fulham 014B,Hammersmith & Fulham,24.477475380744924,23.34031744669169,17.0325934245341,33.03401124289588,5,6
E01001911,Hammersmith and Fulham 015D,Kensington & Chelsea,22.22919081368201,20.47367610448036,16.867598887886256,28.63605415651396,5,6
E01001912,Hammersmith and Fulham 015E,Kensington & Chelsea,26.38582718791558,28.01657615349956,18.694521771327544,36.35927889692015,6a,7
E01001913,Hammersmith and Fulham 014C,Hammersmith & Fulham,19.385653218233838,19.114916833044298,12.410516337819478,26.20902179164288,4,5
E01001914,Hammersmith and Fulham 014D,Hammersmith & Fulham,24.857357132344703,24.17503231383112,21.673953379265512,30.63049120284739,5,6
E01001915,Hammersmith and Fulham 024A,Hammersmith & Fulham,16.637257627673897,15.469978924645448,1.267078585868632,37.679053024349656,4,5
E01001916,Hammersmith and Fulham 024B,Hammersmith & Fulham,14.734738691874824,12.926400236070672,1.234471558209941,32.76155545863896,3,4
E01001917,Hammersmith and Fulham 018C,Hammersmith & Fulham,7.576364019086502,5.728578374454438,5.126489038024448,12.332747889960016,2,3
E01001918,Hammersmith and Fulham 018D,Hammersmith & Fulham,9.001780978611482,8.440513222025412,6.490652772271257,12.980506811061424,2,3
E01001919,Hammersmith and Fulham 018E,Hammersmith & Fulham,6.288327366917312,6.219539299618186,5.265001354264853,8.251414832625802,2,3
E01001920,Hammersmith and Fulham 020A,Kensington & Chelsea,20.56299605052952,21.3888058444746,12.067798023014268,24.56535943367257,5,6
E01001921,Hammersmith and Fulham 020B,Hammersmith & Fulham,21.57171318909176,21.309627912031534,19.94993863280414,23.892318465884163,5,6
E01001922,Hammersmith and Fulham 020C,Hammersmith & Fulham,15.221748105701137,14.72025735937668,10.265431415519444,20.823290483130048,4,5
E01001923,Hammersmith and Fulham 020D,Hammersmith & Fulham,16.555197482571426,16.761980410069896,8.68002696510944,23.069143445886237,4,5
E01001924,Hammersmith and Fulham 020E,Hammersmith & Fulham,14.674097734203729,14.04340142358056,9.83518021590247,21.563488493670327,3,4
E01001925,Hammersmith and Fulham 025A,Hammersmith & Fulham,10.571365089294655,10.71476458316438,5.94088484462641,16.656819199896752,3,4
E01001926,Hammersmith and Fulham 024C,Hammersmith & Fulham,15.952856680396096,13.909865627437242,8.086120494655436,29.03046241605032,4,5
E01001927,Hammersmith and Fulham 008C,Hounslow,10.82983402220969,10.696289095683667,3.193102646669543,18.257959819507047,3,4
E01001928,Hammersmith and Fulham 011A,Hammersmith & Fulham,16.646738784211124,16.739521242078723,10.214531091175417,20.006423684100117,4,5
E01001929,Hammersmith and Fulham 009D,Hammersmith & Fulham,21.109623597823315,18.702096264600936,16.920982607854285,28.45059782914629,5,6
E01001930,Hammersmith and Fulham 008D,Hounslow,14.662596028966531,14.735581789539738,11.421180987134717,18.301901438904384,3,4
E01001931,Hammersmith and Fulham 011B,Hammersmith & Fulham,17.0325014280742,17.502644710985454,14.193367342821867,19.68550391119056,4,5
E01001932,Hammersmith and Fulham 011C,Richmond upon Thames,17.21335265468118,17.943868997230418,4.54711433762296,30.702747375535417,4,5
E01001933,Hammersmith and Fulham 011D,Richmond upon Thames,13.506260890710616,14.020247882011963,4.600179009307398,20.79669611956833,3,4
E01001934,Hammersmith and Fulham 025B,Hammersmith & Fulham,5.626379395038779,5.575207360016243,1.309837162275386,10.045332375342678,2,3
E01001935,Hammersmith and Fulham 023A,Hammersmith & Fulham,9.305239304163262,9.825789751587523,7.721380637528855,10.914006740561405,2,3
E01001937,Hammersmith and Fulham 025C,Hammersmith & Fulham,7.107248324622935,7.247423816783597,1.57491876685766,9.64912706124241,2,3
E01001938,Hammersmith and Fulham 025D,Wandsworth,11.032006199005629,12.11156220204314,7.222830944183022,14.184291206251617,3,4
E01001940,Hammersmith and Fulham 005B,Hammersmith & Fulham,20.246724023972234,13.994345102219246,12.626081939302493,36.35317751947167,5,6
E01001941,Hammersmith and Fulham 005C,Hammersmith & Fulham,33.233851779632815,34.51736939416223,13.561782479104409,44.76195080962052,6a,7
E01001942,Hammersmith and Fulham 005D,Hammersmith & Fulham,18.16625033361287,15.340358475867928,13.47329190287242,35.2689837481803,4,5
E01001943,Hammersmith and Fulham 004A,Kensington & Chelsea,39.95921442374512,40.9685530951358,8.367961946161246,52.2238294886352,6a,7
E01001944,Hammersmith and Fulham 004B,Kensington & Chelsea,28.41399937294884,31.77000153712301,18.429220538336352,37.87122057389954,6a,7
E01001945,Hammersmith and Fulham 004C,Hammersmith & Fulham,14.781866412001692,13.323175761589376,10.89157069012712,20.51844344690614,3,4
E01001946,Hammersmith and Fulham 004D,Hammersmith & Fulham,23.708577803503623,22.82522531418501,11.405707004960664,39.03367934361742,5,6
E01001947,Hammersmith and Fulham 021A,Hammersmith & Fulham,16.29197390182791,16.256502114415348,14.666999215381782,17.987892163099154,4,5
E01001948,Hammersmith and Fulham 021B,Hammersmith & Fulham,12.730003406180517,12.331371422255366,11.073199169650644,15.347348196026898,3,4
E01001949,Hammersmith and Fulham 021C,Hammersmith & Fulham,11.419674430756931,11.603493577691824,7.163192071868736,14.527646075764512,3,4
E01001950,Hammersmith and Fulham 021D,Hammersmith & Fulham,15.714063575622728,16.559241807543287,11.870498177548196,17.913844141674854,4,5
E01001951,Hammersmith and Fulham 021E,Hammersmith & Fulham,13.438723846959851,14.550485619843528,10.775108540243316,15.792828844089136,3,4
E01001952,Hammersmith and Fulham 024D,Hammersmith & Fulham,24.384661847092527,24.955259507922136,16.91969722830474,31.330014805143858,5,6
E01001953,Hammersmith and Fulham 021F,Hammersmith & Fulham,19.187154763807182,19.591990968772674,15.309857209789747,23.504014509787336,4,5
E01001954,Hammersmith and Fulham 003A,Hammersmith & Fulham,11.683136375936815,11.616752828943005,7.682353674615601,17.39392401649641,3,4
E01001955,Hammersmith and Fulham 002A,Hammersmith & Fulham,9.082236356998388,8.153977412997385,3.415954246611956,18.76309952646949,2,3
E01001956,Hammersmith and Fulham 003B,Hammersmith & Fulham,12.414686211426543,12.481366410114372,9.548908078652149,16.975758499782003,3,4
E01001957,Hammersmith and Fulham 002B,Hammersmith & Fulham,20.606169163581143,20.125131254357424,19.108262899968874,22.857629492413835,5,6
E01001958,Hammersmith and Fulham 002C,Hammersmith & Fulham,17.64361759982641,18.29245441660029,11.389825371330293,20.587028191253097,4,5
E01001959,Hammersmith and Fulham 003C,Hammersmith & Fulham,18.469741772954567,18.431145486680435,13.627674954049027,23.264940689886508,4,5
E01001960,Hammersmith and Fulham 003D,Hammersmith & Fulham,11.249397810992104,11.45176465049222,7.356731907112144,16.097085819955588,3,4
E01001961,Hammersmith and Fulham 002D,Hammersmith & Fulham,16.35809860722683,15.534401374456843,13.69120878662024,18.931084366422077,4,5
E01001962,Haringey 004A,Haringey,6.028859881299443,4.09448198103759,0.0,19.07192344703667,2,3
E01001963,Haringey 009A,Haringey,6.207689261326881,5.808907185375908,0.0,16.577049840892247,2,3
E01001964,Haringey 009B,Haringey,8.193322499006205,8.972008385963115,0.0,22.022037549144983,2,3
E01001965,Haringey 009C,Haringey,10.58676421608862,10.14679930346296,6.429030980545569,18.523375472922535,3,4
E01001966,Haringey 009D,Haringey,5.439197218146877,5.506938539354516,0.0,10.630137534796106,2,3
E01001967,Haringey 014A,Haringey,6.909429072365189,5.916241047502345,2.360933503494663,12.32240224609548,2,3
E01001968,Haringey 014B,Haringey,10.577398979767269,10.76279783463216,5.662635472833888,13.55289397256627,3,4
E01001969,Haringey 001A,Haringey,17.016376142173375,18.409278285875978,9.56808776768474,24.29101594929792,4,5
E01001970,Haringey 004B,Haringey,20.366746277505182,20.527069060910637,8.106280504327724,28.229082527460346,5,6
E01001971,Haringey 001B,Haringey,23.79569595561689,23.084306247797144,18.774931646749433,37.29266028867641,5,6
E01001972,Haringey 004C,Haringey,20.55573731665199,21.181836432632583,7.5126033014878,26.78118514876873,5,6
E01001973,Haringey 004D,Haringey,14.593111849887602,14.860444646614184,2.529665869988182,26.55418435341595,3,4
E01001974,Haringey 001C,Haringey,21.09933167650159,21.03813645469626,14.7310600672511,29.64008313335679,5,6
E01001975,Haringey 001D,Haringey,13.781518294505842,11.603009551308206,9.096921647586356,18.731762228189098,3,4
E01001976,Haringey 011A,Haringey,14.819353339438663,17.295196078074763,8.492913791605336,20.41214397996254,3,4
E01001977,Haringey 011B,Haringey,10.589442272937,9.789855556522069,8.171212371350975,17.954439250890555,3,4
E01001978,Haringey 011C,Haringey,20.63038534685299,20.156999818536335,18.229673024932374,24.154590056913463,5,6
E01001979,Haringey 011D,Haringey,22.57708422974959,21.963582002237295,14.656446724367278,38.134081826814246,5,6
E01001980,Haringey 018A,Haringey,6.222628866094073,5.46633298174808,3.367507413878456,10.863510270866998,2,3
E01001981,Haringey 018B,Haringey,20.45804987953188,18.134573087118667,17.1131967742674,25.580542267162887,5,6
E01001982,Haringey 018C,Haringey,9.386386216238057,7.771182297365386,4.851200459453691,18.217739835863156,2,3
E01001983,Haringey 018D,Haringey,6.183081511520138,6.453665768279034,4.971678723704832,8.285482158486726,2,3
E01001984,Haringey 033A,Islington,7.293174483003767,6.916994355278831,4.689305413068176,11.949833392291284,2,3
E01001985,Haringey 033B,Haringey,6.48584185173044,6.501664633841954,2.313009648208572,10.553787314942944,2,3
E01001986,Haringey 034A,Haringey,8.805458942913196,8.973698653508318,5.956105471774008,12.306882057283923,2,3
E01001987,Haringey 033C,Haringey,10.570619647911132,12.290678195110091,1.97441235010159,15.871673617823928,3,4
E01001988,Haringey 034B,Islington,10.31886508773122,10.934300364559194,4.207100127761513,12.413692818177005,3,4
E01001989,Haringey 033D,Haringey,6.1494555005503,6.019100070434702,2.280204828314304,11.541194586816214,2,3
E01001990,Haringey 034C,Haringey,10.770053051396138,10.393770181991634,8.721013216597978,13.48997207590918,3,4
E01001991,Haringey 017A,Haringey,10.61436126132535,11.588676349021126,4.831642551811468,13.960057677671989,3,4
E01001992,Haringey 017B,Haringey,5.372041688410377,3.770604973753723,0.0,14.987964213876168,2,3
E01001993,Haringey 017C,Haringey,6.819246015641947,6.545839185031676,0.0,12.59822329919961,2,3
E01001994,Haringey 030A,Haringey,11.3170722832372,11.859419813325763,4.635959543415076,15.973217043727058,3,4
E01001995,Haringey 017D,Haringey,2.692273176037611,2.340975614290443,0.0,6.291423180892819,1b,2
E01001996,Haringey 014C,Haringey,6.878828042821576,7.47510004533368,2.286262673536924,13.239271142444142,2,3
E01001997,Haringey 014D,Haringey,13.253797046941214,13.240754121700617,7.729787849597701,19.546633569962285,3,4
E01001998,Haringey 023A,Haringey,23.123655421894057,22.286135670364708,5.399294219676328,37.9751339204259,5,6
E01001999,Haringey 023B,Haringey,16.51418741840763,12.785316139409996,7.978034313924574,33.4437228431248,4,5
E01002000,Haringey 031A,Haringey,7.975805889210401,8.188177651277174,2.598377878768218,10.25720895577722,2,3
E01002001,Haringey 031B,Haringey,11.963188918711598,11.875667566046872,10.0917538985937,14.405746984152742,3,4
E01002002,Haringey 031C,Haringey,27.38356642355228,26.908173424314093,10.680606643741076,56.43824124858745,6a,7
E01002003,Haringey 023C,Haringey,30.03484739425244,35.00845035746974,5.95227459064637,52.300101548845774,6a,7
E01002004,Haringey 023D,Haringey,22.54197408140497,21.071020352266704,7.645977315029461,36.74823767738184,5,6
E01002005,Haringey 035A,Haringey,14.447983843608126,14.085999631884818,11.832887862733504,16.761400194552134,3,4
E01002006,Haringey 035B,Islington,12.203550024017416,13.768967313353937,2.87391702601307,19.468018611705627,3,4
E01002007,Haringey 035C,Haringey,17.415041399420367,17.616349878882946,11.621677670090342,23.44414303801724,4,5
E01002008,Haringey 030B,Haringey,4.771407224134367,3.104589602003879,0.0,18.524424695366054,1b,2
E01002009,Haringey 035D,Islington,16.14357505922007,16.939977756677894,8.535358294207663,23.785384421815113,4,5
E01002010,Haringey 030C,Haringey,5.618345656631617,4.445007864714153,0.0,17.077270232610587,2,3
E01002011,Haringey 030D,Haringey,11.858202206102934,12.829196163526207,3.704504734178117,20.811722558050548,3,4
E01002013,Haringey 022A,Haringey,5.546864678828286,4.719891266290419,3.654928592656133,11.264549353674033,2,3
E01002014,Haringey 020B,Haringey,12.507190434252188,11.806151457548022,7.563543114807021,20.43737216528512,3,4
E01002015,Haringey 020C,Haringey,9.84461574531265,10.390997130577007,6.188075032011585,12.129108100190464,2,3
E01002016,Haringey 028A,Haringey,9.981262520672946,10.271632777247849,5.369842146040692,14.129271140527123,2,3
E01002017,Haringey 028B,Haringey,11.859000098612766,11.788730374594133,9.472662423180008,16.300547281294453,3,4
E01002018,Haringey 020D,Haringey,4.151784706037144,3.762608483924152,0.0,8.528442336604076,1b,2
E01002019,Haringey 022B,Haringey,7.867680126328779,7.51405697104627,5.435384337647903,12.880634486259304,2,3
E01002020,Haringey 021A,Haringey,10.700448150751628,11.519015756794348,5.980862707115843,15.630209368217216,3,4
E01002021,Haringey 022C,Haringey,6.869071411072674,7.075357243252301,4.3432190222746,9.070662051602897,2,3
E01002022,Haringey 021B,Haringey,11.007963773674335,11.61592016394466,4.566913126572044,16.86686972994202,3,4
E01002023,Haringey 021C,Haringey,8.628649146081319,8.313609984618413,4.202389837300829,13.694908261356549,2,3
E01002024,Haringey 022D,Haringey,8.838591464665818,8.607460979689556,6.38235226920472,11.436823434187817,2,3
E01002025,Haringey 021D,Haringey,4.743850644293166,3.91695026494852,0.0,14.469113968282684,1b,2
E01002026,Haringey 016A,Haringey,37.468955030202814,36.62640716697808,30.462271266162595,47.11232172082435,6a,7
E01002027,Haringey 010A,Haringey,27.05203118696673,28.271456926816153,16.458375334447844,37.59382220838231,6a,7
E01002028,Haringey 010B,Haringey,14.51636890809694,12.582758422394337,8.90131483196848,32.177863070845056,3,4
E01002029,Haringey 016B,Haringey,32.28464157317722,35.65741297010641,8.631579106293973,52.15656694558553,6a,7
E01002030,Haringey 016C,Haringey,22.296815621143935,26.491513421138485,6.218044563995615,36.19479303906194,5,6
E01002031,Haringey 016D,Haringey,41.066583379960136,40.45937094321859,32.582018836398326,50.955088965885146,6b,8
E01002032,Haringey 010C,Haringey,20.156038731861106,20.154476264719428,9.789690417264472,29.13029278282348,5,6
E01002033,Haringey 010D,Haringey,31.50702853432217,32.00293036710492,28.39270360744271,37.132140712019485,6a,7
E01002034,Haringey 037A,Haringey,14.934958416073448,15.590260635966064,10.083668885582922,19.575465186315693,3,4
E01002036,Haringey 002A,Haringey,10.282751893705008,9.5525670176694,5.693827324274082,16.482344338415885,3,4
E01002037,Haringey 002B,Waltham Forest,6.644443701988528,6.766420166849907,0.0,13.071963962881116,2,3
E01002038,Haringey 037B,Haringey,15.57244469248294,16.39718699956157,6.072193468306527,22.93553706472783,4,5
E01002039,Haringey 002C,Haringey,9.795621951198203,9.43118056779388,7.113914961859473,12.969911893749858,2,3
E01002040,Haringey 002D,Haringey,10.263183912317372,9.588527793562058,8.453823715262264,13.75412826084767,3,4
E01002041,Haringey 037C,Haringey,15.17724853054028,14.743926836348065,10.025010626072046,19.60207924086479,4,5
E01002042,Haringey 027A,Haringey,7.499985957998546,6.00208131703036,3.746606958051125,12.835205008737155,2,3
E01002043,Haringey 026A,Haringey,9.883237507895734,9.230303360736412,6.931587354979412,18.620588858950462,2,3
E01002044,Haringey 027B,Haringey,13.038644114085576,12.820416180934105,11.291087585650494,15.101077884400713,3,4
E01002045,Haringey 026B,Haringey,8.838263589831447,6.579864625583522,5.147754022730621,15.537859417437852,2,3
E01002046,Haringey 026C,Haringey,15.366495629680715,14.087592430899214,5.505294377805292,29.47284625506341,4,5
E01002047,Haringey 027C,Haringey,11.7083899697887,10.838846960021764,7.694365228836385,24.870804465431675,3,4
E01002048,Haringey 027D,Haringey,21.136800660269557,20.78970302947009,11.112973368850549,34.353797879744825,5,6
E01002049,Haringey 026D,Haringey,8.203489475569597,7.670779928220623,6.799995992965234,12.801436893030068,2,3
E01002050,Haringey 029A,Haringey,15.634802363223898,15.30357028865996,11.723783423662343,19.203912683410113,4,5
E01002051,Haringey 029B,Haringey,25.19738661907651,25.007384795775096,20.45300148890944,32.27774978295729,6a,7
E01002052,Haringey 029C,Waltham Forest,4.98390637303109,4.663144839212016,0.0,10.999185912196086,1b,2
E01002053,Haringey 032A,Haringey,19.341134715341727,19.57485999066135,11.897706320532528,24.89271118493676,4,5
E01002054,Haringey 032B,Haringey,13.983434916139464,14.642225299897769,5.909111278638569,17.14679067668934,3,4
E01002055,Haringey 029D,Haringey,20.715432434765553,19.598815280501594,16.28735818664333,26.535062921754847,5,6
E01002056,Haringey 032C,Haringey,10.95837429461858,11.156370744906638,3.739242002388809,20.08341437119374,3,4
E01002057,Haringey 032D,Haringey,5.388457687338547,5.042108355960495,0.0,10.246715850983996,2,3
E01002058,Haringey 031D,Haringey,19.218202039259918,19.032725238847988,7.915606674577175,30.07307371664636,4,5
E01002059,Haringey 028C,Haringey,5.454004465699864,6.911065146119142,0.0,9.728153892307471,2,3
E01002060,Haringey 028D,Haringey,8.574049590761499,8.012237108436846,6.655994122388652,11.302183010758704,2,3
E01002061,Haringey 036A,Haringey,8.463073523684873,8.060564661336834,5.436686055987885,15.059922716144191,2,3
E01002062,Haringey 034D,Islington,10.975428782914808,10.027261002205702,6.572805868803029,30.840886877059404,3,4
E01002063,Haringey 036B,Haringey,10.028988767891406,10.066282368929151,6.077439014950583,18.521332865697364,3,4
E01002064,Haringey 036C,Haringey,21.256543654166865,26.67454719839186,8.04293392819555,38.85851204031693,5,6
E01002065,Haringey 036D,Haringey,34.039017553563426,32.276641578948144,23.825549596336735,52.99613325386456,6a,7
E01002066,Haringey 025A,Haringey,32.792775795621175,34.478542850351616,22.725176242939924,37.5737218309506,6a,7
E01002067,Haringey 024A,Haringey,10.272569964335796,8.865705865000011,5.573715539065531,21.3507177619016,3,4
E01002068,Haringey 025B,Haringey,22.298706525440263,22.106259924523165,4.280100440267328,34.37770743433906,5,6
E01002069,Haringey 024B,Haringey,26.875677508596965,25.28557816559321,12.007567746615258,43.784740743827165,6a,7
E01002070,Haringey 024C,Haringey,13.274436993776794,12.755528870391094,10.125886054204765,19.689909118195313,3,4
E01002071,Haringey 025C,Haringey,31.48480438400327,32.78444079302383,22.15130227670352,36.36139690278097,6a,7
E01002072,Haringey 025D,Haringey,29.567543542725605,29.550169539563512,22.290777978657257,39.76537339421878,6a,7
E01002073,Haringey 024D,Haringey,24.549356592221447,24.44550936699125,12.60724115027633,36.70046346228493,5,6
E01002074,Haringey 012A,Haringey,15.094535737008556,14.601750814371607,9.970260422321845,23.51485333418776,4,5
E01002075,Haringey 015A,Waltham Forest,8.455510642047985,8.871229418620302,3.266527476978751,13.514208513739424,2,3
E01002076,Haringey 015B,Haringey,9.534062530849202,8.848034455256562,3.31400705701162,14.103296408493197,2,3
E01002077,Haringey 012B,Haringey,21.193774151831786,21.406407842907473,18.13367975472716,24.74131029001809,5,6
E01002078,Haringey 015C,Waltham Forest,19.768301147560695,20.597810899755306,13.19718081493953,26.325853384522855,4,5
E01002079,Haringey 012C,Haringey,14.700863695136768,14.402825248150265,10.953481717685252,18.777480582194112,3,4
E01002081,Haringey 012D,Haringey,32.04495950915497,33.23488105066296,24.425866770703777,38.00017268564434,6a,7
E01002082,Haringey 013A,Haringey,6.500477366515407,6.443526972914521,3.971954181405877,11.075910503527853,2,3
E01002083,Haringey 019A,Haringey,18.869792253080497,16.0011537679719,5.938064566254534,35.00732355058163,4,5
E01002084,Haringey 019B,Haringey,9.15948285450798,7.991062250665462,2.53718815754062,29.42352443673304,2,3
E01002085,Haringey 019C,Haringey,38.202032277951766,36.86710889981652,29.96582791159349,52.44186618884771,6a,7
E01002086,Haringey 013B,Haringey,6.331560524122693,6.840937818277973,2.972766872510995,9.141497594849614,2,3
E01002087,Haringey 019D,Haringey,21.23562853654783,20.57405834109641,9.9229194800355,30.831198211585907,5,6
E01002088,Haringey 013C,Haringey,11.13825700270451,10.372359409846965,4.034960669913014,17.922371088348655,3,4
E01002089,Haringey 013D,Haringey,5.407224632009751,5.596429167104448,3.663933928283213,8.08197382538925,2,3
E01002090,Haringey 005A,Haringey,5.444849699360464,3.975817730444323,2.268994731892221,9.901721751763008,2,3
E01002091,Haringey 006A,Haringey,10.19731072488062,10.18846796890612,7.513335610263516,13.558649407845811,3,4
E01002092,Haringey 006B,Haringey,8.515323948168547,8.028142854646337,0.0,15.816735171870388,2,3
E01002093,Haringey 005B,Haringey,10.040641561397273,9.846208830681029,3.849737809632824,14.43469195814614,3,4
E01002094,Haringey 006C,Haringey,7.781559595352922,8.480791257949047,3.617489323366914,12.304795860342931,2,3
E01002095,Haringey 006D,Haringey,10.812335256968872,10.21933450509542,5.9448939440171,18.162012833558077,3,4
E01002096,Haringey 005C,Haringey,11.580011444923109,11.711759469120103,7.629635998007762,14.4100131830627,3,4
E01002097,Haringey 005D,Haringey,10.690401728152324,10.202403526906885,9.21464892078088,14.079751758514552,3,4
E01002098,Haringey 007A,Haringey,33.886511283719585,35.17973534749083,22.19094422729747,48.84277071111099,6a,7
E01002099,Haringey 008A,Haringey,24.27644268153393,22.744902149313106,11.556408913729696,33.87836396005028,5,6
E01002100,Haringey 008B,Haringey,11.172517226026564,11.447622465758228,7.08188669148741,14.527422151942089,3,4
E01002101,Haringey 007B,Haringey,4.84675787920955,3.469697436770049,2.650341483169883,10.924325666570644,1b,2
E01002102,Haringey 007C,Haringey,11.325687557482516,8.493542155308033,3.129073109185917,29.21086633475888,3,4
E01002103,Haringey 008C,Haringey,13.884957089996185,15.610108935676596,4.637432276002308,25.095033314552403,3,4
E01002104,Haringey 008D,Haringey,8.133301602012306,8.209748933002379,4.40621889509592,11.306838204483254,2,3
E01002105,Haringey 007D,Haringey,35.16856753315175,34.3347872126871,24.144911717424748,46.90321305149629,6a,7
E01002106,Harrow 008A,Harrow,3.650842416806522,3.928546595519837,0.0,5.737873327553181,1b,2
E01002107,Harrow 012A,Harrow,3.560431890159344,3.022498595195165,1.757916319689381,8.438683066025813,1b,2
E01002108,Harrow 008B,Harrow,4.497574011634401,4.828724490598979,3.016601906032715,6.204152198295304,1b,2
E01002109,Harrow 008C,Harrow,4.437404703338232,3.41898416191726,1.884276811523712,9.88467473999122,1b,2
E01002110,Harrow 008D,Harrow,6.68190565980627,7.073222321698927,2.401243065248065,11.444265468108382,2,3
E01002111,Harrow 008E,Harrow,4.472008318005522,4.538951871968016,2.154241611468643,7.049292002847806,1b,2
E01002112,Harrow 001A,Harrow,7.310578279761204,7.849394540826469,0.0,17.64588746584846,2,3
E01002113,Harrow 002A,Harrow,3.537357490149738,2.806731295015632,0.0,10.456067322035462,1b,2
E01002114,Harrow 001B,Harrow,1.821766178565246,0.0,0.0,12.170173077522303,1a,1
E01002115,Harrow 002B,Harrow,6.375941037926692,6.733473908353613,2.208628226912912,10.914560438030732,2,3
E01002116,Harrow 002C,Harrow,7.113312377264608,4.324810171309291,0.0,23.076936836289583,2,3
E01002118,Harrow 002E,Harrow,10.99864134403413,9.983836696369291,0.0,25.37121020131345,3,4
E01002119,Harrow 007A,Harrow,14.792255790397633,12.94451204252,5.198586424998178,28.73845320118525,3,4
E01002120,Harrow 007B,Harrow,6.613305354558895,8.700245858416855,0.0,10.579372616860471,2,3
E01002121,Harrow 007C,Harrow,3.899599340701337,3.184001578059893,2.203197574863555,11.171309133569595,1b,2
E01002122,Harrow 007D,Harrow,5.418743075230608,3.219393891256624,0.0,13.957129534206343,2,3
E01002123,Harrow 007E,Harrow,12.982255006737336,14.283271856159388,0.0,21.67483595907025,3,4
E01002124,Harrow 010A,Harrow,3.852956833180009,3.219560733802763,2.208042758681163,7.021496325830288,1b,2
E01002125,Harrow 010B,Harrow,8.630328881026923,6.715887615112308,0.0,19.847571090323793,2,3
E01002127,Harrow 023B,Harrow,20.26331888866449,21.421823485375334,0.0,34.614507797128375,5,6
E01002128,Harrow 020A,Harrow,20.30624866355997,14.328480513889897,9.576947309274702,34.51983583671053,5,6
E01002129,Harrow 023C,Harrow,31.64806460263229,33.834923311716175,17.54912911996236,43.54115564981783,6a,7
E01002130,Harrow 020B,Harrow,17.99373312568748,15.37481866903304,0.0,46.51897302458986,4,5
E01002131,Harrow 023D,Harrow,5.407389973568185,3.315237753911107,0.0,18.087967108730773,2,3
E01002132,Harrow 029A,Harrow,10.059559874557058,9.161682117451846,2.101006888562904,22.541453104094032,3,4
E01002133,Harrow 027A,Harrow,11.926589690126749,13.148497919338856,0.0,24.739031268711187,3,4
E01002134,Harrow 029B,Harrow,3.825399732141454,3.197018386862559,0.0,21.72813654425513,1b,2
E01002135,Harrow 029C,Harrow,8.445416741902836,9.017887389777671,0.0,15.52552098385572,2,3
E01002136,Harrow 027B,Harrow,9.310243952001686,8.728204694883779,5.525892232060029,15.174706046491057,2,3
E01002137,Harrow 029D,Harrow,16.524880953648907,18.997011566891292,0.0,35.25212396684778,4,5
E01002138,Harrow 027C,Harrow,6.103970095830092,5.331783706076283,3.507572092960103,12.314301999024774,2,3
E01002139,Harrow 006A,Harrow,6.512099756526959,7.15720598109554,2.494127219792762,10.311933419115883,2,3
E01002140,Harrow 005A,Harrow,8.503311475469305,9.391721340366892,2.747386280635612,14.117723786393876,2,3
E01002141,Harrow 005B,Harrow,5.25915232568516,3.378580044536747,2.390894137166964,9.39947075889518,2,3
E01002142,Harrow 005C,Harrow,10.925055808406409,11.144087984479832,8.051401102345809,15.346386910810914,3,4
E01002143,Harrow 005D,Harrow,7.768101718884825,7.284676101220008,3.805691090206806,13.15267621141406,2,3
E01002144,Harrow 004A,Harrow,1.724533187642571,0.0,0.0,12.55860898449591,1a,1
E01002145,Harrow 005E,Harrow,6.465712038377228,5.956804196993033,0.0,10.50741377703246,2,3
E01002146,Harrow 004B,Harrow,1.022918656878783,0.0,0.0,6.44180806562091,1a,1
E01002147,Harrow 004C,Harrow,0.957817197314797,0.0,0.0,5.822749103379114,1a,1
E01002148,Harrow 006B,Harrow,7.713466769687611,7.792849868468891,4.425644596608581,10.20871969863036,2,3
E01002149,Harrow 004D,Harrow,2.79932932808572,3.188910253782852,0.0,6.258537141139025,1b,2
E01002150,Harrow 006C,Harrow,6.334441272685818,6.449626090376047,1.500456480495776,9.439975927993636,2,3
E01002151,Harrow 006D,Harrow,9.104275360081166,8.959338269723206,6.813922680146042,11.556772556437618,2,3
E01002152,Harrow 006E,Harrow,3.930833687114899,4.032081471650223,0.0,7.535352685385533,1b,2
E01002153,Harrow 019A,Harrow,10.714130429302058,10.503731668157894,2.989927809399135,17.890722198802305,3,4
E01002155,Harrow 019B,Harrow,2.280187990284338,2.319237319943871,0.0,11.926828918367264,1a,1
E01002156,Harrow 015B,Harrow,6.373035024458146,4.534587637164831,0.0,13.980741391514,2,3
E01002157,Harrow 019C,Harrow,14.11551081137258,14.444422079472725,8.26216856831903,18.852122109636245,3,4
E01002158,Harrow 019D,Harrow,6.614439924964518,7.07976892430018,0.0,13.9284767974134,2,3
E01002159,Harrow 021A,Harrow,8.79109374229567,7.912576481811758,0.0,17.03532066427401,2,3
E01002160,Harrow 021B,Harrow,12.851740022786055,9.284461671329824,4.946086606988426,36.96138283945855,3,4
E01002161,Harrow 021C,Harrow,15.525998278194583,15.838180094835405,12.364662775552905,18.4792227064554,4,5
E01002162,Harrow 015C,Harrow,6.723316476050575,6.672755730746504,5.295534786184171,8.691657168207787,2,3
E01002163,Harrow 015D,Harrow,7.061252480427865,6.859694518593834,0.0,14.6800085876792,2,3
E01002164,Harrow 021D,Harrow,4.925095499490395,4.025786470202426,2.78094937461513,12.420145811012226,1b,2
E01002165,Harrow 017A,Harrow,9.545830475340283,9.959637765274287,2.398195359924602,15.080927082081187,2,3
E01002166,Harrow 017B,Harrow,5.902221954912445,5.317280818911842,2.773978855543852,12.279637486707102,2,3
E01002167,Harrow 017C,Harrow,4.839923086143213,3.941989381584724,3.10375566889555,10.444536242968814,1b,2
E01002168,Harrow 017D,Harrow,4.444465765426179,4.286443701895714,3.055445771654298,7.047919528072071,1b,2
E01002169,Harrow 017E,Harrow,9.788576319047769,9.675082468168426,5.370748780817143,11.990918059407305,2,3
E01002170,Harrow 033A,Harrow,7.809123917557581,7.431327259726705,6.51624194257564,12.520008804438907,2,3
E01002171,Harrow 033B,Harrow,4.825396127381807,4.346643775918455,3.430222416817274,10.467235532797392,1b,2
E01002172,Harrow 033C,Harrow,4.072292260638749,3.887513044725092,0.0,15.1561046535443,1b,2
E01002173,Harrow 033D,Harrow,7.128953031579893,7.761822145722796,3.508773944373784,10.479906548318583,2,3
E01002174,Harrow 033E,Harrow,8.801919583080057,8.644731964222858,5.25932294019481,13.23097116224363,2,3
E01002175,Harrow 033F,Harrow,9.904196568363478,10.869578906302506,3.392561258031594,13.464865727465464,2,3
E01002176,Harrow 033G,Harrow,9.979527673692267,11.289150937709149,0.0,23.911280564335154,2,3
E01002177,Harrow 033H,Harrow,4.602348158083799,4.486464252467243,2.535445863528398,8.10062827220201,1b,2
E01002178,Harrow 033I,Harrow,4.947595489704596,5.162094996601949,0.0,8.081410902868017,1b,2
E01002179,Harrow 013A,Harrow,16.660674580811477,17.428623517022217,9.276777925653558,21.530412110305456,4,5
E01002181,Harrow 020C,Harrow,7.946831690548342,7.557777047574564,0.0,19.87099706336309,2,3
E01002182,Harrow 020D,Harrow,13.344199990464192,14.018285333594775,3.758297716153928,16.665367144275884,3,4
E01002183,Harrow 013C,Harrow,7.551960176192222,4.73190469315484,2.404581710916651,18.358744461190348,2,3
E01002184,Harrow 013D,Harrow,4.657064549648974,3.78656284384748,1.993993950574826,14.716171010023457,1b,2
E01002185,Harrow 009A,Harrow,4.802066873060056,3.944832745250232,2.956340286120168,9.20922395612663,1b,2
E01002186,Harrow 009B,Hillingdon,5.244325566703429,4.716972495221427,2.043588040297757,12.240005562691383,2,3
E01002187,Harrow 009C,Harrow,4.511486111540862,3.78736081980357,0.0,14.209771592138145,1b,2
E01002188,Harrow 016A,Harrow,6.155154224026905,5.073397785781333,0.0,13.577107270061209,2,3
E01002189,Harrow 016B,Harrow,9.639851995384042,11.028346507869374,0.0,16.017030615207272,2,3
E01002190,Harrow 009D,Harrow,0.832475050776906,0.0,0.0,8.075863715618086,1a,1
E01002191,Harrow 022A,Harrow,4.034969126533115,3.353077121622325,0.0,9.41379384730694,1b,2
E01002192,Harrow 016C,Hillingdon,5.768373858168188,4.012159812333478,0.0,16.58300184358918,2,3
E01002193,Harrow 016D,Harrow,11.349388468900647,12.35222189814552,4.524003055746011,15.590232314795212,3,4
E01002194,Harrow 022B,Harrow,5.302149761112282,4.144943196705293,0.0,15.68595960684434,2,3
E01002195,Harrow 022C,Harrow,4.470255890739581,4.038062318266873,2.549664489281429,7.380968779730939,1b,2
E01002196,Harrow 022D,Harrow,3.62041794638494,3.104612840822055,1.630434090387522,7.63455907127117,1b,2
E01002197,Harrow 012B,Harrow,5.391813416513644,5.144977333274166,1.906699241912567,7.665485029876435,2,3
E01002198,Harrow 010C,Harrow,8.436785892300772,7.822435910007095,2.715566810937907,16.728535591087343,2,3
E01002199,Harrow 012C,Harrow,7.784591049333216,7.960174444333006,3.833588182415671,9.498722432247462,2,3
E01002200,Harrow 010D,Harrow,6.736632896076301,6.104378217537731,2.238797318624015,13.573638447191158,2,3
E01002201,Harrow 012D,Harrow,4.106828282141974,4.185362314526872,1.938106995541372,6.317038442070675,1b,2
E01002202,Harrow 012E,Harrow,8.956285074563965,9.277086894625306,5.178277531277987,11.39836428670978,2,3
E01002203,Harrow 010E,Harrow,5.487116916691393,4.667154530046093,2.204934128181335,12.737927355634753,2,3
E01002204,Harrow 032A,Harrow,14.147665855640868,14.02009805096266,11.1333134898973,17.955677077128335,3,4
E01002206,Harrow 032B,Harrow,13.459086802220533,12.962066808942184,10.39882756749356,17.71071981222144,3,4
E01002207,Harrow 032C,Harrow,4.481417962378409,3.823936923638643,1.911187890037487,12.416179329337067,1b,2
E01002208,Harrow 025A,Harrow,4.825369878196083,3.709553297877963,1.877961402869413,12.384515237932089,1b,2
E01002209,Harrow 025B,Harrow,13.110753862992258,13.075790700117956,3.027972047406382,20.43151372757597,3,4
E01002210,Harrow 032D,Harrow,10.593074285802308,10.781950440174258,3.859782260897884,16.67460027643569,3,4
E01002211,Harrow 028A,Harrow,7.528455182064774,7.205531663060824,1.509536188729871,11.850793601497042,2,3
E01002212,Harrow 028B,Harrow,7.947532256149821,7.53089896907265,3.749518441076182,16.495526870429494,2,3
E01002214,Harrow 031A,Harrow,5.493958762375076,5.378632025022544,4.470723239452051,7.128797476699906,2,3
E01002215,Harrow 031B,Harrow,6.278142145757893,6.267199214748367,4.341816967014123,8.661940726191162,2,3
E01002216,Harrow 028C,Harrow,5.35503424359668,5.029178586447488,3.534031597009342,9.991012878949189,2,3
E01002217,Harrow 028D,Harrow,6.200792824776455,3.887435198682951,2.456088437675597,11.066758154292202,2,3
E01002218,Harrow 030A,Harrow,13.426696303973582,12.45595290365524,7.632721312268513,19.269868261163897,3,4
E01002219,Harrow 030B,Harrow,16.56227059074459,17.596725462459066,4.004116097167497,27.77477061619996,4,5
E01002220,Harrow 031C,Harrow,5.97162717488125,5.782465220648124,4.226173012762349,10.16013684757301,2,3
E01002221,Harrow 030C,Harrow,12.288347947400084,12.730034115507308,8.47122105433038,18.855987210318187,3,4
E01002222,Harrow 030D,Harrow,6.799504160627863,7.261056224758777,1.324013865750846,11.154943686818608,2,3
E01002223,Harrow 031D,Harrow,4.364623237019628,4.35761978551299,1.312192271115795,6.724829966208563,1b,2
E01002224,Harrow 031E,Harrow,3.272698888210081,3.250551896779536,2.041587871367341,5.758417055264593,1b,2
E01002225,Harrow 001C,Harrow,1.850597535633666,2.050496028931191,0.0,7.803020685406961,1a,1
E01002226,Harrow 001D,Harrow,6.494941064190631,6.19417086077256,0.0,12.51180347231486,2,3
E01002227,Harrow 003A,Harrow,4.713853455085832,5.50032814432477,0.0,8.089042761490026,1b,2
E01002228,Harrow 003B,Harrow,4.238137222446897,4.336746023348446,0.0,7.634991332833469,1b,2
E01002229,Harrow 003C,Harrow,2.697501447877559,1.951419656014201,0.0,11.084934286951974,1b,2
E01002230,Harrow 003D,Harrow,3.117951647052394,2.669863147532394,0.0,6.558318725551977,1b,2
E01002231,Harrow 013E,Harrow,4.314245520665523,4.220467796423357,2.498262916654253,9.385609186953634,1b,2
E01002232,Harrow 011A,Harrow,9.960943100632583,9.766681302038444,4.114506690878702,14.299137049968053,2,3
E01002233,Harrow 011B,Harrow,10.26519459078576,10.55866259176008,7.080397977046107,16.642733466381127,3,4
E01002234,Harrow 011C,Harrow,3.46064829070913,3.677379163316496,0.0,7.51639757028398,1b,2
E01002235,Harrow 011D,Harrow,7.098025764865149,7.040073683631409,4.081734768977748,11.674937687686736,2,3
E01002236,Harrow 011E,Harrow,9.646122431295252,9.961968711919784,0.0,16.522588217979536,2,3
E01002237,Harrow 024A,Harrow,21.101090226453348,20.043538229503568,7.712237626382859,35.75011433907078,5,6
E01002238,Harrow 024B,Harrow,8.559297758022511,8.738398091259779,3.205454845909337,15.448604528484008,2,3
E01002239,Harrow 025C,Harrow,9.452399984581538,10.205009108850648,1.848311155065967,18.087412411744847,2,3
E01002240,Harrow 024C,Harrow,14.661387761043365,13.165380531569568,8.245270385840097,23.415547466447627,3,4
E01002241,Harrow 025D,Harrow,5.805905953820058,4.617767683649436,0.0,14.033994409411624,2,3
E01002242,Harrow 024D,Harrow,13.133038802957628,13.310617503629128,4.137601597217445,18.99886152070517,3,4
E01002243,Havering 013A,Havering,18.18658187593244,17.711785125879533,4.925423565733201,30.20994964409236,4,5
E01002244,Havering 011A,Havering,6.001795941177498,4.870244892366392,2.022421367594763,26.66861504549784,2,3
E01002245,Havering 011B,Havering,10.541731633700108,10.626576373555,2.691706126589303,17.239642717617592,3,4
E01002246,Havering 017A,Havering,2.680334171271649,3.112529301227508,0.0,5.471016947780345,1b,2
E01002247,Havering 017B,Havering,4.585960598094264,3.602740832087228,0.0,16.103820387668446,1b,2
E01002248,Havering 017C,Havering,6.543432011797846,6.196810393182496,1.625029174395315,15.008640124749933,2,3
E01002250,Havering 017E,Havering,2.455800838929975,2.355709374418676,0.0,7.364520284024417,1a,1
E01002251,Havering 017F,Havering,8.355919994485422,8.909858311823815,0.0,12.527049934537084,2,3
E01002252,Havering 018A,Havering,0.639351049017884,0.0,0.0,4.550910564772812,1a,1
E01002253,Havering 019A,Havering,2.442449921771344,2.772048690749683,0.0,5.056888472278901,1a,1
E01002254,Havering 019B,Havering,4.260565489977009,3.724949101844728,0.0,12.851828424030431,1b,2
E01002255,Havering 022A,Havering,2.330456147550317,2.060072873134758,0.0,9.982185890775805,1a,1
E01002256,Havering 018B,Havering,2.968809392847338,3.328123426548797,0.0,5.280700093975337,1b,2
E01002257,Havering 019C,Havering,12.42668458320602,13.502298991897948,2.487934864079366,23.979852150383827,3,4
E01002258,Havering 018C,Havering,4.832321388965911,4.765893377466109,2.516789128668187,6.18450127980701,1b,2
E01002259,Havering 018D,Havering,0.738499868410931,0.0,0.0,6.498906670349993,1a,1
E01002260,Havering 026A,Havering,2.655552747523815,2.003817404328712,0.0,11.13390627823849,1b,2
E01002261,Havering 026B,Havering,11.122620160848836,10.80407363014066,6.306099843686271,15.681996305234108,3,4
E01002262,Havering 026C,Havering,7.367885146053698,6.80389799476391,3.700371920373077,12.071673782478673,2,3
E01002263,Havering 026D,Havering,2.368021054443613,2.338430025428458,0.0,6.767759536716742,1a,1
E01002264,Havering 026E,Havering,5.599852744628638,5.72828022293383,2.582257043757467,10.176380732520482,2,3
E01002265,Havering 025A,Havering,2.441330277141913,2.5074389086198,0.0,10.182021859407204,1a,1
E01002266,Havering 027A,Havering,3.782394873801466,4.406753373231968,0.0,6.378921508476012,1b,2
E01002267,Havering 027B,Havering,5.900062010196072,5.878762497659269,4.992158561235173,7.298425353663498,2,3
E01002268,Havering 010A,Havering,1.363611588297891,0.0,0.0,8.735563288041314,1a,1
E01002269,Havering 010B,Havering,1.774753618576262,2.336995590595642,0.0,4.031013771602976,1a,1
E01002270,Havering 015A,Havering,3.804274749598758,2.816051046570538,0.0,8.011873474492814,1b,2
E01002271,Havering 015B,Havering,1.21587491198857,0.0,0.0,4.168993667760705,1a,1
E01002272,Havering 014A,Havering,7.365953120812949,6.925333407751659,5.105306819583685,12.235223300571723,2,3
E01002273,Havering 015C,Havering,2.078762931332957,2.320925776289986,0.0,7.08258335174302,1a,1
E01002274,Havering 014B,Havering,6.574417112062013,6.526532820161757,4.35735636060444,8.93189662256034,2,3
E01002275,Havering 015D,Havering,3.865458568232572,3.221546733130794,0.0,8.949087168767239,1b,2
E01002276,Havering 001A,Havering,0.835307060357737,0.0,0.0,7.575956428039421,1a,1
E01002277,Havering 002A,Havering,2.082276636667592,0.0,0.0,8.43309573472245,1a,1
E01002278,Havering 001B,Havering,7.159390534927178,6.939466452111903,5.53404419369482,9.89078242278881,2,3
E01002279,Havering 002B,Havering,6.220065931375228,6.234710117385123,4.299082916263675,8.863246181171675,2,3
E01002280,Havering 004A,Havering,7.20402374985628,6.88593949632965,4.943633859405801,10.492476318542623,2,3
E01002281,Havering 002C,Havering,6.495391182714164,6.379671915645726,4.320532447540801,9.970223630154852,2,3
E01002282,Havering 004B,Havering,7.922764848080083,7.982021618374803,2.702192959912551,10.75961446544121,2,3
E01002283,Havering 002D,Havering,6.648092248959033,6.402671292263194,4.953175352870204,8.672831828674246,2,3
E01002284,Havering 004C,Havering,5.780160325424878,5.881069536146243,2.54040778873078,8.355425666609541,2,3
E01002285,Havering 025B,Havering,6.290704952025964,4.447270072261088,0.0,12.553941871556008,2,3
E01002286,Havering 025C,Havering,1.502659748581088,1.017449910230941,0.0,5.985193180191398,1a,1
E01002287,Havering 023A,Havering,7.305199760731062,8.946233722537063,0.0,12.660553593442971,2,3
E01002288,Havering 025D,Havering,3.851790074613619,3.809641084470104,0.0,10.393781473943378,1b,2
E01002289,Havering 022B,Havering,7.406735015260351,7.687287023344293,2.450643983202519,11.010614353018452,2,3
E01002290,Havering 025E,Havering,8.744303191335867,8.75545716907301,5.936183578254532,12.623173751594011,2,3
E01002291,Havering 023B,Havering,10.13025654179786,10.681273255043688,3.479978572296325,16.745050052735,3,4
E01002292,Havering 022C,Havering,4.130635410090605,3.279465521595086,0.0,8.344833685851487,1b,2
E01002294,Havering 007B,Havering,2.69169240010838,0.312888357608499,0.0,12.09017647090273,1b,2
E01002295,Havering 010C,Havering,6.117487883771068,5.445403778024533,1.376055656595429,10.702368118247133,2,3
E01002296,Havering 007C,Havering,0.399885572721561,0.0,0.0,6.525764125518172,1a,1
E01002297,Havering 004D,Havering,5.563416146915565,5.754531183799862,2.971932491971338,7.293989624360047,2,3
E01002298,Havering 007D,Havering,5.758211942112607,5.429952267705368,2.146055346824433,10.520832143141462,2,3
E01002299,Havering 002E,Havering,6.207847350147407,6.41090894384783,3.905898408868883,8.489477476354121,2,3
E01002300,Havering 007E,Havering,10.05085609586633,10.262158783022045,5.433901572024904,13.45784314098908,3,4
E01002301,Havering 003A,Havering,4.878501118865573,4.269018756872528,2.923241226861392,9.126601303208478,1b,2
E01002302,Havering 005A,Havering,5.492561662937779,5.348059664057738,1.967448634041965,10.006154697166,2,3
E01002303,Havering 003B,Havering,5.709246918022123,5.748552098244636,3.795562174089588,6.804432914117675,2,3
E01002304,Havering 003C,Havering,0.61281299672389,0.0,0.0,6.749663516196158,1a,1
E01002305,Havering 005B,Havering,0.745915270769677,0.0,0.0,4.716826538557912,1a,1
E01002306,Havering 003D,Havering,3.973677466880011,3.87285747838726,2.759624616929822,5.537764000779995,1b,2
E01002307,Havering 003E,Havering,4.254559887229022,4.258353969751271,3.534995008044959,5.245499420763343,1b,2
E01002308,Havering 005C,Havering,2.357548595168755,2.496006726018723,0.0,5.055341091244411,1a,1
E01002309,Havering 006A,Havering,3.853800531889313,3.594574365043712,0.0,9.27365317403153,1b,2
E01002310,Havering 006B,Havering,6.472055003223152,6.197716532480121,3.862175012210055,9.28832439939142,2,3
E01002311,Havering 006C,Havering,2.033807206197993,1.551291418775567,0.0,8.501851499157256,1a,1
E01002312,Havering 001C,Havering,3.28998232315032,4.249482971841161,0.0,7.056402934913313,1b,2
E01002313,Havering 001D,Havering,4.047916225882536,4.352020517879025,0.0,6.755771755910105,1b,2
E01002314,Havering 004E,Havering,6.883821012421144,6.713194984583611,5.80229755050772,8.61590398881259,2,3
E01002315,Havering 006D,Havering,5.43795307391819,5.405213407892841,3.207904045974315,8.358344962790172,2,3
E01002316,Havering 004F,Havering,5.179302605951804,5.533255710553245,3.162991369261299,6.713770801643842,2,3
E01002317,Havering 014C,Havering,4.158049300327257,4.329193172426133,0.0,9.686981125779315,1b,2
E01002318,Havering 014D,Havering,5.591094594960085,5.276719295163279,2.937526145936383,9.915596209555131,2,3
E01002319,Havering 016A,Havering,6.300825097578235,5.789832210083178,3.161359236781766,15.246731910421127,2,3
E01002320,Havering 021A,Havering,4.147707441803501,4.138106226463598,0.0,6.586677343424835,1b,2
E01002321,Havering 021B,Havering,5.276972615334165,4.887362376899613,0.0,9.136364879689928,2,3
E01002322,Havering 021C,Havering,2.638234437124059,2.795478749278571,0.0,6.716438247722028,1b,2
E01002323,Havering 021D,Havering,4.776986971792327,4.736056414574772,0.0,10.724636746113058,1b,2
E01002324,Havering 021E,Havering,1.310472447753689,0.0,0.0,6.415176484462066,1a,1
E01002325,Havering 011C,Havering,3.203504102951842,2.848513277929263,0.0,9.664030312743012,1b,2
E01002326,Havering 005D,Havering,8.664047715964612,8.484969421904148,5.348868015206363,11.299099154901736,2,3
E01002327,Havering 009A,Havering,7.356217438742909,7.40705939880112,2.275420345201221,9.894986657800011,2,3
E01002328,Havering 009B,Havering,8.692995324033847,8.449652995213786,2.898742986418896,12.46878752631417,2,3
E01002329,Havering 011D,Havering,5.51425511492856,5.409116813650289,0.0,10.712331975350876,2,3
E01002330,Havering 011E,Havering,1.642887237435565,0.0,0.0,6.544422378945433,1a,1
E01002331,Havering 005E,Havering,5.66128384834018,5.503450943835849,2.020620145552043,9.342327618120528,2,3
E01002332,Havering 009C,Havering,6.399258608645169,6.027067027655635,2.996341544208219,9.834870092442925,2,3
E01002333,Havering 008A,Havering,3.857598123136139,3.726718284945192,2.825922644170848,6.085890137020003,1b,2
E01002334,Havering 008B,Havering,1.069495609710851,0.0,0.0,4.430486004889993,1a,1
E01002335,Havering 009D,Havering,6.716217307159821,7.376524376348082,0.0,9.009443201750456,2,3
E01002336,Havering 008C,Havering,4.145343372300557,4.177483140541666,2.432028520718323,7.223345716114844,1b,2
E01002337,Havering 012A,Havering,2.942452622650256,3.441185127671619,0.0,9.085830539238463,1b,2
E01002338,Havering 009E,Havering,8.078532682423399,7.83946750988823,2.228492705776937,14.193870231401004,2,3
E01002339,Havering 008D,Havering,3.002106049879633,1.923903807188352,0.0,9.5827574076465,1b,2
E01002340,Havering 009F,Havering,12.011916713303943,11.518160815358105,4.429068167721183,22.528850147099096,3,4
E01002341,Havering 008E,Havering,3.755555383325176,3.526694333104067,1.651669205947437,6.334545228477008,1b,2
E01002342,Havering 030A,Havering,4.098315208073188,4.051212363333347,3.453487196181015,5.0063271132717,1b,2
E01002343,Havering 029A,Havering,3.027954088796142,3.371456621730478,0.0,4.9206730674677,1b,2
E01002344,Havering 029B,Havering,0.500426887393417,0.0,0.0,8.28815965981558,1a,1
E01002345,Havering 030B,Havering,5.927788161694788,6.324829294718049,0.0,10.652461771278888,2,3
E01002346,Havering 030C,Havering,3.962066220904009,4.017299707153056,1.623599933726633,6.308591704873663,1b,2
E01002347,Havering 030D,Havering,1.8324357206024,1.900393049555791,0.0,2.368065940577993,1a,1
E01002348,Havering 029C,Havering,0.756898352059756,0.0,0.0,5.219189945616799,1a,1
E01002349,Havering 029D,Havering,2.328466106779578,3.46546454388634,0.0,5.055884442415808,1a,1
E01002350,Havering 016B,Havering,26.921758139649526,29.335887745409742,11.922365862266908,38.27328557023582,6a,7
E01002351,Havering 016C,Havering,9.074260787997844,7.682961547033736,4.384648592844881,22.42228030466112,2,3
E01002352,Havering 016D,Havering,7.337454807328668,7.261633234900141,2.778896187451917,11.769471085012912,2,3
E01002353,Havering 013B,Havering,16.965481417007986,20.52634933963612,0.0,35.67482636160641,4,5
E01002354,Havering 012B,Havering,6.981767089941278,6.572225785467658,3.439222702426266,25.047219375153464,2,3
E01002355,Havering 014E,Havering,6.124795552287622,6.644814527516059,0.0,13.434605171166083,2,3
E01002356,Havering 013C,Havering,28.279437086039728,30.629458998508305,3.201154526180482,46.47132182103613,6a,7
E01002358,Havering 016E,Havering,20.927883153048768,22.276096536038786,6.320255661924172,35.344717464366774,5,6
E01002359,Havering 020A,Havering,7.709596828197283,7.056450063840414,2.068073532997884,13.401108548445716,2,3
E01002360,Havering 020B,Havering,10.991221210740935,10.989496729183742,4.438814958225696,16.824725783486016,3,4
E01002361,Havering 020C,Havering,12.667211092116371,13.404682821386428,7.731619877355064,18.694711554373345,3,4
E01002362,Havering 022D,Havering,10.916415316768973,10.961747022690313,8.225461549038148,14.782161281806738,3,4
E01002363,Havering 020D,Havering,6.156149480455579,5.842504796899933,4.183343283655711,9.010887870270748,2,3
E01002364,Havering 023C,Havering,10.078985853684191,10.680372160957734,3.824399771821281,15.384857420549984,3,4
E01002365,Havering 023D,Havering,9.076871378180032,10.095524448769748,3.520192167382589,13.038368892037257,2,3
E01002366,Havering 023E,Havering,7.409567902327023,7.702075401738012,0.0,11.914433894120286,2,3
E01002367,Havering 020E,Havering,8.315445250520881,7.498276826766714,3.479177162340507,12.965129868448267,2,3
E01002368,Havering 028A,Havering,3.673510266710485,3.739167911963137,0.0,8.257652463735774,1b,2
E01002369,Havering 028B,Havering,4.030025785753155,3.583742397023602,1.890866462855371,8.222631131359467,1b,2
E01002370,Havering 028C,Havering,2.463230192075436,2.277182358163224,0.0,8.920216222826092,1a,1
E01002371,Havering 028D,Havering,6.490683146046834,6.194332600715764,5.528357113478995,8.415975234331343,2,3
E01002372,Havering 027C,Havering,5.469123124343575,5.181085068648747,4.350900648787141,8.019738606398995,2,3
E01002373,Havering 027D,Havering,4.867772538571449,5.097840506907919,0.0,7.270995204932931,1b,2
E01002374,Havering 027E,Havering,2.278688767252396,0.0,0.0,8.116781248040743,1a,1
E01002375,Havering 028E,Havering,3.011615776166706,2.853182153716089,2.223663529882419,6.687337882794772,1b,2
E01002376,Havering 012C,Havering,6.757991819998299,7.438532456904107,1.991475956296087,11.21805352785001,2,3
E01002377,Havering 010D,Havering,3.802349590154239,3.951923158454741,0.0,5.933174031757128,1b,2
E01002378,Havering 010E,Havering,2.930806092065168,3.531405414968556,0.0,5.339831761041291,1b,2
E01002379,Havering 012D,Havering,10.49263886785627,10.567026498131844,8.055424841484339,13.05195090756042,3,4
E01002380,Havering 012E,Havering,5.559697831022142,4.48702506350836,1.976481910371936,10.522400827140954,2,3
E01002381,Havering 012F,Havering,5.72016602241446,4.964158159008895,2.216787174283401,11.774433875188112,2,3
E01002382,Havering 014F,Havering,7.946398239512533,8.262870545310133,0.0,11.67708331507962,2,3
E01002383,Havering 010F,Havering,4.876483837229162,4.936802552252829,0.0,8.149512451231457,1b,2
E01002384,Havering 019D,Havering,8.720950691908872,4.262485982839511,2.183104261567042,21.030892864162176,2,3
E01002385,Havering 024A,Havering,0.590093647583646,0.0,0.0,3.345729742567213,1a,1
E01002386,Havering 022E,Havering,12.863589021437496,15.652803826907776,0.0,21.815596528119208,3,4
E01002387,Havering 024B,Havering,1.763508363251055,0.0,0.0,15.98522616201719,1a,1
E01002388,Havering 024C,Havering,2.12684447746885,2.169677008450691,0.0,3.087986349128953,1a,1
E01002389,Havering 024D,Havering,1.001411797738232,0.0,0.0,2.707322628350663,1a,1
E01002390,Havering 024E,Havering,4.213694253949294,2.010090820134796,0.0,15.193631336178452,1b,2
E01002391,Havering 018E,Havering,0.388863710172774,0.0,0.0,4.772052567572119,1a,1
E01002392,Hillingdon 020A,Hillingdon,3.47520239432771,3.591357052997984,0.0,9.890911469498166,1b,2
E01002393,Hillingdon 020B,Hillingdon,6.465824397966768,6.415958505435832,3.568671711555222,10.3552670441028,2,3
E01002394,Hillingdon 021A,Hillingdon,1.744263156798734,0.0,0.0,6.798142903438837,1a,1
E01002395,Hillingdon 021B,Hillingdon,5.158202300518671,4.970742128377279,3.730607791768974,9.129453423890164,2,3
E01002396,Hillingdon 026A,Hillingdon,7.764593019043869,8.105746748150214,0.0,13.244497200002115,2,3
E01002397,Hillingdon 021C,Hillingdon,10.742284791656624,10.622746509594034,8.075886553355849,14.990064187150129,3,4
E01002398,Hillingdon 021D,Hillingdon,6.976505171478776,7.763702070927744,3.569508387138663,10.051515549221437,2,3
E01002399,Hillingdon 021E,Hillingdon,7.144230671580436,6.829913293164177,3.20954901942841,13.258797660799235,2,3
E01002400,Hillingdon 024A,Hillingdon,4.597724616613891,4.78524164575979,0.0,8.950458894538219,1b,2
E01002401,Hillingdon 024B,Hillingdon,6.464492501843289,6.489221026030618,2.101740804424823,12.172962908871288,2,3
E01002402,Hillingdon 024C,Hillingdon,5.569087944498828,5.457192298224728,3.533165083371945,8.46238384352451,2,3
E01002403,Hillingdon 024D,Hillingdon,4.403581516221408,4.11050357766015,2.662871133077205,6.886721984478367,1b,2
E01002404,Hillingdon 024E,Hillingdon,5.368437698676688,4.353788239824206,3.558455863018686,10.912913023086578,2,3
E01002405,Hillingdon 027A,Hillingdon,4.793041974454789,4.266878036123313,2.085875938352608,13.308617738506642,1b,2
E01002408,Hillingdon 019A,Hillingdon,8.648595384855247,9.308739927276967,5.633291893213463,11.16590537020517,2,3
E01002409,Hillingdon 019B,Hillingdon,6.658731143515988,6.501012145750169,4.800275710960895,10.042675400337988,2,3
E01002410,Hillingdon 017A,Hillingdon,7.712022852395285,8.214401095745034,3.2252586375216,11.518721938023935,2,3
E01002411,Hillingdon 022A,Hillingdon,3.555482703385672,3.759860096439832,0.0,8.53776464157237,1b,2
E01002412,Hillingdon 017B,Hillingdon,7.667185664235525,8.468335161598803,0.0,12.150655764536094,2,3
E01002413,Hillingdon 022B,Hillingdon,3.730634589677426,2.994278632498984,2.097978301044063,6.90264354909886,1b,2
E01002414,Hillingdon 015A,Hillingdon,7.886489638769407,8.455049053439849,0.0,13.545302471948991,2,3
E01002415,Hillingdon 010A,Hillingdon,2.669804661305674,2.33571225432325,0.0,8.470509833439937,1b,2
E01002416,Hillingdon 008A,Hillingdon,1.677153541143252,1.917720230516658,0.0,7.165009586301035,1a,1
E01002417,Hillingdon 008B,Hillingdon,8.960643438666123,8.6547278701907,4.854109081318168,13.338968899525426,2,3
E01002418,Hillingdon 006A,Hillingdon,5.111374351227257,6.776979831282082,0.0,8.64890841501388,2,3
E01002419,Hillingdon 006B,Hillingdon,8.68090929925287,9.196926375784363,2.122627392076972,11.6061524898409,2,3
E01002420,Hillingdon 008C,Hillingdon,4.289207949969363,5.872886735522742,0.0,7.988610867006086,1b,2
E01002421,Hillingdon 008D,Hillingdon,2.501092473148999,2.233040041990615,0.0,7.281780379438729,1b,2
E01002422,Hillingdon 018A,Hillingdon,4.516057693806293,4.339887707534607,3.629498853211854,6.437103421421729,1b,2
E01002423,Hillingdon 018B,Hillingdon,3.377079484995274,3.835916743018116,0.0,9.532915463733833,1b,2
E01002424,Hillingdon 018C,Hillingdon,4.946225101273247,5.04114761465529,2.185504016732838,6.169319116393143,1b,2
E01002425,Hillingdon 018D,Hillingdon,3.377511329948816,3.569578072866626,0.0,5.148043043919627,1b,2
E01002426,Hillingdon 021F,Hillingdon,8.27578040091461,9.443198128470382,4.204087696040588,12.33151337103404,2,3
E01002427,Hillingdon 018E,Hillingdon,6.803621694301239,6.743070786398802,3.606058446605167,11.7677483584693,2,3
E01002428,Hillingdon 018F,Hillingdon,2.469018528439468,2.721270658112005,0.0,5.118744248576949,1a,1
E01002429,Hillingdon 019C,Hillingdon,3.159386325560015,3.121164415482593,1.343849654398189,4.211379934978504,1b,2
E01002430,Hillingdon 007A,Hillingdon,0.654562195097539,0.0,0.0,6.918962412227426,1a,1
E01002431,Hillingdon 006C,Hillingdon,6.867802693809269,7.796278120766727,1.678814622581528,11.911570479696284,2,3
E01002432,Hillingdon 006D,Hillingdon,8.752340421073502,8.961482451372628,4.564234786654394,13.43379417725523,2,3
E01002433,Hillingdon 004A,Hillingdon,3.418627932318081,3.322798350475512,1.580762637260029,8.458836820568672,1b,2
E01002434,Hillingdon 007B,Hillingdon,2.832547125429308,2.590117663088038,0.0,14.235781515256,1b,2
E01002435,Hillingdon 007C,Hillingdon,6.236213403648367,6.891562004238212,0.0,11.0064432097056,2,3
E01002436,Hillingdon 004B,Hillingdon,2.678735920697197,2.742461812746342,1.523635374185236,4.186184089059096,1b,2
E01002437,Hillingdon 006E,Hillingdon,2.763210621368181,2.842981119651693,0.0,9.197150738119689,1b,2
E01002438,Hillingdon 003A,Hillingdon,0.233225553220511,0.0,0.0,2.426318037720505,1a,1
E01002439,Hillingdon 003B,Hillingdon,2.237421660815381,2.570135169514427,0.0,3.259150882380796,1a,1
E01002440,Hillingdon 003C,Hillingdon,1.151894671431984,1.61418418546712,0.0,2.976051004085646,1a,1
E01002441,Hillingdon 003D,Hillingdon,0.447935165941274,0.0,0.0,6.449167033991166,1a,1
E01002442,Hillingdon 003E,Hillingdon,0.970208566926326,0.0,0.0,3.261983792665276,1a,1
E01002443,Hillingdon 032A,Hounslow,4.261629313020238,1.917452992459854,0.0,20.993956778188046,1b,2
E01002444,Hillingdon 031A,Hounslow,4.017658346116693,0.767332686321272,0.0,30.981620754915557,1b,2
E01002445,Hillingdon 029A,Hillingdon,4.724363182326858,4.636375878883729,3.028476760404815,6.904012864400698,1b,2
E01002446,Hillingdon 031B,Hillingdon,2.590025706368188,2.744275839961909,0.0,7.972713395175537,1b,2
E01002447,Hillingdon 031C,Hillingdon,5.167425778727577,2.48308697052387,0.0,19.660071915214445,2,3
E01002448,Hillingdon 032B,Hillingdon,5.888341109305158,5.903105740142887,0.0,14.49759901339544,2,3
E01002449,Hillingdon 032C,Hillingdon,10.522811134562128,12.465976632497483,0.0,19.308028121131745,3,4
E01002450,Hillingdon 014A,Hillingdon,2.607724363953375,2.579652754125067,0.0,3.839202453988579,1b,2
E01002451,Hillingdon 014B,Hillingdon,5.674844771578289,4.704094322102307,3.004126477979933,9.513789811030916,2,3
E01002452,Hillingdon 014C,Hillingdon,8.2323078462938,8.64406520401236,2.684234698889217,12.766021504085336,2,3
E01002453,Hillingdon 014D,Hillingdon,3.326616069538553,3.528241337662121,1.223292960240283,5.097017897490719,1b,2
E01002454,Hillingdon 014E,Hillingdon,0.607278198859751,0.0,0.0,3.039891336347874,1a,1
E01002455,Hillingdon 019D,Hillingdon,4.930796198116787,5.377194523200531,0.0,9.85180388946896,1b,2
E01002456,Hillingdon 017C,Hillingdon,4.329036487724791,4.009363932527251,0.0,9.069831527857383,1b,2
E01002457,Hillingdon 019E,Hillingdon,5.048049930243691,4.968888935188724,1.232701046975926,11.66741512109412,2,3
E01002458,Hillingdon 011A,Hillingdon,1.486965064338499,0.0,0.0,9.954814236897928,1a,1
E01002459,Hillingdon 011B,Hillingdon,2.664699017937788,1.813017432508178,0.0,12.030473707935526,1b,2
E01002460,Hillingdon 011C,Hillingdon,9.575913500790897,9.694219991290328,0.0,15.460101241132692,2,3
E01002461,Hillingdon 013A,Hillingdon,0.778435793156385,0.0,0.0,4.234019574808935,1a,1
E01002462,Hillingdon 011D,Hillingdon,2.296081381142927,2.241451726470889,0.0,4.049969440131448,1a,1
E01002463,Hillingdon 013B,Hillingdon,6.577030494783013,7.316903084651532,0.0,12.306927305315032,2,3
E01002464,Hillingdon 011E,Hillingdon,5.093519406962511,5.978033834313321,0.0,13.23416901190622,2,3
E01002465,Hillingdon 009A,Hillingdon,7.399091607791406,6.930830339975865,5.407997439560369,10.784167672403443,2,3
E01002466,Hillingdon 010B,Hillingdon,3.770208724026511,2.891992343859346,2.231925260567403,6.882753509313353,1b,2
E01002467,Hillingdon 009B,Hillingdon,8.735419458362589,7.298976426022591,0.0,19.31873550913314,2,3
E01002468,Hillingdon 010C,Hillingdon,7.348154111320398,8.174815728697428,2.72662182582692,11.136248299553923,2,3
E01002469,Hillingdon 010D,Hillingdon,9.178903170639902,9.11087382152616,6.533689303381728,12.288056394923467,2,3
E01002470,Hillingdon 007D,Hillingdon,12.366421259974889,12.45747068627249,7.606501315530636,18.421236642561613,3,4
E01002471,Hillingdon 008E,Hillingdon,9.192298260602003,9.160672151984148,4.873851938405674,11.90283773243222,2,3
E01002472,Hillingdon 002A,Hillingdon,9.411115587003854,10.64862512296778,0.0,15.760137027833585,2,3
E01002473,Hillingdon 001A,Hillingdon,0.629790416915873,0.0,0.0,5.342730460522207,1a,1
E01002474,Hillingdon 002B,Hillingdon,3.343314454860733,2.901470034133244,0.0,11.83189938753526,1b,2
E01002475,Hillingdon 001B,Hillingdon,4.162311627703537,4.949079144762665,0.0,7.225818283850108,1b,2
E01002476,Hillingdon 001C,Hillingdon,5.647238182740439,4.97026043009397,0.0,13.303124125092062,2,3
E01002477,Hillingdon 001D,Hillingdon,7.743091975251576,9.039687894843995,1.240434960705941,14.422636830314632,2,3
E01002478,Hillingdon 002C,Hillingdon,11.342702575501356,11.565756851523886,0.0,14.975938967579694,3,4
E01002479,Hillingdon 004C,Hillingdon,2.66502998422301,1.722032508015663,0.0,11.489250721646926,1b,2
E01002480,Hillingdon 004D,Hillingdon,2.741626949852665,1.936870766647464,0.0,9.335134970093192,1b,2
E01002481,Hillingdon 004E,Hillingdon,4.472091492503212,3.066747787699021,0.0,10.903323587351876,1b,2
E01002482,Hillingdon 001E,Hillingdon,4.937946517304196,4.323249381147343,0.0,12.63411242426335,1b,2
E01002483,Hillingdon 002D,Hillingdon,9.130540230789943,9.62706742953225,2.056355486554012,14.115891864243071,2,3
E01002484,Hillingdon 002E,Hillingdon,9.196415027178988,10.246318870819128,4.070895326018763,11.98936518564036,2,3
E01002485,Hillingdon 002F,Hillingdon,11.047614731534008,11.197100304490252,8.186311727566249,14.94057795300408,3,4
E01002486,Hillingdon 028A,Hillingdon,2.727922274561822,2.966493260327482,0.0,6.371521343462341,1b,2
E01002487,Hillingdon 028B,Hillingdon,4.670821673237994,3.587355005441876,2.593320424021367,16.4667960187573,1b,2
E01002488,Hillingdon 030B,Hillingdon,6.429474079030203,3.924997391867443,0.0,17.76900894261225,2,3
E01002489,Hillingdon 030C,Hillingdon,18.449758725842138,18.868840007448117,3.737288211833335,25.136585847925357,4,5
E01002490,Hillingdon 030D,Hillingdon,8.285978031378153,6.832809602998885,2.139895965040361,21.221736323158417,2,3
E01002491,Hillingdon 032D,Hillingdon,4.35007167587404,3.089178368552923,0.0,16.31433003624735,1b,2
E01002492,Hillingdon 030E,Hounslow,3.714973442695244,3.897699819142679,0.0,8.353063876120338,1b,2
E01002493,Hillingdon 032E,Hillingdon,7.751887655962346,7.127380238720177,4.083339953238341,18.33683076373523,2,3
E01002494,Hillingdon 009C,Hillingdon,1.316100154468754,0.0,0.0,10.320564282346728,1a,1
E01002495,Hillingdon 010E,Hillingdon,6.312668603840224,6.936048449186521,0.0,9.360418725394844,2,3
E01002496,Hillingdon 033A,Hillingdon,2.928039485104197,3.360252710691509,0.0,6.029313795772375,1b,2
E01002497,Hillingdon 033B,Hillingdon,6.801114578783942,7.588361030394089,1.894635734998399,9.980314699175526,2,3
E01002498,Hillingdon 033C,Hillingdon,5.83665801702899,6.938087423068911,0.0,9.12206587097026,2,3
E01002499,Hillingdon 033D,Hillingdon,1.893641513583516,0.0,0.0,8.259844078900327,1a,1
E01002501,Hillingdon 026B,Hillingdon,6.434149893077583,5.932994151912114,4.465754484649286,10.348643042905886,2,3
E01002502,Hillingdon 026C,Hillingdon,7.954607797832432,7.857826911623297,4.917810815495113,11.55499027481665,2,3
E01002503,Hillingdon 027C,Hillingdon,9.777772538389865,9.525445217672187,4.171075907984895,17.98857197387522,2,3
E01002505,Hillingdon 026D,Hillingdon,5.635083423268109,5.003806452952945,0.0,14.06056461936346,2,3
E01002506,Hillingdon 027E,Hillingdon,17.58468582834578,18.53167182818396,1.834778234790781,25.20578224263975,4,5
E01002507,Hillingdon 027F,Hounslow,1.760596395224814,0.0,0.0,18.73180953145184,1a,1
E01002508,Hillingdon 026E,Hillingdon,10.765942178699,10.726775025283608,6.739964600484145,13.409214104842494,3,4
E01002509,Hillingdon 017D,Hillingdon,3.010556410967547,3.081389933676877,0.0,11.354681798601783,1b,2
E01002511,Hillingdon 017E,Hillingdon,5.797318019533841,5.762707009723894,3.364254382452414,10.43394974799172,2,3
E01002512,Hillingdon 013C,Hillingdon,4.794206322644714,3.072260193120982,0.0,23.78526653661064,1b,2
E01002513,Hillingdon 013D,Hillingdon,6.752148333361061,7.295715752698637,0.0,13.79171323594189,2,3
E01002514,Hillingdon 015C,Hillingdon,18.83641167437204,22.42392758545948,1.595737811840606,33.54451224336647,4,5
E01002516,Hillingdon 013E,Hillingdon,2.971045993004398,2.374621519067333,0.0,10.423435568114172,1b,2
E01002518,Hillingdon 022C,Hillingdon,4.383159482550166,4.335304667220584,2.057312547154342,6.161217318753226,1b,2
E01002519,Hillingdon 022D,Hillingdon,1.495443697769841,2.092545001531944,0.0,4.719307345575493,1a,1
E01002520,Hillingdon 016B,Hillingdon,2.270414321471679,1.474976433026282,0.0,14.526432824148682,1a,1
E01002521,Hillingdon 016C,Hillingdon,15.463881672235225,17.558559890728766,0.0,31.424331876927106,4,5
E01002523,Hillingdon 016D,Hillingdon,9.085380241477315,5.960949475721484,4.032203004861375,21.795749469825783,2,3
E01002525,Hillingdon 029B,Hillingdon,5.132177566125784,5.180805906354747,2.13019407918521,12.119111620447637,2,3
E01002526,Hillingdon 028C,Hillingdon,3.771737901316534,3.537282863419594,2.128762942594585,6.784896928360095,1b,2
E01002527,Hillingdon 031D,Hillingdon,1.958298876620472,2.18454895156833,0.0,8.87893535074366,1a,1
E01002528,Hillingdon 028D,Hillingdon,3.133693463284486,3.01033717536728,0.0,5.252193337319742,1b,2
E01002529,Hillingdon 029C,Hillingdon,9.00663628634354,9.560553838156348,3.963446799408029,13.563081386505928,2,3
E01002530,Hillingdon 029D,Hillingdon,3.7239218148491,3.687051077677644,2.464440682030725,5.639525946949213,1b,2
E01002531,Hillingdon 029E,Hillingdon,5.283890640473056,3.218168979922579,0.0,12.275227982222098,2,3
E01002533,Hillingdon 005A,Hillingdon,0.649901966326968,0.0,0.0,3.426322914432043,1a,1
E01002534,Hillingdon 005B,Hillingdon,5.607226322684444,4.388671813193112,0.579045090051789,14.222078313192712,2,3
E01002535,Hillingdon 007E,Hillingdon,14.648741524678858,14.498885138630724,8.655958677585481,20.96513233819641,3,4
E01002536,Hillingdon 009D,Hillingdon,7.029725451896724,7.109073863711074,0.0,16.790531074825935,2,3
E01002537,Hillingdon 009E,Hillingdon,8.813152855789264,7.697965889475755,3.499032416326251,13.281456348455572,2,3
E01002538,Hillingdon 005C,Hillingdon,2.157785014659769,2.643408549601654,0.0,3.425488260264373,1a,1
E01002539,Hillingdon 005D,Hillingdon,3.183172785529434,2.971486320155057,0.614340375855666,9.727384361155876,1b,2
E01002540,Hillingdon 020C,Hillingdon,3.848931598032592,3.380039316071433,0.0,8.023114767053713,1b,2
E01002541,Hillingdon 023A,Hillingdon,3.344468817084156,2.745205688709252,1.963724055924903,7.33940554453094,1b,2
E01002542,Hillingdon 020D,Hillingdon,6.559498757629939,6.371398492705733,5.003339757262848,9.461100396118775,2,3
E01002543,Hillingdon 020E,Hillingdon,3.812369984344544,4.14127279198042,2.138516171440613,5.726613572158898,1b,2
E01002544,Hillingdon 023B,Hillingdon,1.292553706559464,1.828139259609034,0.0,4.018003999673201,1a,1
E01002545,Hillingdon 023C,Hillingdon,2.085609161031265,2.188827086924166,0.0,6.190836994913635,1a,1
E01002546,Hillingdon 023D,Hillingdon,3.637780242133053,4.122009414396331,0.0,8.522978610821951,1b,2
E01002547,Hillingdon 023E,Hillingdon,4.850104776411936,4.643290310829692,0.0,8.481259496227208,1b,2
E01002548,Hillingdon 025A,Hillingdon,3.723105555535015,3.894450291167512,0.0,10.616693041207837,1b,2
E01002549,Hillingdon 025B,Hillingdon,5.102756063732796,4.970482863531565,0.0,13.809900914993351,2,3
E01002550,Hillingdon 022E,Hillingdon,3.886483323944636,4.174689506883376,0.0,6.497149628993517,1b,2
E01002551,Hillingdon 025C,Hillingdon,5.757193995713162,4.996727663002788,2.573829352029869,9.52008423847688,2,3
E01002552,Hillingdon 025D,Hillingdon,7.210319484478562,6.901923867407966,4.279765530630008,10.709452919226193,2,3
E01002553,Hillingdon 025E,Hillingdon,5.087985562783429,5.056603663824076,4.029262349598707,6.895725252005187,2,3
E01002555,Hounslow 022A,Hounslow,5.944839381594601,4.753672938813531,0.0,20.905471577328257,2,3
E01002556,Hounslow 022B,Hounslow,4.145442060847323,4.018345643650084,2.580488984605805,5.633498568476894,1b,2
E01002557,Hounslow 023A,Hounslow,5.67792581409993,5.912982207896713,3.930679233935788,7.496040391321856,2,3
E01002558,Hounslow 023B,Hounslow,5.665737312766389,5.743840615664027,3.855774697883256,6.809494525007289,2,3
E01002559,Hounslow 023C,Hounslow,1.881774669260792,1.808444884583132,0.0,6.889738758446711,1a,1
E01002560,Hounslow 023D,Hounslow,3.048820964694779,3.290587777384804,0.0,4.928441292283581,1b,2
E01002561,Hounslow 023E,Hounslow,0.830888389063429,0.0,0.0,3.492101603231974,1a,1
E01002562,Hounslow 030D,Hounslow,5.080566790110602,2.57717772287485,0.0,17.87578595206318,2,3
E01002563,Hounslow 006A,Hounslow,8.437009156799629,10.39302851739007,0.0,15.265146386767842,2,3
E01002564,Hounslow 031E,Hounslow,8.893334540507938,8.481679480867026,3.463795282302887,14.649553589307343,2,3
E01002565,Hounslow 006B,Hounslow,8.822428888739564,9.39309753165451,0.0,14.211903748244149,2,3
E01002567,Hounslow 006C,Hounslow,13.417037209801956,13.885696745972435,9.739848240721829,15.451810309606914,3,4
E01002569,Hounslow 001A,Hounslow,6.912408585024323,4.357744763852289,2.868526291202936,15.422718539641265,2,3
E01002570,Hounslow 001B,Hounslow,16.943496861596095,17.684148258960317,11.880680980522468,20.93415047146732,4,5
E01002571,Hounslow 007A,Richmond upon Thames,4.540375109302375,4.612201590098279,2.502314123802393,6.551790636003548,1b,2
E01002572,Hounslow 007B,Richmond upon Thames,4.027728235713072,4.494556770914217,0.0,8.977227071757104,1b,2
E01002573,Hounslow 001C,Hounslow,14.691868316670448,13.02461939222844,9.559382444118947,21.966611302125088,3,4
E01002574,Hounslow 001D,Hounslow,16.78522279494859,16.875148116671177,13.72627513495031,20.112816773650565,4,5
E01002575,Hounslow 001E,Hounslow,11.910884466826008,12.495483693133387,2.848960297283627,17.282736937451332,3,4
E01002576,Hounslow 008A,Hounslow,6.758368708602514,6.424891180319914,3.165055279464907,9.567598404613882,2,3
E01002577,Hounslow 007C,Hounslow,5.176316492243499,5.644117055044268,0.0,9.831026589156764,2,3
E01002578,Hounslow 007D,Hounslow,7.191605250397114,7.233383682762081,4.261753059181975,9.403096313052668,2,3
E01002579,Hounslow 008B,Hounslow,4.383990877651062,4.078188342663209,1.789874539621818,6.516549738838807,1b,2
E01002580,Hounslow 008C,Hounslow,13.646758249504858,14.448081072957033,8.78880359285109,17.483644857136483,3,4
E01002581,Hounslow 008D,Hounslow,10.193818103224343,11.334740258860766,2.011205830865477,15.483853416514608,3,4
E01002582,Hounslow 008E,Hounslow,5.169756153215111,4.639689823339846,0.0,13.721290981078177,2,3
E01002583,Hounslow 013A,Hounslow,5.697158666436291,7.111754326121316,0.0,10.209291653853404,2,3
E01002584,Hounslow 013B,Hounslow,8.071458669190973,8.08323538092365,0.0,11.184546277327996,2,3
E01002585,Hounslow 013C,Hounslow,7.042724686934025,6.778246306350705,5.308198804525897,9.390593342230208,2,3
E01002586,Hounslow 013D,Hounslow,2.406206158064228,2.283434441558904,0.0,7.669433428735328,1a,1
E01002587,Hounslow 016A,Hounslow,9.23471660425728,9.445378708171695,2.660638749051065,13.729082063063036,2,3
E01002588,Hounslow 016B,Hounslow,3.431371893163746,3.376358952126996,2.050575016560155,4.491508238953964,1b,2
E01002589,Hounslow 013E,Hounslow,3.212926456945755,2.387607195484422,0.0,11.569565960183928,1b,2
E01002590,Hounslow 022C,Hounslow,5.240833359260413,4.324059387572753,2.109814819639406,14.577853887242387,2,3
E01002591,Hounslow 024A,Hounslow,2.932318918033853,2.302425139692184,0.0,7.941072489617172,1b,2
E01002592,Hounslow 022D,Hounslow,7.211535418023464,5.839398618765428,0.0,23.3926478625582,2,3
E01002593,Hounslow 024B,Hounslow,12.236512131863494,12.960590676348229,5.312205881077898,18.076827167673837,3,4
E01002594,Hounslow 024C,Hounslow,8.666892626448124,8.897425946436876,2.143848573901188,16.853377413037574,2,3
E01002595,Hounslow 022E,Hounslow,6.690882364649653,6.889698166571344,3.12547877974293,12.822876957936057,2,3
E01002596,Hounslow 027A,Hounslow,2.272576035636099,2.096194978201514,0.0,5.260069026071525,1a,1
E01002598,Hounslow 025B,Hounslow,8.703311649599598,8.154238230236198,5.222556526768892,14.953757759044272,2,3
E01002599,Hounslow 025C,Hounslow,6.136205303129495,6.127699697278925,1.844653156979968,8.93702491478968,2,3
E01002600,Hounslow 025D,Hounslow,4.079352413201279,4.40366173555735,1.928989031501689,5.562487435959756,1b,2
E01002601,Hounslow 027B,Hounslow,1.381527153054086,1.6153643786753,0.0,6.300382967673006,1a,1
E01002602,Hounslow 027C,Hounslow,2.936351375980274,3.073794267930849,0.0,5.131033449424711,1b,2
E01002603,Hounslow 025E,Hounslow,4.412022162207024,3.09993505843137,2.262868899761645,10.102631710167786,1b,2
E01002604,Hounslow 026A,Richmond upon Thames,4.164726301484956,4.508767775932048,0.0,6.756537186627752,1b,2
E01002605,Hounslow 026B,Richmond upon Thames,5.333324414110063,5.746149593265324,2.047576243248128,7.405676602584819,2,3
E01002606,Hounslow 026C,Hounslow,5.723530607256674,5.451556935839666,3.53256103040314,7.966238088617539,2,3
E01002607,Hounslow 026D,Richmond upon Thames,6.105544607812571,6.391273753813812,2.206879977467006,8.912260673662148,2,3
E01002608,Hounslow 028A,Richmond upon Thames,6.228896008976514,6.286490574286843,3.563851764206693,8.542510639839175,2,3
E01002609,Hounslow 028B,Richmond upon Thames,6.385544167277962,6.678189766275796,3.548502268139839,8.35873964494147,2,3
E01002610,Hounslow 028C,Richmond upon Thames,2.086085851712886,1.974144244789978,0.0,7.460114890915722,1a,1
E01002611,Hounslow 024D,Richmond upon Thames,3.855708156060554,3.386099599830866,0.0,13.322894002340837,1b,2
E01002612,Hounslow 024E,Hounslow,13.363488161714084,13.470515583451656,7.782566536894202,18.405547130867284,3,4
E01002613,Hounslow 024F,Hounslow,5.908503184955171,6.164127739054799,3.204200184350197,7.826579150747461,2,3
E01002614,Hounslow 027D,Hounslow,4.950950802857442,4.0170973033112,0.0,16.209681906636018,1b,2
E01002615,Hounslow 026E,Hounslow,3.991623521525066,3.57528956878893,0.0,8.317867937671968,1b,2
E01002616,Hounslow 027E,Hounslow,5.238899622145226,5.310756117559354,3.446788570282529,6.872139064165271,2,3
E01002617,Hounslow 028D,Hounslow,2.719486730191534,2.884811625336295,0.0,4.684621036640934,1b,2
E01002618,Hounslow 011A,Hounslow,5.522794436657571,5.331862156376561,1.693267409545134,12.940436112936522,2,3
E01002619,Hounslow 010A,Hounslow,5.746259655105508,5.617068102412162,3.366163970334952,11.768437535087912,2,3
E01002620,Hounslow 004A,Hounslow,6.14534170854563,5.833787410882387,3.835955030858197,8.95330023734548,2,3
E01002621,Hounslow 011B,Hounslow,4.340504420587269,3.642934486962312,1.861589043491909,9.915842111591289,1b,2
E01002622,Hounslow 010B,Hounslow,12.592204257863212,13.77940255050148,1.931764613687722,18.037256462972007,3,4
E01002623,Hounslow 011C,Hounslow,12.284871169653044,10.982146040002096,5.607484625941977,19.503457485634485,3,4
E01002624,Hounslow 017A,Hounslow,15.393793184989953,16.492682607766376,7.124455184136668,21.484423743709105,4,5
E01002625,Hounslow 004B,Hounslow,3.432524319035418,3.782075908404909,0.0,4.503354621538876,1b,2
E01002626,Hounslow 004C,Hounslow,3.796111628126189,3.839592413709045,2.226582872235991,8.068919671623329,1b,2
E01002627,Hounslow 004D,Hounslow,2.946620177008711,3.262204959078685,0.0,4.386699777359815,1b,2
E01002628,Hounslow 011D,Hounslow,5.204701798081035,5.51078683240285,1.911881237605846,7.267216046551956,2,3
E01002629,Hounslow 011E,Hounslow,8.641676314386045,8.702276395204173,3.000717464303221,22.69717886963776,2,3
E01002630,Hounslow 012A,Hounslow,11.042577441664438,10.894605258041423,8.440698936198933,14.7732049881452,3,4
E01002631,Hounslow 004E,Hounslow,3.213715898294364,3.833883650903654,0.0,4.560276376558727,1b,2
E01002632,Hounslow 010C,Hounslow,3.958580079731492,5.314967967795679,0.0,7.598103565420804,1b,2
E01002633,Hounslow 005A,Hounslow,3.385309442823017,3.96786672677211,0.0,7.100725212591451,1b,2
E01002634,Hounslow 005B,Hounslow,4.344596508144577,4.251828520396523,3.092102540776001,6.399862213624132,1b,2
E01002635,Hounslow 010D,Hounslow,5.598861866579853,5.690212641731851,0.0,14.269783483793596,2,3
E01002636,Hounslow 010E,Hounslow,3.58635804056194,3.591957742634168,1.755048708874084,5.898400959729605,1b,2
E01002637,Hounslow 005C,Hounslow,4.638705478848947,4.444806347377165,0.0,9.051030286601078,1b,2
E01002638,Hounslow 005D,Hounslow,2.645013839320723,3.274653677126381,0.0,7.268282060479157,1b,2
E01002639,Hounslow 012B,Hounslow,15.931057894687212,11.245855784004975,6.66567716885451,32.2187444805592,4,5
E01002640,Hounslow 012C,Hounslow,21.353728448109,20.499993342293447,12.038007455778112,31.338569786462003,5,6
E01002641,Hounslow 018A,Hounslow,21.42353343637627,19.05036257752855,10.987157250290013,33.493790739677785,5,6
E01002643,Hounslow 015B,Hounslow,17.177308809988084,14.42153501910832,5.987631545759282,32.446460080024224,4,5
E01002645,Hounslow 015C,Hounslow,23.804424564495616,24.461255949505208,1.882090288904838,39.235084543233285,5,6
E01002646,Hounslow 017B,Hounslow,9.95457652509932,8.79471494813118,6.929231167818743,19.45978072271032,2,3
E01002647,Hounslow 021A,Hounslow,7.556763057304634,7.791272208416795,1.812354941303825,10.429824362830084,2,3
E01002649,Hounslow 018D,Richmond upon Thames,14.18818180510364,10.629583814338911,7.139240760006928,33.30297063149735,3,4
E01002650,Hounslow 021B,Richmond upon Thames,3.126474224310752,3.085558624187716,0.0,10.796813721930564,1b,2
E01002651,Hounslow 021C,Hounslow,6.69102209889502,6.906902765809589,4.371179256565508,9.589923869598424,2,3
E01002652,Hounslow 021D,Richmond upon Thames,5.26965236061817,5.322500346051676,1.747636021250953,8.158904397920871,2,3
E01002653,Hounslow 019A,Hounslow,4.2886480384654,4.534999000543068,0.0,6.729188050706888,1b,2
E01002654,Hounslow 019B,Richmond upon Thames,3.118293415175135,3.656359069809743,0.0,7.410164310702905,1b,2
E01002655,Hounslow 019C,Richmond upon Thames,6.929310063051096,6.902346025678979,4.801597420938323,10.347072232294128,2,3
E01002656,Hounslow 019D,Richmond upon Thames,4.34118873830134,3.878068371829246,2.217151667768795,9.679087770025774,1b,2
E01002657,Hounslow 018E,Richmond upon Thames,6.700670867164186,6.531352221965038,5.093415284684445,11.127573307779045,2,3
E01002658,Hounslow 015D,Hounslow,6.635698079773644,6.26784373829464,0.0,13.442012699698878,2,3
E01002659,Hounslow 019E,Hounslow,5.260779259978609,4.350893621160902,0.0,10.656302178285603,2,3
E01002660,Hounslow 016C,Hounslow,13.777242667879786,15.366987940241437,1.737563342780919,20.589300127983822,3,4
E01002661,Hounslow 016D,Hounslow,11.24850773374753,13.602250821472508,2.174728399969987,22.284206315717498,3,4
E01002662,Hounslow 017C,Hounslow,20.071280361633047,16.969608247050132,11.506479110732936,37.26099892159793,5,6
E01002663,Hounslow 017D,Hounslow,17.60400015677507,18.22484968432014,10.234087529993293,21.17556227555129,4,5
E01002665,Hounslow 016E,Hounslow,9.989739367162136,9.644443075472516,7.701231462630231,13.49246571936439,2,3
E01002666,Hounslow 021E,Hounslow,6.52136963128547,6.543149263026571,3.141889740163688,12.023944148452912,2,3
E01002667,Hounslow 020A,Richmond upon Thames,5.802392794765322,6.37416995463332,0.0,9.964721011857582,2,3
E01002668,Hounslow 014A,Hounslow,8.717731574926516,8.453510510741756,5.76962949278647,14.635210534426008,2,3
E01002669,Hounslow 014B,Hounslow,4.869118535208973,4.270911096153412,0.0,11.76078948430871,1b,2
E01002670,Hounslow 020B,Hounslow,4.567283058750442,5.54467951949247,0.0,8.492592996677711,1b,2
E01002671,Hounslow 020C,Richmond upon Thames,7.133021246036209,6.999220121055689,4.720031226977321,9.978029308328418,2,3
E01002672,Hounslow 020D,Richmond upon Thames,5.816829200281831,5.922754451485417,2.787187473926172,8.501064827631408,2,3
E01002673,Hounslow 020E,Richmond upon Thames,6.470288124742126,6.191256003480221,6.107285559467742,7.005614925537633,2,3
E01002674,Hounslow 012D,Hounslow,8.519998456832244,8.378192105905164,1.753539207941968,13.709215810138982,2,3
E01002675,Hounslow 009A,Hounslow,8.090949194784423,7.81570211473717,4.989072567205102,15.495436863597709,2,3
E01002676,Hounslow 012E,Hounslow,5.745699819797004,5.642751709088378,0.0,13.944904671999382,2,3
E01002677,Hounslow 015E,Hounslow,11.955456989561076,12.260076907208704,6.550057745288484,16.172414100742138,3,4
E01002678,Hounslow 009B,Hounslow,1.039896259274619,0.0,0.0,9.405263714367726,1a,1
E01002679,Hounslow 009C,Hounslow,6.308962933502778,6.220729116940462,2.061751025566681,11.240724358299149,2,3
E01002680,Hounslow 009D,Hounslow,9.431762397695287,9.87502818508043,3.191152934695134,15.656798428518076,2,3
E01002681,Hounslow 014C,Hounslow,10.907377853741668,11.190858193062745,6.044128226932238,15.95979134383272,3,4
E01002682,Hounslow 014D,Hounslow,12.455990965980414,12.51572610377567,6.887819222392777,16.096217522254726,3,4
E01002686,Hounslow 006E,Richmond upon Thames,4.485304293677431,0.0,0.0,15.456906356305344,1b,2
E01002687,Hounslow 029A,Hounslow,15.964225821227982,16.4644647306137,7.271142862913511,19.28255971416984,4,5
E01002689,Hounslow 007E,Hounslow,9.550508843769745,12.126696301044298,2.854242966260843,14.881701190076924,2,3
E01002690,Hounslow 007F,Hounslow,9.240986940117471,7.7628388521603,3.665062587487851,18.2620857265957,2,3
E01002691,Hounslow 029B,Hounslow,14.865059800729988,15.447676642832157,5.40994862541053,21.65039298794759,3,4
E01002692,Hounslow 029C,Hounslow,16.195282744584148,16.491466180797673,0.0,23.4383404014282,4,5
E01002693,Hounslow 029D,Hounslow,17.850905550528566,18.71619312340697,14.248200170349312,20.52595047687128,4,5
E01002694,Islington 019A,Islington,17.79729017880119,16.433275089698395,12.121128278370463,26.739701302225907,4,5
E01002695,Islington 021A,Islington,30.369646504803505,27.943121522102935,19.394952341835086,56.35176340219503,6a,7
E01002696,Islington 020A,Islington,27.38876698935337,27.464148798557733,12.291086042006674,40.397081806529854,6a,7
E01002697,Islington 019B,Islington,46.47903523766948,41.55512947545899,28.197237741744324,64.8452556210553,6b,8
E01002698,Islington 017A,Islington,23.637326528179745,24.219883488317688,14.462125586959322,29.256716558746557,5,6
E01002699,Islington 017B,Islington,15.909502999324983,17.26458365256815,7.973395648877232,19.04598628445592,4,5
E01002700,Islington 017C,Islington,11.725150255579202,11.493259810691551,5.961667541893588,21.208704995308253,3,4
E01002701,Islington 023A,Islington,30.335210472298268,27.760104357176424,24.899155392801536,46.16595914687044,6a,7
E01002702,Islington 023B,Islington,23.418038559168256,25.622100708394715,15.704257259202908,27.92836843156574,5,6
E01002703,Islington 023C,Islington,35.57129263463664,39.475317585500335,18.11707913533281,44.766968488862986,6a,7
E01002704,Islington 023D,Islington,66.66623469975174,71.57276126296131,37.055882399770894,94.01064841910258,6b,8
E01002706,Islington 023E,Islington,40.98380968446895,44.115951178521954,27.890753726432244,52.48700951071487,6b,8
E01002707,Islington 022B,Islington,24.38211949434203,26.90242739836136,15.950405368058016,31.709721042991127,5,6
E01002708,Islington 015A,Islington,14.573428928013527,16.73398790042955,4.359353093547018,24.37063324853769,3,4
E01002709,Islington 019C,Islington,18.982823636472038,12.035923014302448,7.810869514911225,44.538104679057774,4,5
E01002710,Islington 019D,Islington,37.24352364570342,45.12438406388316,10.482722891892497,60.836203325204046,6a,7
E01002711,Islington 021B,Islington,64.44492380962171,63.46516454399416,54.54389552653667,78.57460714286354,6b,8
E01002712,Islington 015B,Islington,24.80989767147184,24.038930210692385,22.07718728111734,28.81711992516011,5,6
E01002713,Islington 015C,Islington,25.89203567984812,26.062021095785003,21.104220156812232,31.306283805414797,6a,7
E01002714,Islington 017D,Islington,14.113374001696666,12.259758052197814,10.7447323926089,21.59977829576441,3,4
E01002715,Islington 019E,Islington,16.020982441628657,14.073733637585716,12.57993696799711,21.30324214056539,4,5
E01002716,Islington 014A,Islington,21.97417115137728,22.21969461113017,17.783417226622397,24.893522415128576,5,6
E01002717,Islington 016A,Islington,23.150087443996032,23.72031496648344,6.957900782167853,30.231952724012046,5,6
E01002718,Islington 014B,Islington,17.631009707790025,17.830586167499007,10.311574174316604,21.93933870127107,4,5
E01002719,Islington 016B,Islington,25.71952578310515,27.51589855434148,7.145350670798576,31.9897676497614,6a,7
E01002720,Islington 016C,Islington,21.450685089000796,20.956911094733087,17.98262098659228,25.97880656069436,5,6
E01002721,Islington 014C,Islington,15.516136354443692,15.51081673568994,11.584124804553774,20.72612531567717,4,5
E01002722,Islington 018A,Islington,16.388397792520443,15.901562996701005,14.986213589589983,18.380885636681786,4,5
E01002723,Islington 022C,Islington,32.93305540201287,32.4777642784679,19.250330272924977,46.1722605162863,6a,7
E01002724,Islington 022D,Islington,57.360723203035775,55.888113182683526,41.19572294211105,80.71620130650984,6b,8
E01002725,Islington 022E,Islington,45.22521518256344,44.23750612939075,40.50269692941264,50.60918752979608,6b,8
E01002726,Islington 022F,Islington,40.329648196749154,43.89986048246807,11.984526463719162,54.16034744717293,6b,8
E01002727,Islington 021C,Islington,25.391367329787883,25.6944972873087,17.997771097955948,35.1607347215928,6a,7
E01002728,Islington 021D,Islington,56.08918688466103,57.13630683040003,46.14677597832274,65.55861189786866,6b,8
E01002729,Islington 021E,Islington,32.66760613225926,29.08811384682572,16.491470264756128,57.006815713236016,6a,7
E01002730,Islington 007A,Islington,35.07361374022177,37.16785737329455,21.63333426931182,42.59486125104885,6a,7
E01002732,Islington 005A,Islington,35.20293672174875,34.236592903441675,21.517978117495616,45.49668436628135,6a,7
E01002733,Islington 007C,Islington,16.71966884225797,17.079017588508563,8.205049518390357,24.784514766366208,4,5
E01002734,Islington 005B,Islington,50.580011587913326,50.429792672944565,42.080527797843175,61.635605776403,6b,8
E01002735,Islington 003A,Islington,43.98076938100059,42.46479170035556,32.912569765602186,63.75783716947453,6b,8
E01002736,Islington 005C,Islington,34.76941446667007,34.75479482203807,28.056997598937695,38.69858731096875,6a,7
E01002737,Islington 005D,Islington,25.70194630827965,28.27051118369948,11.112612989306482,35.231567664587466,6a,7
E01002738,Islington 009A,Islington,18.028035470887847,19.409615665799816,8.017865295166263,27.233020705034388,4,5
E01002739,Islington 013A,Islington,25.692631781199815,26.971386839977608,15.977700718451173,30.76597278559437,6a,7
E01002740,Islington 013B,Islington,29.370584700225358,28.833663754676536,21.520834524784966,40.95925651511979,6a,7
E01002741,Islington 009B,Islington,11.996476518002652,10.195433975423551,9.44538611067625,19.60169139274784,3,4
E01002742,Islington 006A,Islington,23.18083758444308,21.72438325525813,18.893355689036728,30.21352950168794,5,6
E01002743,Islington 009C,Islington,12.045399462256723,10.758537583575029,6.3775765447356,19.227600266850736,3,4
E01002744,Islington 009D,Islington,14.984782053652538,14.487852303785882,9.051659694847162,20.027103730376194,3,4
E01002745,Islington 013C,Islington,17.566958931267745,17.63286590997771,15.205982708015403,19.403953944630995,4,5
E01002747,Islington 006B,Islington,35.27236652954377,34.333790753425355,28.6258930450838,43.948520291778514,6a,7
E01002748,Islington 006C,Islington,38.94706378620393,39.011903374713455,22.053753584007268,63.46570044619895,6a,7
E01002749,Islington 006D,Islington,23.304638993983687,24.887477044388184,15.311190624532792,28.66678262492733,5,6
E01002751,Islington 005E,Islington,35.81483053796614,37.23953065712767,31.624939178222192,40.2299895564504,6a,7
E01002752,Islington 009E,Islington,17.987363637359262,17.278184416823226,15.829772618104286,20.498071881784057,4,5
E01002753,Islington 002A,Islington,20.79732628209192,18.12964963493426,17.095770447147622,28.216892197594028,5,6
E01002754,Islington 002B,Islington,24.07692111309427,23.981405959922505,14.916697952126931,35.8421716012307,5,6
E01002755,Islington 001A,Islington,10.887271641926084,10.84384067094507,8.957352770512069,12.320103220567765,3,4
E01002756,Islington 001B,Islington,12.730671077447097,12.345241842076964,11.659528665717772,15.079389572679595,3,4
E01002757,Islington 002C,Islington,9.53470376134188,7.470732002521666,6.679580400937937,15.802301092480418,2,3
E01002758,Islington 001C,Islington,13.221387842081738,12.462135157917276,8.169626822625926,16.44848641209275,3,4
E01002759,Islington 002D,Islington,21.38859091559011,22.0393651643596,14.250951123043407,31.28335716899337,5,6
E01002760,Islington 002E,Islington,18.22219319035809,16.062920876588034,10.478577244562558,29.96435458612904,4,5
E01002762,Islington 011C,Islington,25.871144569791063,24.332224894055724,20.298968455707318,34.215793731446105,6a,7
E01002763,Islington 007D,Islington,28.119165901856803,28.30168548847984,21.09154486663046,33.75761003401506,6a,7
E01002764,Islington 010A,Islington,21.964609556816757,22.497696867168884,13.503210375253053,28.03778770119292,5,6
E01002765,Islington 015D,Islington,25.097316615314845,24.22959793643873,17.622669287985982,31.170783043312493,6a,7
E01002766,Islington 015E,Islington,18.510932986842576,18.455526233418357,10.462951260691938,22.46737826222753,4,5
E01002767,Islington 011D,Islington,28.4271462804777,29.90886558943888,15.520856851914662,34.84595597483716,6a,7
E01002768,Islington 004A,Islington,18.50185494735021,17.541312060070677,14.298573736328368,22.80655537275919,4,5
E01002769,Islington 008A,Islington,14.19001047856404,13.58233275836665,6.03010559445601,28.73721219350113,3,4
E01002770,Islington 004B,Islington,30.629377802972545,30.612729078197393,16.73343137823167,42.168416342181914,6a,7
E01002771,Islington 004C,Islington,21.23220709249008,21.096403797997233,12.96403181096206,28.73608786948948,5,6
E01002772,Islington 002F,Islington,31.455722447972803,30.970031587235585,26.564687220835097,38.71663911641373,6a,7
E01002773,Islington 004D,Islington,27.381065724458125,28.04071489851317,22.827843517876072,30.840658951393443,6a,7
E01002774,Islington 004E,Islington,22.563429555103863,22.851947021309797,12.312860219117,36.1420776061947,5,6
E01002775,Islington 014D,Islington,22.58873531377069,22.44211037528324,16.086507240509874,27.7626667989208,5,6
E01002776,Islington 014E,Islington,22.08949895217765,22.645364488404468,19.051188916452674,24.670019160428705,5,6
E01002777,Islington 012A,Islington,23.88846680938868,24.23628139167036,19.24606765757612,28.256408978834603,5,6
E01002778,Islington 012B,Islington,27.06438873722854,26.940195759964407,24.900705907445897,29.800975112105245,6a,7
E01002779,Islington 012C,Islington,15.286173660985844,15.831603942463191,11.526599503283547,18.344324819656425,4,5
E01002780,Islington 014F,Islington,19.105281723830533,19.34850051781559,15.535917313084576,23.04239664845665,4,5
E01002781,Islington 012D,Islington,16.823841333128406,16.863875828659644,11.429690858479766,25.349597376875344,4,5
E01002782,Islington 012E,Islington,19.39645967379849,19.836460168238258,14.261870993556514,21.51574294461826,4,5
E01002783,Islington 010B,Islington,14.740508504625447,14.509748749292829,7.103168877720565,24.54665688635764,3,4
E01002784,Islington 010C,Islington,13.643309441236548,14.480110729012656,2.615329254612088,19.153682171214022,3,4
E01002785,Islington 008B,Islington,13.441734235726594,13.880443181525486,7.606921149477637,22.793958293913438,3,4
E01002786,Islington 010D,Islington,19.827149013255493,19.715572562276307,13.745753334196888,25.111944739242382,4,5
E01002787,Islington 010E,Islington,18.062317607546,14.818234527089928,10.865039987506533,33.202504259720165,4,5
E01002788,Islington 008C,Islington,12.901207148420676,13.550781183655792,8.852570369755668,20.77468009171421,3,4
E01002789,Islington 008D,Islington,15.1016650317127,13.766412947389604,10.174590521784271,23.512650769217903,4,5
E01002790,Islington 016D,Islington,26.363173470777262,26.823590640492046,19.278490432737957,34.97077370103159,6a,7
E01002791,Islington 016E,Islington,32.88307409324922,32.17920410344169,28.983487178140688,40.91879423442844,6a,7
E01002792,Islington 017E,Islington,21.745036990907845,24.64928985023971,0.0,30.40889027694364,5,6
E01002793,Islington 016F,Islington,27.798890076571833,27.505087450000016,25.866845724398345,31.545128017081645,6a,7
E01002794,Islington 020B,Islington,24.453649976555145,26.511639938332465,0.0,33.76305624993661,5,6
E01002795,Islington 013D,Islington,31.77942923917252,31.403884400389902,24.681457123757855,39.050193482254336,6a,7
E01002796,Islington 013E,Islington,26.607535658525418,26.71305771859084,23.184062300754363,31.39482597411216,6a,7
E01002797,Islington 018B,Islington,19.189371873040564,17.141304205442676,14.653398815593292,26.191956752591857,4,5
E01002798,Islington 018C,Islington,13.704335860598873,14.438475920150513,6.461550385098311,18.273825680135264,3,4
E01002799,Islington 018D,Islington,20.25656852534529,19.781129471092274,15.974292789048588,26.54047606592577,5,6
E01002800,Islington 018E,Islington,13.162464727523137,13.242992228908356,1.957752663269714,21.733082438447497,3,4
E01002801,Islington 020C,Islington,26.19278745829368,26.72285032373353,20.548993577391485,34.351041763886045,6a,7
E01002802,Islington 020D,Islington,16.596299229945302,18.825489213254382,5.604820336578143,23.808099692686177,4,5
E01002804,Islington 001D,Islington,10.915790524851785,10.971045631769128,9.071775831440302,12.272585870608978,3,4
E01002805,Islington 003B,Islington,24.23079148199915,26.84735920572143,11.938428013965614,31.538079804732742,5,6
E01002806,Islington 003C,Islington,16.459328839348977,11.17496664939762,5.572061574200162,29.51034769560184,4,5
E01002807,Islington 001E,Islington,10.70038891727947,10.68720365924188,7.05931552375546,16.603435028304208,3,4
E01002808,Islington 003D,Islington,12.809138461882842,9.963181885596772,2.230893015548028,29.52314579829717,3,4
E01002809,Islington 003E,Islington,15.422309761606977,16.062715500310585,8.780889224251812,27.337500541501907,4,5
E01002810,Islington 003F,Islington,11.59153543501886,9.632069113498073,7.814287168190809,17.05692156653104,3,4
E01002811,Islington 001F,Islington,12.330395778907636,12.34330205783364,9.029006222403586,15.440384131964892,3,4
E01002812,Kensington and Chelsea 013A,Kensington & Chelsea,25.32282022743087,25.45477040759731,20.497997436311728,27.576150571091656,6a,7
E01002813,Kensington and Chelsea 011A,Kensington & Chelsea,27.514669195889127,29.905452927098327,11.37011920375771,32.73749434630216,6a,7
E01002814,Kensington and Chelsea 015A,Kensington & Chelsea,29.14693001674563,31.678003863229176,14.078177056358353,37.3572129277918,6a,7
E01002815,Kensington and Chelsea 011B,Kensington & Chelsea,29.130263628212163,29.139184788286556,26.6203839329037,32.47210343668803,6a,7
E01002816,Kensington and Chelsea 011C,Kensington & Chelsea,23.428075425161246,21.702596736083,17.772068599837603,30.72595334398037,5,6
E01002817,Kensington and Chelsea 011D,Kensington & Chelsea,27.250205422562,29.60508279686687,17.507560935373725,30.939682289650033,6a,7
E01002818,Kensington and Chelsea 012A,Westminster,29.673397660703728,29.767486479390307,19.979873451412573,36.97262336224111,6a,7
E01002819,Kensington and Chelsea 012B,Westminster,30.007864918255848,29.546642153620034,24.715029345142415,35.65417178465313,6a,7
E01002821,Kensington and Chelsea 014A,Kensington & Chelsea,37.32652299954351,37.23562481484842,25.917958378494003,51.96148450209776,6a,7
E01002823,Kensington and Chelsea 014B,Kensington & Chelsea,38.92502339073437,38.655206559737245,35.610188769103004,43.06311015996603,6a,7
E01002824,Kensington and Chelsea 008A,Westminster,23.285172038128767,23.70438668310916,16.65952969614903,29.05801606904537,5,6
E01002825,Kensington and Chelsea 008B,Kensington & Chelsea,20.573025191427558,21.96341955514331,3.537377323080142,26.10911977249843,5,6
E01002826,Kensington and Chelsea 008C,Westminster,22.633405993003127,22.465402778186338,17.489196635131393,29.09402833320404,5,6
E01002827,Kensington and Chelsea 008D,Westminster,27.39918795873304,28.439680216771343,16.612876237102554,36.081480105323855,6a,7
E01002828,Kensington and Chelsea 008E,Kensington & Chelsea,26.93075676468641,27.065029075380068,20.55605607700287,30.773153410441083,6a,7
E01002829,Kensington and Chelsea 004A,Westminster,15.787607273343522,15.84955281598941,15.297608590231222,16.254272582680944,4,5
E01002830,Kensington and Chelsea 004B,Westminster,15.583972893099302,16.12944104133449,13.243115656728827,17.33633306620598,4,5
E01002831,Kensington and Chelsea 004C,Kensington & Chelsea,16.745839885109238,16.22095129009916,14.490201726104164,20.79946070234185,4,5
E01002832,Kensington and Chelsea 004D,Westminster,21.465616695835187,23.145261646583688,12.882974299390993,25.623937567632662,5,6
E01002833,Kensington and Chelsea 007A,Kensington & Chelsea,16.989362276958715,14.058226929225912,13.344868396661523,22.354878714589216,4,5
E01002834,Kensington and Chelsea 013B,Kensington & Chelsea,33.01360037849451,32.99528689924588,31.484005256105068,35.33857084361417,6a,7
E01002835,Kensington and Chelsea 016C,Kensington & Chelsea,36.710646553540506,36.31122729274172,32.32734234963462,40.48677305903418,6a,7
E01002836,Kensington and Chelsea 016D,Kensington & Chelsea,31.883375479517714,31.95393607658181,27.67860502874244,36.368002699566034,6a,7
E01002837,Kensington and Chelsea 016E,Kensington & Chelsea,30.539203716267416,30.108412183545735,26.462417066449287,34.8043410551508,6a,7
E01002839,Kensington and Chelsea 013C,Kensington & Chelsea,31.322033505289543,30.81585859718825,29.77675822592632,33.584816587389945,6a,7
E01002840,Kensington and Chelsea 021A,Wandsworth,15.869075281969566,15.455024621668615,12.37957549778528,18.392359784438995,4,5
E01002841,Kensington and Chelsea 021B,Wandsworth,12.456376886260491,12.466071142052929,8.077256438940513,18.210757682005767,3,4
E01002842,Kensington and Chelsea 021C,Kensington & Chelsea,13.605286596008426,12.987333877710649,11.155059987786146,16.673465922528486,3,4
E01002843,Kensington and Chelsea 021D,Kensington & Chelsea,15.167807254226645,13.709594477529858,12.26701423430998,19.231203507132637,4,5
E01002844,Kensington and Chelsea 019A,Wandsworth,13.073772844163084,12.513683955964062,10.02684516445326,18.567628254443694,3,4
E01002845,Kensington and Chelsea 019B,Kensington & Chelsea,15.242588149563838,15.480219991039505,11.511552731129806,18.98681522509973,4,5
E01002846,Kensington and Chelsea 017A,Kensington & Chelsea,38.18789500174216,38.47012797275535,32.29047316176204,45.374279850161535,6a,7
E01002847,Kensington and Chelsea 015B,Kensington & Chelsea,38.06348067711541,39.66439747731139,32.84008241879906,41.61144721573727,6a,7
E01002848,Kensington and Chelsea 015C,Kensington & Chelsea,32.11847928406288,31.591161939260267,27.87843159917974,35.59869687618994,6a,7
E01002849,Kensington and Chelsea 017B,Kensington & Chelsea,36.97426727525704,37.57747083850754,31.87090627075296,40.71549461062668,6a,7
E01002850,Kensington and Chelsea 013D,Kensington & Chelsea,35.08477585482398,34.1460757769501,29.052522116784203,46.47882033906028,6a,7
E01002851,Kensington and Chelsea 015D,Kensington & Chelsea,32.88002481577154,32.941793323966166,27.018802922243644,38.263481710188,6a,7
E01002852,Kensington and Chelsea 001A,Westminster,13.030947505056862,13.2473457069591,0.0,24.969945596958624,3,4
E01002853,Kensington and Chelsea 001B,Kensington & Chelsea,15.042979387971268,14.925429516979278,12.6528848020422,17.868657317388575,4,5
E01002854,Kensington and Chelsea 001C,Westminster,14.782320016681748,14.889985104986817,9.08051536399808,20.491515437565024,3,4
E01002855,Kensington and Chelsea 001D,Westminster,12.887004256386268,12.854536897373292,10.522730250887358,15.671591638881477,3,4
E01002856,Kensington and Chelsea 004E,Kensington & Chelsea,17.644451139823705,17.630667481066165,14.543552768784636,20.191483186328735,4,5
E01002857,Kensington and Chelsea 001E,Westminster,14.728152678312062,14.51719783836805,12.41561522094766,17.283639748484163,3,4
E01002858,Kensington and Chelsea 014C,Kensington & Chelsea,27.639541972067526,27.07515079445455,24.91716027815228,32.886348771608894,6a,7
E01002859,Kensington and Chelsea 012C,Westminster,29.158514583478,28.919245028365,22.92791968405424,37.003980641407445,6a,7
E01002860,Kensington and Chelsea 012D,Kensington & Chelsea,27.861837077626173,27.3474505064497,21.104060892418985,38.35856526125135,6a,7
E01002861,Kensington and Chelsea 014D,Kensington & Chelsea,27.12339840545592,27.8181448054967,20.726440970272293,31.285727413994127,6a,7
E01002862,Kensington and Chelsea 014E,Kensington & Chelsea,31.98499786022125,31.323058999083234,30.440418311031323,35.733316393639434,6a,7
E01002863,Kensington and Chelsea 012E,Westminster,31.02304627557495,31.674493414814577,25.351033949314555,36.734965767435035,6a,7
E01002864,Kensington and Chelsea 009A,Kensington & Chelsea,14.58037866036554,14.431145437076877,8.362896348140799,22.400391773644003,3,4
E01002865,Kensington and Chelsea 011E,Kensington & Chelsea,17.488053778127583,16.800649218975014,12.635264973112188,29.62672984442069,4,5
E01002866,Kensington and Chelsea 009B,Kensington & Chelsea,22.091145405811734,21.66527772095943,7.677224064120665,34.435391051884686,5,6
E01002867,Kensington and Chelsea 009C,Kensington & Chelsea,15.9574049020778,14.482726568677762,12.052028243313252,21.111295588744976,4,5
E01002868,Kensington and Chelsea 009D,Kensington & Chelsea,19.155283586906144,19.0807569081448,14.179350522829967,28.819441208865346,4,5
E01002869,Kensington and Chelsea 009E,Kensington & Chelsea,35.873594376112145,37.8471795502616,25.05350849753087,44.202575697456,6a,7
E01002870,Kensington and Chelsea 005A,Kensington & Chelsea,14.699736953019208,13.381023923116462,9.358556026551645,20.053075944527425,3,4
E01002871,Kensington and Chelsea 007B,Kensington & Chelsea,22.87706943077364,22.912902003298896,17.596492943845387,26.81587297241156,5,6
E01002872,Kensington and Chelsea 005B,Kensington & Chelsea,18.06688710629927,18.434399270192827,14.778388721948115,21.618333222138546,4,5
E01002873,Kensington and Chelsea 007C,Kensington & Chelsea,34.28557855858456,37.71354974288168,22.672532428601915,45.49431124963572,6a,7
E01002874,Kensington and Chelsea 007D,Kensington & Chelsea,16.865099851496062,16.306560739939698,12.602997068686218,21.15034292820544,4,5
E01002875,Kensington and Chelsea 007E,Kensington & Chelsea,18.40851284864799,19.117117853494925,8.804550677768972,22.124165881415248,4,5
E01002876,Kensington and Chelsea 003A,Kensington & Chelsea,9.156328940942004,9.144691756869468,4.974281639813228,15.987513286107127,2,3
E01002877,Kensington and Chelsea 003B,Kensington & Chelsea,12.3631157915728,10.628153343100262,8.581360349408488,22.19700909997484,3,4
E01002878,Kensington and Chelsea 003C,Kensington & Chelsea,17.873328557689476,17.922206424597093,14.530575362220208,22.361806518318943,4,5
E01002879,Kensington and Chelsea 005C,Kensington & Chelsea,15.240863310969113,14.71395105808743,13.521674422448324,18.577427644435495,4,5
E01002880,Kensington and Chelsea 005D,Kensington & Chelsea,12.580640636335358,12.10842377444148,9.67663833820653,15.56548892523466,3,4
E01002881,Kensington and Chelsea 005E,Kensington & Chelsea,9.62468290554205,9.126019220470717,7.804487119959509,13.300722990683886,2,3
E01002882,Kensington and Chelsea 006A,Kensington & Chelsea,23.91044127321397,24.05543548852172,20.522720655770332,27.57694997334054,5,6
E01002883,Kensington and Chelsea 006B,Kensington & Chelsea,28.684348776720643,28.55899417960357,24.233879588264905,33.54311873603824,6a,7
E01002884,Kensington and Chelsea 006C,Westminster,30.226115159806785,30.574687606322374,24.792066847149396,36.632012431585714,6a,7
E01002885,Kensington and Chelsea 006D,Westminster,29.188880382177604,28.295803612289152,27.651096933762588,32.11574571577163,6a,7
E01002886,Kensington and Chelsea 006E,Westminster,26.017223439977386,25.93067551604607,23.035044580577523,30.3786289478412,6a,7
E01002887,Kensington and Chelsea 010A,Kensington & Chelsea,29.702233648682487,29.5122778422306,25.3329722430158,37.151351801521386,6a,7
E01002888,Kensington and Chelsea 013E,Kensington & Chelsea,25.228131585750447,25.57285009413718,21.347499746009465,29.869379408917577,6a,7
E01002889,Kensington and Chelsea 010B,Kensington & Chelsea,18.91204535328312,18.711760382472946,16.46405381625217,24.641155824216398,4,5
E01002890,Kensington and Chelsea 010C,Kensington & Chelsea,22.805397239174905,24.596703325466866,13.144680529727385,29.88181270196263,5,6
E01002891,Kensington and Chelsea 010D,Westminster,23.442068261102328,26.45620236186836,9.859177227480872,32.06590583293918,5,6
E01002892,Kensington and Chelsea 010E,Westminster,29.630354151501955,28.910286927914385,27.383066573631467,35.95044883268172,6a,7
E01002893,Kensington and Chelsea 017C,Kensington & Chelsea,29.310063020573047,30.90873775768468,18.25341081523144,32.848099770210936,6a,7
E01002894,Kensington and Chelsea 017D,Kensington & Chelsea,34.7413596066206,34.5326659011305,30.3304956396936,40.33848371264703,6a,7
E01002896,Kensington and Chelsea 020C,Kensington & Chelsea,26.1900291722056,29.100544618637446,12.94903569306054,32.39291758388768,6a,7
E01002897,Kensington and Chelsea 020D,Kensington & Chelsea,20.629117816272,17.384649436701523,9.794952811111648,30.45824510292431,5,6
E01002898,Kensington and Chelsea 017E,Kensington & Chelsea,30.010589397721347,31.43427935109848,24.79025590682981,35.122271922390986,6a,7
E01002899,Kensington and Chelsea 018A,Kensington & Chelsea,14.934738328806016,11.03998998038333,9.181596468836636,30.84962300291748,3,4
E01002900,Kensington and Chelsea 018B,Kensington & Chelsea,6.648379135897604,6.171060020357117,2.55833617162403,11.315942333869058,2,3
E01002901,Kensington and Chelsea 018C,Westminster,17.86964908073313,19.68957087624941,2.301117483697868,27.48836374550888,4,5
E01002902,Kensington and Chelsea 018D,Westminster,29.26143646389832,29.070430305109287,24.65303291524985,34.74492544988492,6a,7
E01002903,Kensington and Chelsea 018E,Kensington & Chelsea,18.87004786989881,20.75034604691336,8.269294868887304,26.04257547117601,4,5
E01002904,Kensington and Chelsea 002A,Kensington & Chelsea,3.034225185696764,2.757227834995795,0.0,8.54779031405739,1b,2
E01002905,Kensington and Chelsea 002B,Kensington & Chelsea,14.666296442435964,15.029090938915957,9.456807312886111,19.174302611814856,3,4
E01002906,Kensington and Chelsea 002C,Kensington & Chelsea,10.431068001049365,10.85834685123388,5.092173982537051,15.06591256680734,3,4
E01002907,Kensington and Chelsea 002D,Kensington & Chelsea,5.357799375893052,4.993115731549045,4.456615579316215,6.68408717916885,2,3
E01002908,Kensington and Chelsea 003D,Kensington & Chelsea,7.455282059071548,7.238508649061572,5.296111512415129,10.667148801516072,2,3
E01002909,Kensington and Chelsea 003E,Kensington & Chelsea,16.91109974910624,16.89289042191173,14.810512273102251,19.412510975357712,4,5
E01002910,Kensington and Chelsea 019C,Kensington & Chelsea,24.50262243964191,27.289735751981087,13.779847566993062,34.585113394414805,5,6
E01002911,Kensington and Chelsea 019D,Kensington & Chelsea,19.333697485925825,17.79419014687572,16.126010508422592,36.04104280837147,4,5
E01002912,Kensington and Chelsea 020E,Kensington & Chelsea,16.13247521897588,16.429282876021055,12.225488771846225,19.363487208121917,4,5
E01002913,Kensington and Chelsea 021E,Kensington & Chelsea,15.53070261853194,15.77569860285196,12.254887786465654,18.763659796260505,4,5
E01002914,Kensington and Chelsea 019E,Kensington & Chelsea,31.595304332285824,30.992142876852697,22.762200666267784,39.4725769292525,6a,7
E01002915,Kingston upon Thames 014A,Kingston upon Thames,4.883811932604369,4.695540362131666,3.468945600726808,9.21682691018314,1b,2
E01002916,Kingston upon Thames 014B,Kingston upon Thames,5.775546061964626,6.093004125063445,0.0,11.937828353459576,2,3
E01002917,Kingston upon Thames 014C,Kingston upon Thames,3.600459596864757,3.197209632187026,0.0,7.980530414538194,1b,2
E01002918,Kingston upon Thames 017A,Kingston upon Thames,3.483681383594175,4.150555382185257,0.0,9.772534054829675,1b,2
E01002919,Kingston upon Thames 017B,Kingston upon Thames,4.971523602550811,3.752049142613439,0.0,12.663705410201208,1b,2
E01002920,Kingston upon Thames 014D,Kingston upon Thames,3.31986608781039,3.406095733883467,0.0,5.165466212062288,1b,2
E01002921,Kingston upon Thames 011A,Kingston upon Thames,12.977797174375349,12.09959891732382,6.553173521626117,18.412732913445005,3,4
E01002922,Kingston upon Thames 010A,Kingston upon Thames,4.196720272107591,3.569660293671401,0.0,12.357599413712684,1b,2
E01002923,Kingston upon Thames 013A,Kingston upon Thames,11.954798857409696,12.456230601031638,5.281494256007019,15.789910240523945,3,4
E01002924,Kingston upon Thames 014E,Kingston upon Thames,2.611786152918558,2.529496316568872,0.0,4.489210989602931,1b,2
E01002925,Kingston upon Thames 013B,Kingston upon Thames,7.833302045838934,8.25886905155028,0.0,14.464704032266503,2,3
E01002926,Kingston upon Thames 010B,Kingston upon Thames,4.639038932478924,4.545867329425761,3.930769460260123,5.695971552677348,1b,2
E01002927,Kingston upon Thames 008A,Kingston upon Thames,3.815077533402917,4.149984243187336,0.0,5.551681419930844,1b,2
E01002928,Kingston upon Thames 008B,Kingston upon Thames,7.123974170320927,4.978793590620699,2.839151319217308,14.342963809288136,2,3
E01002929,Kingston upon Thames 007A,Merton,5.262173409478376,5.595692769212688,0.0,14.149586337180745,2,3
E01002930,Kingston upon Thames 007B,Kingston upon Thames,11.916253934757725,11.907160090184831,6.297736573802789,15.805603419593108,3,4
E01002931,Kingston upon Thames 007C,Merton,7.910851655990847,8.055234945551558,0.0,14.202835013011171,2,3
E01002932,Kingston upon Thames 006A,Kingston upon Thames,4.086729189695748,3.987912803447579,3.094022365300475,5.630613519917911,1b,2
E01002933,Kingston upon Thames 004A,Kingston upon Thames,10.592982739477062,7.191665144105989,5.834781989562405,26.730565869305437,3,4
E01002934,Kingston upon Thames 004B,Kingston upon Thames,4.048443333850387,3.479598682337685,1.200962352913442,8.38442383986105,1b,2
E01002935,Kingston upon Thames 003A,Kingston upon Thames,14.375089352834133,14.251222370767628,8.603877437159436,18.32571514487996,3,4
E01002937,Kingston upon Thames 004D,Kingston upon Thames,17.010697216249397,13.160061117541035,5.558235505042729,28.6777019280954,4,5
E01002938,Kingston upon Thames 003B,Kingston upon Thames,4.854827628738438,3.651119280369008,0.0,12.52107458904982,1b,2
E01002939,Kingston upon Thames 018A,Kingston upon Thames,5.644964536373144,5.489205694378294,3.581552616632646,8.438289247551012,2,3
E01002940,Kingston upon Thames 020A,Kingston upon Thames,7.223800892096654,7.123245849377138,4.825676627769075,9.265497705571496,2,3
E01002941,Kingston upon Thames 018B,Kingston upon Thames,3.188542720464674,3.681638170418872,0.0,8.789013836008108,1b,2
E01002942,Kingston upon Thames 018C,Kingston upon Thames,6.77876262159043,6.87368773602825,4.962466766856569,8.657207451610628,2,3
E01002943,Kingston upon Thames 020B,Kingston upon Thames,2.161537315156616,1.373667865886305,0.0,5.519615638048757,1a,1
E01002944,Kingston upon Thames 019A,Kingston upon Thames,3.64881233959805,3.784561607488052,0.0,5.292384428397172,1b,2
E01002945,Kingston upon Thames 019B,Kingston upon Thames,4.840718122848733,4.855698781709819,3.320211048436033,5.874065942498158,1b,2
E01002946,Kingston upon Thames 019C,Kingston upon Thames,2.509231379393741,3.077337921332958,0.0,5.52148037198347,1b,2
E01002947,Kingston upon Thames 019D,Kingston upon Thames,5.126361327446623,4.903149463017305,3.563740074991537,7.096789773203654,2,3
E01002948,Kingston upon Thames 020C,Kingston upon Thames,1.100277678642112,0.0,0.0,7.984256651072475,1a,1
E01002949,Kingston upon Thames 020D,Kingston upon Thames,5.127486925746364,5.43296858282427,1.368702369133613,6.806329053566869,2,3
E01002950,Kingston upon Thames 020E,Kingston upon Thames,2.601934389549948,2.529256809948495,0.0,7.287989270222234,1b,2
E01002951,Kingston upon Thames 003C,Kingston upon Thames,6.281767233860652,6.735338340189288,0.0,10.067711003731526,2,3
E01002952,Kingston upon Thames 002A,Kingston upon Thames,2.281834359123578,2.328576959450058,0.0,12.5466110463282,1a,1
E01002953,Kingston upon Thames 002B,Merton,2.666887300644785,2.746088491346503,0.0,6.590465530032128,1b,2
E01002954,Kingston upon Thames 003D,Kingston upon Thames,12.966921766653384,13.247614929762197,9.934128118792795,15.698252541403276,3,4
E01002955,Kingston upon Thames 002C,Wandsworth,4.228752713489812,4.703642369002869,0.0,7.363604772305407,1b,2
E01002956,Kingston upon Thames 002D,Kingston upon Thames,3.703369141917905,4.085445395461674,0.0,5.912392484271364,1b,2
E01002957,Kingston upon Thames 003E,Kingston upon Thames,4.38892496826037,4.263211122701968,3.043987159335106,6.906657786075765,1b,2
E01002958,Kingston upon Thames 008C,Kingston upon Thames,4.726608803777107,5.419371653955992,0.0,8.16060251402205,1b,2
E01002959,Kingston upon Thames 002E,Kingston upon Thames,2.826870174292319,2.813726440278385,1.887521545194278,3.916400169581166,1b,2
E01002960,Kingston upon Thames 006B,Kingston upon Thames,6.031226183428941,5.337946372010471,2.495757061653521,11.11650424903006,2,3
E01002961,Kingston upon Thames 008D,Kingston upon Thames,3.635570154280101,2.988296267043665,2.069865046005783,7.931301650643088,1b,2
E01002962,Kingston upon Thames 006C,Kingston upon Thames,2.338266817217258,2.277273651933609,0.0,4.762438511419607,1a,1
E01002963,Kingston upon Thames 007D,Kingston upon Thames,7.004585389777537,7.070869322203925,5.645511978664945,8.579563380369626,2,3
E01002964,Kingston upon Thames 005A,Kingston upon Thames,19.163848980149098,18.500577124996138,3.555628180262854,34.91881941518283,4,5
E01002965,Kingston upon Thames 009A,Kingston upon Thames,13.500149380365524,12.809477082199503,7.685137304861333,25.23436736233643,3,4
E01002966,Kingston upon Thames 010C,Kingston upon Thames,3.28235913065099,2.32502753744944,0.0,11.234652590236855,1b,2
E01002967,Kingston upon Thames 009B,Kingston upon Thames,13.916679705767592,13.865796446269552,1.327123029946516,19.320861946790643,3,4
E01002968,Kingston upon Thames 009C,Kingston upon Thames,30.362582412432317,31.812312946452447,12.940156319470049,41.274834268191,6a,7
E01002969,Kingston upon Thames 005B,Kingston upon Thames,13.361408360394687,14.148344030195762,6.044639690793757,16.060586324262744,3,4
E01002970,Kingston upon Thames 006D,Kingston upon Thames,5.292947665650606,6.208482692084963,0.0,11.604175142316596,2,3
E01002971,Kingston upon Thames 005C,Kingston upon Thames,10.390953275893926,4.838511853141705,0.0,34.00779016554297,3,4
E01002972,Kingston upon Thames 005D,Kingston upon Thames,19.925434403414435,18.305558434195103,13.194673245959452,29.80993535037297,4,5
E01002973,Kingston upon Thames 006E,Kingston upon Thames,3.916857337120974,3.979578492443508,0.0,7.002278364237864,1b,2
E01002974,Kingston upon Thames 005E,Kingston upon Thames,15.057319470545307,14.809893362922727,10.3744386839069,19.947855920405143,4,5
E01002975,Kingston upon Thames 012A,Kingston upon Thames,6.166318277780065,6.208896729446092,4.25824159984017,7.934370238230066,2,3
E01002976,Kingston upon Thames 015A,Sutton,1.781041824702961,2.001378304015164,0.0,7.772584698987325,1a,1
E01002977,Kingston upon Thames 012B,Kingston upon Thames,5.46833893214849,5.528572221065385,4.151347447888043,6.706347146988424,2,3
E01002978,Kingston upon Thames 015B,Sutton,7.28477300967795,7.400721974855467,3.784490830197406,10.754999450938188,2,3
E01002979,Kingston upon Thames 015C,Kingston upon Thames,4.521239700264244,4.55840220155542,2.786447794420631,7.574241180968729,1b,2
E01002980,Kingston upon Thames 012C,Kingston upon Thames,5.017260774749417,5.342887238801826,2.501436049150468,7.92890790241772,2,3
E01002981,Kingston upon Thames 012D,Kingston upon Thames,4.491259671468887,4.56691330728488,0.0,10.991919212648863,1b,2
E01002982,Kingston upon Thames 015D,Merton,6.501882237915052,6.070641401441945,4.160382867100519,10.105516138911296,2,3
E01002983,Kingston upon Thames 015E,Merton,4.009669373321914,4.12535174187677,0.0,9.39719840360905,1b,2
E01002984,Kingston upon Thames 012E,Kingston upon Thames,10.074544407882083,10.9153045192531,1.238975191022262,16.8970747932511,3,4
E01002985,Kingston upon Thames 007E,Merton,9.314153170030911,8.007122433850835,5.140147808317871,14.851702204956249,2,3
E01002986,Kingston upon Thames 008E,Kingston upon Thames,2.407485591016281,1.838113926230002,0.0,6.90887505563067,1a,1
E01002987,Kingston upon Thames 011B,Kingston upon Thames,17.888830846556623,17.86239302551226,14.19942160591976,21.27512783936316,4,5
E01002988,Kingston upon Thames 011C,Kingston upon Thames,8.157570647102458,7.695996415695063,2.657040239521712,15.801382515488728,2,3
E01002989,Kingston upon Thames 011D,Kingston upon Thames,13.682248818613685,14.051908052556316,6.371951657191055,17.185988941608095,3,4
E01002990,Kingston upon Thames 009D,Kingston upon Thames,16.540342512635426,16.929767943854475,10.58953985532704,19.738813695725163,4,5
E01002991,Kingston upon Thames 009E,Kingston upon Thames,7.735804234999734,6.776847625070869,2.984654953005938,15.661269207595357,2,3
E01002992,Kingston upon Thames 010D,Kingston upon Thames,2.535352151480275,2.664637670028136,0.0,10.564818986150067,1b,2
E01002993,Kingston upon Thames 013C,Kingston upon Thames,10.543082558522553,11.6849559649566,4.375265687829117,16.024494570626793,3,4
E01002994,Kingston upon Thames 016A,Kingston upon Thames,4.664230428652987,5.031718615611901,0.0,8.773454911953658,1b,2
E01002995,Kingston upon Thames 013D,Kingston upon Thames,7.63645281645485,8.818848456675621,0.0,15.787274542052728,2,3
E01002996,Kingston upon Thames 016B,Kingston upon Thames,7.454594784145301,7.330487689208228,2.484907634280529,10.89593045817557,2,3
E01002997,Kingston upon Thames 016C,Kingston upon Thames,8.592055362712989,9.078351064801948,4.970331681819784,14.68083492325576,2,3
E01002998,Kingston upon Thames 016D,Kingston upon Thames,5.529579314781481,5.499379065674866,3.051613834021297,8.797363806949308,2,3
E01002999,Kingston upon Thames 013E,Kingston upon Thames,15.739007801811317,15.804006156196165,12.847809343950177,19.020564560922175,4,5
E01003000,Kingston upon Thames 017C,Kingston upon Thames,2.842479759123362,2.871210646864613,0.0,7.58519144811158,1b,2
E01003001,Kingston upon Thames 017D,Kingston upon Thames,6.16636416787697,7.040709384662756,0.0,11.36926454438823,2,3
E01003002,Kingston upon Thames 016E,Kingston upon Thames,5.249638839629129,5.334347537050164,3.450360899261835,7.929820770337698,2,3
E01003003,Kingston upon Thames 017E,Kingston upon Thames,8.352580384601373,8.72534371556863,2.94322965674723,11.831240023378482,2,3
E01003004,Kingston upon Thames 018D,Kingston upon Thames,3.355431301405592,4.2360563011795,0.0,6.820142174358589,1b,2
E01003005,Kingston upon Thames 018E,Kingston upon Thames,3.45973661292431,2.876697703953664,2.014692654043335,6.005609176806916,1b,2
E01003006,Kingston upon Thames 001A,Richmond upon Thames,5.06673989307889,5.191810749060267,2.701709421416439,6.905412916101332,2,3
E01003007,Kingston upon Thames 001B,Richmond upon Thames,4.202299887189081,4.657585901025693,0.0,6.301239450555398,1b,2
E01003008,Kingston upon Thames 001C,Richmond upon Thames,4.627820158555584,4.582599034641815,3.144886684613676,5.688917275651582,1b,2
E01003009,Kingston upon Thames 001D,Richmond upon Thames,3.333359089388719,3.42657724788808,0.0,4.832914633588097,1b,2
E01003010,Kingston upon Thames 001E,Kingston upon Thames,4.321486512856692,4.420526154630752,0.0,7.570309880816452,1b,2
E01003011,Kingston upon Thames 004E,Kingston upon Thames,4.83115266562286,4.334945042123564,2.479090869827441,7.929474197662738,1b,2
E01003013,Lambeth 036A,Lambeth,63.602229189078336,74.82775082468292,11.828726558414346,93.43590204315866,6b,8
E01003014,Lambeth 036B,Southwark,56.82989549135328,60.946800929764834,16.73861033519124,94.07884629928513,6b,8
E01003015,Lambeth 002A,Lambeth,20.07479324064475,20.71041812137687,13.256791856337166,25.68355980248469,5,6
E01003016,Lambeth 036C,Southwark,88.69168727011525,92.40170582441424,65.97942575046798,108.56146577401177,6b,8
E01003017,Lambeth 036D,Southwark,98.32759926261087,98.03040837447136,87.38743726640212,112.41634128132844,6b,8
E01003018,Lambeth 020A,Lambeth,21.084448890072395,19.124163429283687,14.5673449713685,32.0129687212174,5,6
E01003019,Lambeth 015A,Lambeth,13.420407269681965,10.218725356068855,8.422825877760586,20.498867275252277,3,4
E01003020,Lambeth 016A,Lambeth,32.9419659258953,31.765299542896884,19.75907885113199,46.331776750079655,6a,7
E01003021,Lambeth 021A,Lambeth,15.79188976370132,16.29096699749839,5.305749015774526,19.05461731610165,4,5
E01003022,Lambeth 021B,Lambeth,10.80019510875843,8.839081289112478,6.299443069109623,16.744705225037837,3,4
E01003023,Lambeth 021C,Lambeth,20.65399025375386,20.09438347581396,16.567690148574584,27.47168598489444,5,6
E01003024,Lambeth 021D,Lambeth,18.356815316483623,17.07247743931242,14.614767932497095,25.15466855490945,4,5
E01003025,Lambeth 021E,Lambeth,15.78821200506968,16.987048592134823,2.084318511342988,28.18154647324308,4,5
E01003026,Lambeth 019A,Lambeth,16.726992508300064,16.75326418436382,8.234238951170166,24.012057065328285,4,5
E01003027,Lambeth 019B,Lambeth,10.348331299203616,7.981926373740013,3.22140743342896,24.18368456392991,3,4
E01003028,Lambeth 019C,Lambeth,7.332290602582062,7.834098038821534,3.007957102303469,16.201853019791823,2,3
E01003029,Lambeth 017A,Lambeth,14.961859751930357,15.020305215984116,5.915388388428996,25.0321370119018,3,4
E01003030,Lambeth 019D,Wandsworth,17.726009837092644,17.027247189481194,14.50222430298532,23.33979468611061,4,5
E01003031,Lambeth 023A,Lambeth,12.29243408181824,12.32923263595583,9.176680796513594,15.841578868444545,3,4
E01003032,Lambeth 017B,Lambeth,24.973445429289487,25.007163973323873,19.032101520862795,38.05702288371729,5,6
E01003033,Lambeth 019E,Lambeth,12.067031707963748,11.480599214172363,4.236675324277131,22.90684579078095,3,4
E01003034,Lambeth 012A,Lambeth,11.348215355438356,11.071275231945592,9.696118617064425,15.504643474573308,3,4
E01003035,Lambeth 012B,Lambeth,25.1917140996454,25.89905143244896,16.896356595829722,31.44480272747236,6a,7
E01003036,Lambeth 012C,Lambeth,19.174856544266568,18.736604543726173,14.490405664764378,24.092114581710312,4,5
E01003037,Lambeth 013A,Lambeth,12.695501647765107,12.453088820775028,10.60198221902122,15.099533201180854,3,4
E01003038,Lambeth 013B,Lambeth,19.210465221742457,19.027064491651277,14.02445866077504,27.10482359560507,4,5
E01003039,Lambeth 013C,Lambeth,25.331950294825567,23.783649142654227,21.306423077273863,34.43237966337021,6a,7
E01003040,Lambeth 013D,Lambeth,19.427505460300804,20.339352680629364,12.2063071991862,25.968716476818845,4,5
E01003041,Lambeth 017C,Lambeth,29.272289444294035,29.22342061059833,25.45176778991591,34.142562709371774,6a,7
E01003042,Lambeth 013E,Lambeth,17.704341499130688,17.556412413908383,13.23687999043656,22.36364928374216,4,5
E01003043,Lambeth 018A,Lambeth,24.33979111052876,27.750548798335466,11.789101675947588,33.954831525035054,5,6
E01003044,Lambeth 018B,Lambeth,7.674922851670702,4.588712865249267,2.953349778960515,18.055260880673927,2,3
E01003045,Lambeth 011A,Lambeth,24.490617066538608,22.994770653910173,11.498887663770498,39.074331354759614,5,6
E01003046,Lambeth 009A,Lambeth,11.435819275356325,10.287975935733447,9.464784761953672,15.870793060432533,3,4
E01003047,Lambeth 011B,Lambeth,41.24828237586795,39.68667379315291,35.12014361254269,57.24062849251953,6b,8
E01003048,Lambeth 009B,Lambeth,14.465787909735193,13.224776862939864,10.814289178835844,25.888276473213775,3,4
E01003049,Lambeth 011C,Lambeth,25.55692119089388,26.56635346956464,12.105994889860831,34.317687692516905,6a,7
E01003050,Lambeth 016B,Lambeth,34.753567742527785,34.113870713975686,28.782213390672887,43.7835057069456,6a,7
E01003051,Lambeth 018C,Lambeth,18.20913654077341,15.220205344186311,8.776504528460862,35.79165654607054,4,5
E01003052,Lambeth 016C,Lambeth,22.73035306108983,16.763877828279675,12.107389326648493,36.19125781556348,5,6
E01003053,Lambeth 015B,Lambeth,28.64765931436595,29.444132753458653,16.710925419777638,45.31168156346191,6a,7
E01003054,Lambeth 015C,Lambeth,27.784454990582375,29.248179293117968,24.433787141839915,30.37173191938176,6a,7
E01003055,Lambeth 016D,Lambeth,33.27485205398138,34.56795535727646,10.824466234503168,49.11526338269561,6a,7
E01003056,Lambeth 015D,Lambeth,22.19203224193337,21.743229599722714,16.776238785324686,28.66622134243469,5,6
E01003057,Lambeth 017D,Lambeth,25.64510065993232,26.201961680545477,22.863156362508455,27.31118966192295,6a,7
E01003058,Lambeth 015E,Lambeth,22.219932500185337,22.767909378117743,16.920822967900968,30.805883869385283,5,6
E01003059,Lambeth 011D,Lambeth,29.66882139354212,31.220435267887584,23.32239473835984,33.975892275627395,6a,7
E01003060,Lambeth 011E,Lambeth,35.37949446822089,36.97175852125491,25.027486807073792,41.371585233997344,6a,7
E01003061,Lambeth 011F,Lambeth,40.508937732839286,40.10435666307777,32.91608055641657,45.986485483404174,6b,8
E01003062,Lambeth 033A,Southwark,20.27400228631392,21.52821179512337,11.405813656142968,28.791104439032868,5,6
E01003063,Lambeth 033B,Lambeth,12.144877848848948,10.641101873636735,8.827089619767278,24.679708942393685,3,4
E01003064,Lambeth 028A,Southwark,4.911505617351196,4.309358781469127,2.457813171953018,7.637278351270321,1b,2
E01003065,Lambeth 031A,Lambeth,5.475835867921973,5.392853861243884,3.469024901913155,11.416994740360735,2,3
E01003066,Lambeth 028B,Lambeth,12.495904694442062,12.967985721374164,2.376560848460044,20.603522707666357,3,4
E01003067,Lambeth 033C,Southwark,7.718616884319099,8.22192564963947,4.398584095789911,10.1497280873993,2,3
E01003068,Lambeth 031B,Lambeth,6.257894612964862,6.444752469308499,4.059459119049088,8.069757898670654,2,3
E01003069,Lambeth 033D,Lambeth,7.676761167112597,8.134628271300922,3.994795781695379,9.812342415956085,2,3
E01003070,Lambeth 033E,Southwark,8.727144559599395,8.510663359789454,5.757335315728191,11.885453930713366,2,3
E01003071,Lambeth 018D,Southwark,13.797759297814588,14.258286981881088,9.723791678632653,17.799710142273817,3,4
E01003072,Lambeth 014A,Southwark,11.327984463959826,10.286374522383817,6.027425420426216,19.419543342797272,3,4
E01003073,Lambeth 014B,Lambeth,9.72795280638981,9.67878885240182,4.410528376780107,14.730060755351522,2,3
E01003074,Lambeth 018E,Southwark,15.439979333353854,15.873916605016417,5.720919977948341,29.25191863186133,4,5
E01003075,Lambeth 009C,Southwark,15.496179144398788,13.776176941267064,8.309235389088698,23.680279009104343,4,5
E01003076,Lambeth 014C,Southwark,19.46538485223924,18.731216324377925,8.129910344048056,34.71755328186866,4,5
E01003077,Lambeth 014D,Lambeth,13.527007660598256,12.933234310153246,11.12332114579828,20.397039314464894,3,4
E01003078,Lambeth 014E,Southwark,11.839441696280907,12.3434209473313,6.868338573342455,18.921159692845265,3,4
E01003079,Lambeth 027A,Lambeth,12.588010914754408,14.361755215305884,2.979810119943547,23.72832046582642,3,4
E01003080,Lambeth 027B,Lambeth,12.725272520547366,13.720583004960014,4.493517815027849,21.315850874239395,3,4
E01003081,Lambeth 028C,Lambeth,14.983930086760736,14.972645268313432,5.878292017969812,21.0402194737242,3,4
E01003082,Lambeth 031C,Lambeth,13.610233266593577,14.03175373096366,8.626126315487712,16.63883446300423,3,4
E01003083,Lambeth 030A,Lambeth,8.409017033908874,6.374054579654469,4.605461397989489,17.65570575869382,2,3
E01003084,Lambeth 030B,Lambeth,14.923665881085553,13.675744821727209,11.770594265338827,19.16146328421352,3,4
E01003085,Lambeth 030C,Lambeth,8.768182842287683,8.007431949247387,4.726003924568092,13.758245991503564,2,3
E01003086,Lambeth 031D,Lambeth,8.620731861427283,9.125516160429704,4.68984893452951,13.089390404567984,2,3
E01003087,Lambeth 031E,Lambeth,9.01712632033801,8.731989225856305,5.540123949041368,12.577988433065332,2,3
E01003088,Lambeth 010A,Lambeth,20.316211497661364,20.62430928017131,15.934676399298942,23.594413130878603,5,6
E01003089,Lambeth 008A,Lambeth,14.214801805360633,13.40686630572072,9.336099341775364,22.51589614357158,3,4
E01003090,Lambeth 012D,Lambeth,25.397369007353284,23.07083093737368,20.97619888844372,34.163165240087935,6a,7
E01003091,Lambeth 008B,Lambeth,11.785227266742,11.388043092753415,7.024498479199801,16.37812955984728,3,4
E01003092,Lambeth 008C,Lambeth,17.551542909629198,19.104641653242368,7.276553288397031,23.807843236203244,4,5
E01003093,Lambeth 010B,Lambeth,28.279794706325852,27.253627512152224,24.871869055798815,33.51337845059594,6a,7
E01003094,Lambeth 010C,Lambeth,24.50711475052056,23.895953212857044,22.279445907669217,29.914480934337305,5,6
E01003095,Lambeth 012E,Lambeth,20.14483886008134,20.057509827888687,14.51093426702025,24.48671138599078,5,6
E01003096,Lambeth 010D,Lambeth,22.214478930478094,20.028889387027416,9.481933558829638,41.790904022555125,5,6
E01003097,Lambeth 006A,Lambeth,28.247554232065088,29.119373198726525,20.80370252596669,36.593032195023056,6a,7
E01003098,Lambeth 005A,Lambeth,26.701993844287674,26.599647785160055,15.47397926875664,34.40150388030836,6a,7
E01003099,Lambeth 005B,Southwark,33.51170246318279,33.69169254614028,20.339466255813957,51.102983897417865,6a,7
E01003100,Lambeth 005C,Lambeth,26.963435480684254,26.65196123899407,22.511342053214477,34.30850335256363,6a,7
E01003101,Lambeth 003A,Lambeth,35.60049821138144,33.874387529468706,28.740896131334768,44.034067613537296,6a,7
E01003102,Lambeth 004A,Lambeth,42.02769756928327,43.79985532732386,31.13775575587688,51.010557726732536,6b,8
E01003104,Lambeth 004C,Lambeth,31.62545470124958,32.06984456480978,24.68373769117899,36.97015661217669,6a,7
E01003105,Lambeth 003B,Lambeth,30.799936296453254,31.359278968536245,25.48536930977517,34.82612810392155,6a,7
E01003106,Lambeth 003C,Southwark,29.697942829152787,28.854727257960565,22.07332510130304,37.08630637905991,6a,7
E01003107,Lambeth 003D,Southwark,34.29110887357992,34.274030784063044,26.258877724463574,41.70061173951273,6a,7
E01003108,Lambeth 002B,Southwark,36.42363890210844,36.61254836483345,23.67946786531896,49.44081724098793,6a,7
E01003110,Lambeth 002C,Southwark,36.065739279746886,31.452429727941887,26.12626739325735,58.87654594383596,6a,7
E01003111,Lambeth 002D,Lambeth,20.643547563483647,19.69881019839348,7.838473136422317,31.19153108389633,5,6
E01003112,Lambeth 002E,Lambeth,20.40796419015888,22.161133983234272,13.739742203549191,26.905167410711552,5,6
E01003113,Lambeth 032A,Lambeth,19.350502139296943,22.737627156529967,8.465535280439882,28.06549964122175,4,5
E01003114,Lambeth 032B,Lambeth,19.022789032016902,16.665655471619104,8.600203090340132,35.14597888112254,4,5
E01003115,Lambeth 034A,Lambeth,17.38138462292762,16.52003092276911,8.190498456699418,25.105438119324575,4,5
E01003116,Lambeth 029A,Wandsworth,8.578861007194181,4.022520939541762,0.0,23.618694663168657,2,3
E01003117,Lambeth 029B,Lambeth,22.609323850240067,21.51409610758303,17.758984412598004,34.16846266106949,5,6
E01003118,Lambeth 029C,Lambeth,20.595498254522365,22.02232452910765,5.232703659125852,32.90448089407332,5,6
E01003119,Lambeth 032C,Lambeth,22.393024491658903,23.693515816825936,9.705399528908588,33.30521819251506,5,6
E01003120,Lambeth 032D,Lambeth,27.041492170852894,26.364818199803093,21.525898255687032,35.29165994577811,6a,7
E01003121,Lambeth 006B,Lambeth,20.404919675927044,21.430813993808652,17.248975824234982,21.502727358724023,5,6
E01003122,Lambeth 004D,Lambeth,16.39294074914084,14.950190638323694,11.96467095752395,31.403003933784888,4,5
E01003123,Lambeth 006C,Lambeth,23.271277468134464,22.647337211022588,20.67182674399942,29.06466541659204,5,6
E01003124,Lambeth 006D,Lambeth,25.689302252504486,25.408853595488534,23.02107678264868,29.61621656773795,6a,7
E01003125,Lambeth 006E,Lambeth,23.66587718595652,22.827998038857913,17.8995811154276,28.27415891233576,5,6
E01003126,Lambeth 008D,Lambeth,28.68607731984862,28.06784798851309,22.832707777617784,35.713614380283445,6a,7
E01003127,Lambeth 010E,Lambeth,28.02538307772839,27.83672850823732,24.051929437078176,37.181319316438014,6a,7
E01003128,Lambeth 008E,Lambeth,25.228759842734675,24.63178290164499,19.363018892067256,29.938315602343664,6a,7
E01003129,Lambeth 004E,Lambeth,20.96700403428481,20.743108655419256,9.652437394177266,33.05007769104889,5,6
E01003130,Lambeth 026A,Lambeth,25.432960542637808,25.306935520459323,18.89224965074497,32.59535386929209,6a,7
E01003131,Lambeth 026B,Lambeth,23.68850344444668,22.430353101454383,18.064436777206193,30.00136497221738,5,6
E01003132,Lambeth 024A,Lambeth,7.613986088937566,6.615191056810647,2.922158264231786,21.090981806959547,2,3
E01003133,Lambeth 027C,Lambeth,17.35333314704464,16.741433414139387,14.23050257308458,23.752045923284108,4,5
E01003134,Lambeth 027D,Lambeth,9.640171177161426,6.961877081636181,2.555937300873848,21.315805633970648,2,3
E01003135,Lambeth 026C,Lambeth,21.47011861797576,20.82771132797921,5.474087822675221,33.619656713692905,5,6
E01003136,Lambeth 022A,Lambeth,17.24094547385119,19.68120905554444,9.671629126120846,23.22266043544828,4,5
E01003137,Lambeth 022B,Lambeth,26.30833485005526,27.142833951351715,19.24477115694025,36.60928180136799,6a,7
E01003138,Lambeth 026D,Lambeth,12.641039458510916,6.490479956302226,5.697841130020404,26.50468829873847,3,4
E01003139,Lambeth 035A,Lambeth,7.794715622568377,7.795689020699481,6.613154506843639,9.17694561012997,2,3
E01003140,Lambeth 035B,Merton,7.028045567065251,6.529855506987818,2.739827527068306,11.35057368515244,2,3
E01003141,Lambeth 034B,Lambeth,12.0909574767045,12.419930094586332,8.426362741790793,14.82834106807064,3,4
E01003142,Lambeth 035C,Merton,7.673534495744795,8.048083355012363,3.474963174622794,10.197891657991372,2,3
E01003143,Lambeth 035D,Merton,6.605741812596462,6.84006316548686,0.0,9.278663000092182,2,3
E01003144,Lambeth 034C,Lambeth,10.42206187441978,8.383751737742752,2.2663373516648,24.528699180169337,3,4
E01003145,Lambeth 034D,Lambeth,15.02584791103064,14.527682315772532,12.395335664132151,18.881247334482765,4,5
E01003146,Lambeth 035E,Lambeth,7.862001802312028,7.859852588607515,5.894544614637033,10.14521875515508,2,3
E01003147,Lambeth 034E,Lambeth,13.506235418101005,12.96943539264116,10.603995353069092,19.622347030995236,3,4
E01003148,Lambeth 032E,Lambeth,9.40913584154002,5.498273663411677,1.846719208193213,25.056451739985057,2,3
E01003149,Lambeth 030D,Lambeth,5.549600230346936,5.067950144883223,3.034889494171517,15.364100502815514,2,3
E01003150,Lambeth 032F,Lambeth,18.414360013259284,18.936651179112484,6.24708148374329,30.51651263983285,4,5
E01003151,Lambeth 026E,Lambeth,19.452212119509237,20.12655703707629,5.897253094567772,24.396042272542967,4,5
E01003152,Lambeth 027E,Lambeth,8.952916963265116,6.461519094756851,3.686437188733434,20.923078956775857,2,3
E01003153,Lambeth 029D,Lambeth,25.605338668417435,24.879171053159197,18.44457946831288,32.20747189759208,6a,7
E01003154,Lambeth 030E,Lambeth,4.036572845689774,3.780786869270871,1.753954887202477,7.448363597958398,1b,2
E01003155,Lambeth 029E,Lambeth,19.136108050300248,18.171761518545807,3.824304295137142,32.24596769107942,4,5
E01003156,Lambeth 023B,Lambeth,6.391765058003145,6.957663324491723,2.571649341067825,10.174264387369968,2,3
E01003157,Lambeth 023C,Wandsworth,9.892002338158743,11.500752922738563,2.125164450560675,17.03865100539374,2,3
E01003158,Lambeth 023D,Wandsworth,4.480029401901586,3.433868342255727,2.10363336903449,11.750775222286856,1b,2
E01003159,Lambeth 022C,Lambeth,8.993120546636613,9.123851381812033,5.393503437917686,11.327456735477512,2,3
E01003160,Lambeth 022D,Lambeth,11.943892641487178,11.307067419332707,9.730125975788027,16.22508612877909,3,4
E01003161,Lambeth 023E,Lambeth,11.505859226575168,12.124945570645805,4.394586429472731,16.25092056162964,3,4
E01003162,Lambeth 022E,Lambeth,16.34637930279148,13.627658283128152,10.721985431809063,23.03746706959664,4,5
E01003163,Lambeth 023F,Lambeth,10.377995207106704,10.497650171073545,3.861182247550526,18.13448432639611,3,4
E01003164,Lambeth 025A,Lambeth,18.766851786338798,18.56905072150554,2.581251656135517,25.16658142784316,4,5
E01003165,Lambeth 025B,Southwark,8.696156956656852,8.630654857838316,7.313193741867614,11.297751231981051,2,3
E01003166,Lambeth 028D,Lambeth,20.842202237704008,21.127419637949647,10.878883983131544,25.526963102333585,5,6
E01003167,Lambeth 028E,Lambeth,14.446046624916912,14.727716516842989,7.777911496491474,19.260906393530227,3,4
E01003168,Lambeth 025C,Southwark,9.801049161677426,7.842840756454861,5.247899167641018,16.645668118270528,2,3
E01003169,Lambeth 025D,Lambeth,16.298378192654006,17.394173766453882,10.75243071595721,20.042913956275616,4,5
E01003170,Lambeth 025E,Southwark,9.894894649883232,8.8283117158227,4.409519883775886,18.167277766655022,2,3
E01003171,Lambeth 020B,Lambeth,15.659426992354256,15.651230810014995,5.810894348663944,19.648217717405085,4,5
E01003172,Lambeth 024B,Lambeth,9.183733423951614,7.538273471054485,5.856403249912559,17.099156878552485,2,3
E01003173,Lambeth 020C,Lambeth,11.47559983627356,11.886203082382128,5.913936021444491,16.502032795554275,3,4
E01003174,Lambeth 024C,Lambeth,15.161293812422093,16.223717195669295,6.811221011899616,21.44238945221236,4,5
E01003175,Lambeth 024D,Lambeth,6.556137039105669,6.697026610155604,5.705310699286412,7.15345413601566,2,3
E01003176,Lambeth 016E,Lambeth,33.755322381241335,34.03968865730469,27.219651591825997,39.558223900289214,6a,7
E01003177,Lambeth 020D,Lambeth,19.877179796854847,20.19620948884918,9.790979211067055,24.316766563273713,4,5
E01003178,Lambeth 020E,Lambeth,17.901068308159523,18.025717398626274,13.418175557309509,21.07977949667521,4,5
E01003179,Lambeth 024E,Lambeth,11.105129286025448,10.28726385059371,5.952907641172655,18.36837138572985,3,4
E01003180,Lambeth 005D,Southwark,7.577308686109092,6.991144556016319,5.558371041765651,16.17085442108422,2,3
E01003181,Lambeth 007A,Lambeth,21.71582798567645,23.157464303340756,17.59258117052414,24.81941648547022,5,6
E01003182,Lambeth 009D,Southwark,5.660605359091138,5.294826443825489,1.88512868097853,10.746161954609384,2,3
E01003183,Lambeth 005E,Southwark,21.31218948510578,19.898838039866035,17.58564211980181,30.76633954667273,5,6
E01003184,Lambeth 007B,Lambeth,17.855060182518912,18.41282758291784,10.328469368276322,22.713764711994084,4,5
E01003185,Lambeth 007C,Lambeth,18.508636070011512,18.99777684230058,16.456937453858238,19.63213585703133,4,5
E01003186,Lambeth 007D,Lambeth,20.69722847080632,22.88225221781789,10.125445495944506,27.891101013018627,5,6
E01003187,Lambeth 007E,Lambeth,10.87555986388132,10.176674700292448,5.974396118280467,17.988471181364922,3,4
E01003188,Lambeth 009E,Lambeth,10.835038256653624,10.78373174337862,9.204509861386224,12.625568984711505,3,4
E01003189,Lewisham 034A,Lewisham,7.030952838800875,6.587905088998797,6.01682886679674,10.596168890699031,2,3
E01003190,Lewisham 034B,Lewisham,10.268583727501449,10.481295626066473,5.051401724957934,14.299537838625984,3,4
E01003191,Lewisham 034C,Lewisham,5.775443405130981,5.095152664542132,2.051871206687341,10.405829960583194,2,3
E01003192,Lewisham 034D,Lewisham,5.183003129441226,4.853758403932074,0.0,11.916918844518529,2,3
E01003193,Lewisham 029A,Lewisham,9.553492745024856,9.826350052883226,3.45080089470053,13.816533814271931,2,3
E01003194,Lewisham 029B,Lewisham,10.209707650963413,10.882110032935003,0.0,25.95874553068782,3,4
E01003195,Lewisham 029C,Lewisham,5.381581241878267,5.231128366112271,3.62407053897784,10.260247562436092,2,3
E01003196,Lewisham 029D,Lewisham,10.12378687271057,10.561696578714388,0.0,14.886787413519349,3,4
E01003197,Lewisham 029E,Lewisham,6.21323683022375,5.83598042943827,0.0,10.835819951354962,2,3
E01003198,Lewisham 009A,Lewisham,13.210323092801854,13.099029310619144,10.461535413431816,16.185582731888363,3,4
E01003199,Lewisham 007A,Lewisham,15.737868660743104,10.045664590408812,3.967231904986057,53.31303481820999,4,5
E01003200,Lewisham 009B,Lewisham,13.575957805802576,13.987183767444172,3.061493093785514,18.472813165417826,3,4
E01003201,Lewisham 007B,Lewisham,39.84678165435332,40.13350790119864,20.51565454726524,52.93496197190135,6a,7
E01003202,Lewisham 009C,Lewisham,14.402945944501594,14.953458438553016,9.111576483066356,18.394830114316488,3,4
E01003203,Lewisham 009D,Lewisham,12.05669462328272,11.967441465934652,7.35162500250094,15.543389391752353,3,4
E01003204,Lewisham 007C,Lewisham,12.249437378895408,12.322685962675292,4.651562446761891,36.15902243748991,3,4
E01003205,Lewisham 007D,Lewisham,20.165128828391357,18.99528915679581,12.680853890056492,40.57522388480962,5,6
E01003206,Lewisham 007E,Lewisham,17.01468619963912,13.737932530350568,0.0,38.31377022083769,4,5
E01003207,Lewisham 005A,Lewisham,29.846388160167255,30.12318547512511,24.53128419623791,36.1917584414722,6a,7
E01003209,Lewisham 005B,Lewisham,20.427564629422008,19.70511859943345,15.3660789668316,25.688484535367685,5,6
E01003210,Lewisham 005C,Lewisham,21.76221681867182,22.32866183971136,12.46148749884722,31.678592911545365,5,6
E01003211,Lewisham 008B,Lewisham,17.01047987015711,15.131995355673208,11.925296152577348,26.247621099613998,4,5
E01003212,Lewisham 005D,Lewisham,13.038556402687876,11.864413435383772,8.778667017368154,21.74442171255464,3,4
E01003213,Lewisham 008C,Lewisham,11.282542697488624,11.044026888396028,7.804516340110608,15.921598289231248,3,4
E01003214,Lewisham 008D,Lewisham,11.841483806176198,11.62801771516061,9.71259615710002,14.061451275757744,3,4
E01003215,Lewisham 005E,Lewisham,29.559989156465523,30.63968510663273,20.599024486862373,35.17985382200407,6a,7
E01003216,Lewisham 025A,Lewisham,14.038760157682226,14.208848629614716,5.416572106313824,25.57838796029312,3,4
E01003217,Lewisham 022A,Lewisham,7.879848508400113,8.13973412832629,5.752853801360426,10.065322712885788,2,3
E01003218,Lewisham 022B,Lewisham,5.90591326155803,6.079719836994166,2.630670093019886,7.251209314532298,2,3
E01003219,Lewisham 025B,Lewisham,3.674875923321048,3.04940272885788,0.0,10.622402368972452,1b,2
E01003220,Lewisham 022C,Lewisham,8.73483786275583,8.835584312985858,6.417120361246283,10.595512951284276,2,3
E01003221,Lewisham 025C,Lewisham,15.436839650949484,15.15888311796048,5.447019382010174,25.45374918635622,4,5
E01003222,Lewisham 022D,Lewisham,6.412475285194499,5.817032302717841,4.444169483745099,9.771621920533926,2,3
E01003223,Lewisham 025D,Lewisham,11.954112065409994,12.363403054008264,0.0,19.16884787573214,3,4
E01003224,Lewisham 022E,Lewisham,8.842083158341618,8.60222289478865,7.260513310922796,11.009628907467407,2,3
E01003225,Lewisham 015A,Lewisham,7.720947251873624,7.209644328500909,2.581865883887566,12.429986754644975,2,3
E01003226,Lewisham 019A,Lewisham,14.408313922182094,14.535897628250035,7.084017032437973,17.370416243752608,3,4
E01003227,Lewisham 019B,Lewisham,11.701686605804293,11.83786369246742,5.348515133433593,15.460374133510632,3,4
E01003228,Lewisham 019C,Lewisham,12.008952776295471,12.184851881844548,9.743710339240463,13.417330226450623,3,4
E01003229,Lewisham 019D,Lewisham,9.182762169535692,9.095201384850643,5.240663029710134,12.544865375095569,2,3
E01003230,Lewisham 019E,Lewisham,7.616138870747243,6.20380220936374,3.684912832770884,13.973282671394632,2,3
E01003231,Lewisham 015B,Lewisham,12.0458578172276,11.657889949013676,7.969507284565706,16.270291969127214,3,4
E01003232,Lewisham 015C,Lewisham,14.486016080585596,15.11516423901624,7.242695476358058,17.782623383291376,3,4
E01003233,Lewisham 015D,Lewisham,11.517023904387903,11.805445468305464,10.233151759239885,12.325638997312424,3,4
E01003235,Lewisham 038A,Lewisham,4.608551183922675,4.554387903055289,0.0,7.857220529084129,1b,2
E01003236,Lewisham 037A,Lewisham,14.374508670096349,14.245096496321011,11.527481489764284,18.185972954514288,3,4
E01003237,Lewisham 037B,Lewisham,9.643734665933453,11.21508128564884,4.066789520844607,14.611485910571531,2,3
E01003238,Lewisham 037C,Lewisham,8.904588171248248,7.739391182940297,6.985900915498732,12.161255407936675,2,3
E01003239,Lewisham 037D,Lewisham,6.195083773651861,6.266026341977756,3.666708659974959,8.57124834721088,2,3
E01003240,Lewisham 038B,Lewisham,8.160119973266239,7.75040579946632,6.569890849416706,13.026099512108257,2,3
E01003241,Lewisham 038C,Lewisham,11.017890557672976,11.598721457912267,4.733026445635937,14.83529672608116,3,4
E01003243,Lewisham 038D,Lewisham,7.991943341189621,8.855094180758677,0.0,10.663928482131876,2,3
E01003244,Lewisham 001A,Lewisham,5.490932407914907,5.501685510566489,5.093831845050801,6.030011256549045,2,3
E01003245,Lewisham 001B,Lewisham,11.141834943452928,12.526503444559117,0.0,14.460891680489604,3,4
E01003246,Lewisham 002A,Lewisham,7.43784606125044,5.494135707456017,1.979402978341415,17.132116385367993,2,3
E01003247,Lewisham 001C,Lewisham,8.838311996435314,10.229581074460642,0.0,14.496929102484112,2,3
E01003248,Lewisham 002B,Lewisham,5.992651570847946,5.864571585120328,1.9487147874935,11.664073434606909,2,3
E01003249,Lewisham 001D,Lewisham,3.519624295336151,2.914023301931731,2.240235788407678,5.393340118234883,1b,2
E01003251,Lewisham 002C,Lewisham,7.248492092193503,6.198070249137622,0.0,14.230462542988723,2,3
E01003252,Lewisham 002D,Lewisham,10.840490182446365,13.189441954074368,6.18989878080645,13.583966471096598,3,4
E01003253,Lewisham 002E,Lewisham,14.634333350065727,14.0699959187013,8.659811058966548,20.856974236963634,3,4
E01003254,Lewisham 021A,Lewisham,9.342592797325215,10.27698759720226,2.039911900971001,15.760787795762552,2,3
E01003255,Lewisham 021B,Lewisham,14.243387891677406,13.65858698394796,11.530299426807174,17.301563528529464,3,4
E01003256,Lewisham 028A,Lewisham,11.837213363127278,12.003366756865011,8.301245116045882,15.370211648517692,3,4
E01003257,Lewisham 028B,Lewisham,11.61129841394098,11.601092111654689,7.874432351449638,18.095141995160198,3,4
E01003258,Lewisham 028C,Lewisham,7.175679006076968,6.12189409614018,5.603807838026902,9.300697719888868,2,3
E01003259,Lewisham 028D,Lewisham,9.681813609815055,8.85585608718052,5.439217103242852,15.193487576464618,2,3
E01003260,Lewisham 021C,Southwark,6.180877031221737,5.634765834882214,3.71494844405015,10.503763434786482,2,3
E01003261,Lewisham 021D,Lewisham,8.187164888500652,7.534840513219113,6.490498023836656,12.07140850566935,2,3
E01003262,Lewisham 021E,Lewisham,6.887490642806866,5.93551069077914,5.315205453296031,12.399015039478346,2,3
E01003263,Lewisham 023A,Lewisham,11.594940073706546,12.306781033394453,3.904969558653178,17.50688232035358,3,4
E01003264,Lewisham 031A,Lewisham,11.249354597973964,12.327197563378633,3.458624478429356,13.988162922162983,3,4
E01003265,Lewisham 031B,Lewisham,12.018474774882176,12.647933368504106,4.496191094973356,17.034395856264684,3,4
E01003266,Lewisham 031C,Lewisham,7.453639210033164,7.09923423419588,5.967432678140277,11.660926944073807,2,3
E01003267,Lewisham 031D,Lewisham,4.991648028797773,5.830642477719916,0.0,8.768743588135367,1b,2
E01003268,Lewisham 023B,Lewisham,6.885671263257279,6.991935835545752,2.027156607730719,11.245801528462083,2,3
E01003269,Lewisham 023C,Lewisham,6.464937524644375,5.738304196621584,2.079992665440562,11.797596386493396,2,3
E01003270,Lewisham 023D,Lewisham,4.279001209110947,4.501513980920302,1.886979680713033,9.961609806757163,1b,2
E01003271,Lewisham 023E,Lewisham,4.098999269849977,3.76141829603249,1.618675738932006,8.487656510926444,1b,2
E01003272,Lewisham 014A,Lewisham,11.902788735439524,12.317334978129368,6.622665895272632,14.335716379237653,3,4
E01003273,Lewisham 011A,Lewisham,17.251867783318563,16.243423304515446,4.848989172900735,37.48564024295752,4,5
E01003274,Lewisham 014B,Lewisham,10.941383578344764,9.33776520185702,8.406438763654085,17.781156246875792,3,4
E01003275,Lewisham 014C,Lewisham,7.870990900903715,7.12361190101262,2.368982040389949,15.296601703745493,2,3
E01003276,Lewisham 014D,Lewisham,9.761490782310382,9.758918475316513,3.996035514895913,13.856366556158951,2,3
E01003277,Lewisham 011B,Lewisham,14.072316383994316,12.731346221024584,9.266435320036972,24.355641232352408,3,4
E01003278,Lewisham 011C,Lewisham,29.32959559632382,25.24577943214561,19.83927731793279,41.512975666170206,6a,7
E01003279,Lewisham 011D,Lewisham,15.714000274863915,17.097120506476692,7.820175548731572,32.29516544511085,4,5
E01003280,Lewisham 016A,Lewisham,9.91116462335532,9.869422126550678,6.344920164030446,11.997663206030698,2,3
E01003281,Lewisham 016B,Lewisham,8.56292609139475,9.009137232921878,3.794247643894234,11.58129386299089,2,3
E01003282,Lewisham 013A,Lewisham,15.958992085243011,13.19548869633484,7.554333446003081,28.443933353519377,4,5
E01003283,Lewisham 013B,Lewisham,12.007298660536735,11.94686795671398,8.345097213943426,18.019200274032727,3,4
E01003284,Lewisham 013C,Lewisham,11.50855155472175,11.748722048129014,8.91323007978155,16.838947667373624,3,4
E01003285,Lewisham 016C,Lewisham,10.582030731483956,11.140269199328923,1.613520652237132,12.920374759620362,3,4
E01003286,Lewisham 013D,Lewisham,11.700640800580528,11.835638946243964,9.499045040223844,13.739825532305932,3,4
E01003287,Lewisham 016D,Lewisham,9.331374867340244,9.391494892873036,7.333481718270737,12.878371582764032,2,3
E01003288,Lewisham 041A,Lewisham,28.17020804560792,30.41281323543765,10.468707508750535,45.554687634033264,6a,7
E01003290,Lewisham 041E,Lewisham,13.767750282250445,9.34968334526339,8.723049773249155,22.849059512786926,3,4
E01003291,Lewisham 041D,Lewisham,16.97602791319064,17.77304056433872,7.832639811109814,23.81197621334686,4,5
E01003292,Lewisham 017A,Lewisham,10.324233427569236,9.840453304487868,8.694603822582893,17.13168433758885,3,4
E01003293,Lewisham 017B,Lewisham,13.437785462205731,14.361557555303452,8.206344713318524,16.13102925828923,3,4
E01003295,Lewisham 017D,Lewisham,10.132739191075515,10.270558746152314,7.342100609549369,12.29449020090968,3,4
E01003297,Lewisham 003A,Lewisham,2.579760252598453,1.981154732289649,0.0,7.909897827692525,1b,2
E01003298,Lewisham 039A,Lewisham,5.233425744019862,4.921558787683699,1.688591411795639,19.293813632201168,2,3
E01003299,Lewisham 003B,Lewisham,25.04696673585424,23.408974146444784,18.20770402943413,35.90505982912816,6a,7
E01003300,Lewisham 039B,Lewisham,17.203259141111396,19.911162623564515,6.860215603663097,23.919714510773986,4,5
E01003301,Lewisham 003C,Lewisham,15.178273684387346,17.458084132874596,1.516486910136792,32.54746707071568,4,5
E01003302,Lewisham 003D,Lewisham,8.766152005223628,6.812730918118842,2.235690618924568,20.060718560932088,2,3
E01003303,Lewisham 039C,Lewisham,27.345566676668604,27.651519585825632,13.873737442298122,38.53058197203799,6a,7
E01003304,Lewisham 039D,Lewisham,24.711460608366384,23.343531669467502,21.280984050305303,35.02199942594436,5,6
E01003305,Lewisham 003E,Lewisham,12.2498146390364,9.242651245006808,1.586327825599825,25.594275668684546,3,4
E01003307,Lewisham 024A,Lewisham,6.402188769505825,6.416845183365401,3.372563421752611,8.786400743384544,2,3
E01003308,Lewisham 024B,Lewisham,9.3233153230077,8.443936776759962,5.623852810865566,13.774697232112915,2,3
E01003309,Lewisham 027A,Lewisham,8.009695591263728,6.966028210351478,5.667646629230694,11.228183535591906,2,3
E01003310,Lewisham 027B,Lewisham,11.62840744980258,12.096799708756938,6.887709050890222,15.797776559435055,3,4
E01003311,Lewisham 027C,Lewisham,6.426819895235848,5.892636978936551,5.410034875627227,10.00272691375655,2,3
E01003312,Lewisham 027D,Lewisham,5.722819813395801,5.554607756652823,2.82232291008167,8.76961449999111,2,3
E01003313,Lewisham 027E,Lewisham,5.856129009128942,5.362301925108024,2.508950658750754,12.400070843837485,2,3
E01003314,Lewisham 024C,Lewisham,7.385768517468609,7.794165089126182,5.318771762660588,8.57736453959313,2,3
E01003315,Lewisham 024D,Lewisham,10.817063212395611,10.663050819549756,6.942283337181095,14.771657655686615,3,4
E01003316,Lewisham 024E,Lewisham,7.939533423035484,7.786214256480839,5.751522089305999,10.17361602221272,2,3
E01003318,Lewisham 020B,Lewisham,23.597238201460573,25.309529796670393,1.72129026782947,30.491026032414275,5,6
E01003319,Lewisham 018A,Lewisham,20.811154536711804,21.66350228388788,8.207838117124885,28.7339176026334,5,6
E01003320,Lewisham 018B,Lewisham,7.090304055713695,7.738808796254793,2.630599088467927,13.535163321259413,2,3
E01003321,Lewisham 020C,Lewisham,15.863615776491775,14.244046464082896,11.82309514391232,19.661128064125695,4,5
E01003322,Lewisham 020D,Lewisham,14.547224414573236,14.185312350426864,11.489824314681831,21.721241656971134,3,4
E01003323,Lewisham 018C,Lewisham,10.011608344174334,10.662237471165056,2.591827499291458,15.414342932739633,3,4
E01003324,Lewisham 020E,Lewisham,21.718266359116825,23.558315708050625,15.573617880247074,26.342700236979464,5,6
E01003325,Lewisham 018D,Lewisham,19.03635637186787,17.16542535886449,12.4623492179411,27.88278063790318,4,5
E01003326,Lewisham 035A,Lewisham,9.54685063024529,8.813567520423888,5.819142551030611,13.90700531624044,2,3
E01003327,Lewisham 035B,Lewisham,12.862528374992614,12.220110014399198,9.025997989542358,17.855806313052465,3,4
E01003328,Lewisham 035C,Lewisham,14.693327124104687,15.196988674846992,11.459278219020744,17.853872223313324,3,4
E01003329,Lewisham 033A,Lewisham,10.977219455348145,11.103328090480735,4.304206285013788,17.993141882887123,3,4
E01003330,Lewisham 033B,Lewisham,8.591280344147084,8.051995995714996,5.155489330840799,13.531189570728612,2,3
E01003331,Lewisham 033C,Lewisham,11.73546217395348,11.723777367795524,7.218454868712395,15.135522499091532,3,4
E01003332,Lewisham 033D,Lewisham,9.10117053166042,9.267561734281918,6.363750953702721,12.848731812830152,2,3
E01003333,Lewisham 035D,Lewisham,9.790679398112632,9.582992833312098,5.195326693433574,12.942306664602674,2,3
E01003334,Lewisham 033E,Lewisham,15.992019034953906,16.218494754874644,9.204404721817449,20.456501500838915,4,5
E01003335,Lewisham 035E,Lewisham,10.889739557742228,10.634347883502464,9.460729064113092,13.353345178563352,3,4
E01003336,Lewisham 010A,Lewisham,10.232326305199605,10.080860237113018,7.614417855038607,12.867217326374393,3,4
E01003337,Lewisham 010B,Southwark,12.633150768447184,12.461679775122697,9.716825649457451,15.672828501257108,3,4
E01003338,Lewisham 006A,Lewisham,24.09463663958704,24.541917431706,19.783899833395573,28.941785898261948,5,6
E01003339,Lewisham 006B,Lewisham,22.327425510182945,23.77248320974608,12.919673788458894,26.717265019190197,5,6
E01003340,Lewisham 006C,Lewisham,24.574215799380696,23.121696939617124,19.040763439017223,34.62403972365075,5,6
E01003341,Lewisham 006D,Lewisham,16.31562276229454,17.09420149746903,8.274930606517824,23.82338047297855,4,5
E01003342,Lewisham 010C,Lewisham,10.9658006687504,12.181933596351016,3.459273955982726,15.075378900268737,3,4
E01003343,Lewisham 006E,Southwark,12.469494338925728,11.339992177622332,8.01076336310307,18.212565422072373,3,4
E01003344,Lewisham 010D,Lewisham,11.01750175255258,11.165813572900817,7.307874348653423,13.77578064344812,3,4
E01003345,Lewisham 010E,Lewisham,11.026648942003623,11.0371344269215,7.900508659445414,13.711961754071904,3,4
E01003346,Lewisham 026A,Lewisham,4.214133837361301,4.336289359489952,0.0,6.231939349134064,1b,2
E01003347,Lewisham 030A,Lewisham,4.554703224761289,4.624717602546174,2.905995265918034,5.40649937657513,1b,2
E01003348,Lewisham 030B,Lewisham,8.183907146688455,8.756724872607405,1.761883922202317,17.016142702376285,2,3
E01003349,Lewisham 026B,Lewisham,10.599289713331588,9.831087659408189,8.249344068930554,14.268501019450618,3,4
E01003350,Lewisham 030C,Lewisham,3.602670057936236,3.472256922497259,2.269126242224971,5.16940317080041,1b,2
E01003351,Lewisham 026C,Lewisham,6.372453130325151,6.166858581082042,3.705195026949898,10.537664239548215,2,3
E01003352,Lewisham 030D,Lewisham,13.467408850281728,13.280978522317293,8.912806760144587,17.013776312553155,3,4
E01003353,Lewisham 030E,Lewisham,8.404622692940965,7.850216603473838,3.513879883324149,14.2129135122328,2,3
E01003354,Lewisham 026D,Lewisham,3.574524277811676,3.442692053412533,0.0,8.452254652978839,1b,2
E01003355,Merton 009A,Merton,23.415378858937206,21.88012745302076,19.50194130755772,29.47428516551179,5,6
E01003356,Merton 009B,Merton,14.20453847826993,14.428988275277543,3.229707991910744,34.1006885005296,3,4
E01003357,Merton 012A,Merton,15.913145688666702,16.514737315373416,4.813681756884679,25.30075993583901,4,5
E01003358,Merton 009C,Merton,29.08030671719973,31.324854146769574,17.2598566887279,35.066468289410984,6a,7
E01003359,Merton 006A,Merton,16.120191043429294,16.19659278146823,12.979515151286051,20.08048711602821,4,5
E01003360,Merton 006B,Merton,18.31188593879405,17.860564934650444,14.953212474599932,25.777215805526335,4,5
E01003361,Merton 015A,Merton,6.670840657192326,5.867972581724113,5.049711354238011,13.454863850935563,2,3
E01003362,Merton 021A,Merton,3.296626531288706,3.294390208531995,0.0,7.278964450016531,1b,2
E01003363,Merton 021B,Merton,5.255688280346304,4.462446583813346,1.886700655412766,11.522073278859157,2,3
E01003364,Merton 021C,Merton,4.418008057432159,4.543882307063824,2.620499506161041,6.021511676517084,1b,2
E01003365,Merton 021D,Merton,11.412544058481146,10.001072244099852,6.117296391065317,18.277253609472435,3,4
E01003366,Merton 016A,Merton,6.817233063995983,7.297349371485778,1.779938937963268,14.572952452656198,2,3
E01003368,Merton 008A,Merton,9.02786117024706,8.841487330819087,2.597857683555105,13.873966737835254,2,3
E01003369,Merton 005B,Wandsworth,18.736305811361163,18.77643943941897,15.59493931992785,21.406855808741007,4,5
E01003370,Merton 005C,Wandsworth,18.561039748162543,18.87477456517439,13.403148286404972,23.644749839812647,4,5
E01003371,Merton 005D,Merton,13.709385833124758,13.200995112337548,6.588084600119018,19.602270184465198,3,4
E01003372,Merton 008B,Merton,10.961191655485496,11.071406315650266,7.553144439846498,14.1985722010142,3,4
E01003373,Merton 018A,Merton,9.1254493302403,8.749320924380001,6.509807591836818,13.10592864852356,2,3
E01003374,Merton 022A,Merton,13.811545594190733,13.676272991732048,8.921433376012596,17.824149993176576,3,4
E01003375,Merton 022B,Sutton,7.893756177225958,8.659013344458142,0.0,17.795137154870712,2,3
E01003376,Merton 012B,Merton,6.900177904391706,6.758819347961314,5.027620612733486,11.215468321943645,2,3
E01003377,Merton 012C,Merton,8.591182121804092,8.560165904616468,5.7312306526604,11.562561463325828,2,3
E01003378,Merton 018B,Merton,11.195505786112436,12.10739364379496,6.015825008745143,15.558898998221638,3,4
E01003379,Merton 018C,Merton,14.901491125225698,14.459021381661431,8.823216364664756,20.107450782109055,3,4
E01003380,Merton 011A,Merton,8.421981433232679,8.55021363984608,2.857109831340606,10.770558725051632,2,3
E01003381,Merton 016B,Merton,15.038151165713812,15.19622320395342,11.34712237622422,18.371180760587077,4,5
E01003382,Merton 011B,Merton,12.273324192863871,11.94097306146632,7.888244032794621,15.634029377589908,3,4
E01003383,Merton 009D,Merton,30.437465583588747,31.598069016055888,14.680157788388277,38.416848027346646,6a,7
E01003384,Merton 009E,Merton,27.59640278039369,31.661579421681967,11.89459650895066,35.784107963699,6a,7
E01003385,Merton 011C,Merton,14.93061423467806,12.28884537942566,6.17026673427404,23.443414517423573,3,4
E01003386,Merton 013A,Merton,12.25025619991065,13.67830932468841,7.680075850306405,16.777832767547885,3,4
E01003387,Merton 014A,Merton,8.626194705701325,7.546358991251975,6.279814881351617,15.887730796014576,2,3
E01003388,Merton 013B,Merton,16.711299783738426,16.770199983908274,15.115522573712436,18.98948497078032,4,5
E01003389,Merton 013C,Merton,16.604752057200013,16.615425464361028,8.776194587216349,22.28309734918654,4,5
E01003390,Merton 018D,Merton,18.130521229577,18.517786895613717,14.437532620106802,21.84678290582185,4,5
E01003391,Merton 014B,Merton,6.685279700168538,6.576449907524035,6.037158096870028,7.591560568884436,2,3
E01003392,Merton 013D,Merton,13.900127102767849,14.561970729847156,7.252620324760194,17.671411021772432,3,4
E01003393,Merton 008C,Merton,14.276616805020264,12.980088974807364,11.180504288095191,20.070236883514713,3,4
E01003394,Merton 007A,Merton,9.924949537361336,9.870222573123447,4.884251339530763,14.287124630021198,2,3
E01003395,Merton 007B,Merton,4.984263877032589,4.364118118102011,2.777355922977512,9.32260702152063,1b,2
E01003396,Merton 007C,Wandsworth,16.142116686530176,15.44485839942142,12.150149629858774,24.579889831540537,4,5
E01003397,Merton 007D,Wandsworth,9.944056774045125,8.12908962876923,5.598613840290779,15.613727465349085,2,3
E01003398,Merton 007E,Wandsworth,5.295497238639617,6.119666359042186,0.0,9.021042864652651,2,3
E01003399,Merton 011D,Merton,10.20368446076222,11.754906962844691,4.718061107735926,13.89361725421636,3,4
E01003400,Merton 003A,Merton,25.52384939229561,26.932768468963136,3.830673700966527,43.8105177723192,6a,7
E01003401,Merton 004A,Merton,25.385467919188507,26.880696760409336,7.642094633087369,38.6000237399636,6a,7
E01003402,Merton 004B,Merton,28.521662191270035,27.88488283331952,18.568274640532422,36.501576029012654,6a,7
E01003403,Merton 004C,Merton,12.03951817123566,7.015924075784886,2.57696976857101,27.87256064224141,3,4
E01003404,Merton 004D,Merton,9.292129131370462,5.587936326671699,3.386621565158288,23.215098984242356,2,3
E01003405,Merton 018E,Merton,7.903576676440582,9.56159708513777,2.13785208835,17.67962262981031,2,3
E01003406,Merton 008D,Merton,4.503422649482324,3.069173796760258,0.0,12.249537420826808,1b,2
E01003407,Merton 008E,Merton,5.696803125943878,4.035122957909639,2.376999154471108,11.225878802454524,2,3
E01003408,Merton 012D,Merton,8.420745881634282,9.691845702922445,3.799043143256907,13.114440657635782,2,3
E01003409,Merton 013E,Merton,12.61788995608232,13.063845812508347,2.866579402947939,20.639802919314533,3,4
E01003410,Merton 012E,Merton,4.548679597617643,4.221144551233023,2.693738792418188,7.124541436234146,1b,2
E01003411,Merton 014C,Merton,7.886731946214856,8.099671615485768,5.577164907583549,9.882918649584258,2,3
E01003412,Merton 014D,Merton,6.774854081518344,7.393514683087927,0.0,9.336753620655058,2,3
E01003413,Merton 017A,Merton,6.178815581879866,6.805133171287664,0.0,10.124274880669113,2,3
E01003414,Merton 017B,Merton,6.782824327334389,6.814382101951066,2.256888927789279,10.020550861484404,2,3
E01003415,Merton 017C,Merton,8.534755451384521,8.394586943628704,6.832016626591926,10.276269424835158,2,3
E01003416,Merton 017D,Merton,4.479544248854402,5.646114415027873,0.0,8.62781893760737,1b,2
E01003417,Merton 025A,Sutton,5.66470480606842,5.188749536003487,1.814682128113491,10.374351706864584,2,3
E01003418,Merton 025B,Sutton,3.645396511394183,4.18818968523847,1.501313451219361,6.091862313476636,1b,2
E01003419,Merton 025C,Merton,2.401487385455574,2.071899160809532,0.0,5.292734742833965,1a,1
E01003420,Merton 025D,Sutton,4.596436133082261,4.915669492763344,1.636023111554598,8.311856016631639,1b,2
E01003421,Merton 021E,Merton,4.183519829188851,4.530085524844381,0.0,6.198645176189446,1b,2
E01003422,Merton 025E,Merton,4.657692395630219,4.729199369508621,1.832324517631695,7.074556874804777,1b,2
E01003423,Merton 011E,Merton,8.336871732101857,8.382475257020246,2.773677119355613,13.277829793457732,2,3
E01003424,Merton 015B,Merton,8.24792677187624,7.895838539055553,2.807826256159958,14.953309498105872,2,3
E01003425,Merton 015C,Merton,8.413665275500373,6.417388452858983,2.815353475441528,24.780243413745115,2,3
E01003426,Merton 015D,Merton,21.58023588023841,23.29028324185864,9.768293515676332,29.555009301255623,5,6
E01003427,Merton 023A,Merton,20.402943791642933,19.020405190083434,7.754915903129528,34.46665021189232,5,6
E01003428,Merton 015E,Merton,10.407947247171306,10.035524992865213,2.693050279272996,32.34890995418532,3,4
E01003429,Merton 019A,Merton,4.50213501128874,5.018581507769905,0.0,7.529783642581833,1b,2
E01003430,Merton 019B,Merton,7.265461340298459,7.173228240834863,5.887560105543489,9.394282465484958,2,3
E01003431,Merton 019C,Merton,6.975226086280475,7.040942215044984,5.94652630829824,7.936889161580261,2,3
E01003432,Merton 019D,Sutton,4.146505710609787,3.881325383325316,1.968153564799284,7.619214261425076,1b,2
E01003433,Merton 019E,Merton,7.629994769328326,7.794602592847323,5.404926255518439,9.883092586182904,2,3
E01003434,Merton 017E,Merton,5.676506125840142,6.385370558551784,2.794817507110287,8.151888465961369,2,3
E01003435,Merton 014E,Merton,4.138019991775994,3.607666070026291,0.0,13.352726764538508,1b,2
E01003436,Merton 023B,Merton,8.258699170714548,8.143242632938078,4.974683530905873,14.503439094282276,2,3
E01003437,Merton 022C,Sutton,7.108183704325746,7.163758846156886,3.581703465804145,10.955071433381356,2,3
E01003438,Merton 024A,Sutton,10.154556442996071,10.633104899337193,5.634135118133289,13.115787450109812,3,4
E01003439,Merton 023C,Merton,20.726585137867108,22.299949149444885,3.310651402293368,32.63418218974331,5,6
E01003440,Merton 022D,Merton,10.392046021589769,9.451262804604728,5.629860846263473,19.241544020850935,3,4
E01003441,Merton 022E,Merton,9.000862463779281,8.707902092303913,3.234751653860954,13.056311074092871,2,3
E01003442,Merton 010A,Merton,6.347831219283607,4.984681927007498,2.83561347513321,15.028720465405629,2,3
E01003443,Merton 010B,Merton,12.568251446233964,13.332258636119423,7.739604637126771,16.715264047218653,3,4
E01003444,Merton 010C,Merton,9.540665813960388,9.74582309647802,3.079260167903308,15.219944206827332,2,3
E01003445,Merton 010D,Merton,5.412799363684124,4.067877883004961,1.891200054752246,11.0950768016845,2,3
E01003446,Merton 016C,Merton,15.676041390927963,15.468920830094763,11.498082394288222,17.699202822971465,4,5
E01003447,Merton 016D,Merton,6.589032031694619,6.289990609434615,0.0,15.284276648761256,2,3
E01003448,Merton 023D,Merton,8.032545751524609,8.075391177274124,5.880439901351059,9.994259358856723,2,3
E01003449,Merton 024B,Merton,7.56360816780297,7.228545935769422,1.510079207119894,14.443995729345382,2,3
E01003450,Merton 024C,Sutton,9.072891266757749,9.373385575856286,5.087651321426414,12.948473684559112,2,3
E01003451,Merton 024D,Sutton,6.194972847324705,7.075382025895075,0.0,10.832672974251876,2,3
E01003452,Merton 024E,Sutton,7.239936913695248,7.781737073566346,2.811102834470815,10.852024954343603,2,3
E01003453,Merton 023E,Merton,16.475423553162326,14.994289883079263,10.102082334604315,28.063870053734963,4,5
E01003454,Merton 003B,Merton,14.98692335827586,16.126812711301426,5.252731079826225,28.62258927087029,3,4
E01003455,Merton 005E,Merton,6.207549424809318,5.422888616127532,3.89143315712674,9.780018066392508,2,3
E01003456,Merton 003C,Merton,30.449755676527484,29.75923405635916,21.770081270605175,44.45537891119689,6a,7
E01003457,Merton 006C,Merton,12.124231196228168,4.812946742822506,2.824560214751277,27.055180816381583,3,4
E01003458,Merton 006D,Merton,8.246415583921099,6.965927371020715,4.095929215805333,16.25166147618608,2,3
E01003459,Merton 006E,Merton,12.620386508970237,13.642743983587588,5.080163638251927,17.179073675272246,3,4
E01003460,Merton 002A,Merton,1.08744953574005,0.0,0.0,8.052598476662016,1a,1
E01003461,Merton 004E,Merton,12.436274505397137,6.770423065896065,2.46818081304923,24.231125266851528,3,4
E01003462,Merton 002B,Merton,2.220728485937835,2.522528016880506,0.0,8.14852612216753,1a,1
E01003463,Merton 010E,Merton,2.686716461811824,3.027291111057549,0.0,4.70855669209552,1b,2
E01003464,Merton 002C,Wandsworth,3.264831746804395,3.237447880711843,0.0,7.63148174215364,1b,2
E01003465,Merton 002D,Merton,4.159710556726429,3.258135184813682,0.0,19.275501813554367,1b,2
E01003466,Merton 020A,Merton,4.894534706199942,4.53039323496956,2.945572967332473,8.307418027005204,1b,2
E01003467,Merton 020B,Merton,3.573308423860574,3.525722227385873,0.0,8.05973369729255,1b,2
E01003468,Merton 020C,Sutton,3.795351412375014,3.852445626032023,0.0,6.505425600171352,1b,2
E01003469,Merton 020D,Merton,6.522103752964114,6.797972895928957,0.0,11.181813535664835,2,3
E01003470,Merton 020E,Merton,7.57509767626542,8.08439899051941,4.301664090518798,10.462729603822936,2,3
E01003471,Merton 016E,Merton,8.987368589709579,9.030669171248864,5.112737851058704,15.57341794256264,2,3
E01003472,Merton 001A,Merton,7.555833726556851,7.563541988097224,6.721757996100261,8.516673761341405,2,3
E01003473,Merton 001B,Merton,7.524284407926937,8.276747497244605,4.352450273515237,11.60947440204083,2,3
E01003474,Merton 001C,Merton,5.243904993969466,4.988840573081379,0.0,10.321676831157372,2,3
E01003476,Merton 003D,Merton,10.70235446354031,8.071710389236769,6.311935054445591,19.261473716735168,3,4
E01003477,Merton 003E,Merton,7.004701630162546,6.995415377706658,5.919054874696076,7.676533712318625,2,3
E01003478,Merton 001E,Wandsworth,6.490381873562701,7.347222403807781,0.0,11.368586863882406,2,3
E01003479,Newham 035A,Newham,8.189479342634709,7.564551632898751,5.62437170640918,14.901656211029223,2,3
E01003480,Newham 033A,Newham,13.053656831381543,12.531224628907388,9.936992616989112,18.51765286468047,3,4
E01003481,Newham 035B,Newham,11.062019947338776,10.544136976053244,3.131353325880516,22.955139300113707,3,4
E01003483,Newham 032A,Newham,4.342782906846405,4.224728515298568,0.0,8.246426720568182,1b,2
E01003484,Newham 032B,Newham,8.21901635398431,6.680646333965237,3.247728577668338,15.130487952789252,2,3
E01003485,Newham 035C,Newham,6.315152124707789,6.926223221531462,3.890205367797903,7.613749619513958,2,3
E01003486,Newham 033C,Newham,16.75367056674648,16.456451570015815,8.176503772598798,22.580727135262244,4,5
E01003487,Newham 033D,Newham,13.099581133777855,13.967921898748958,8.48338275558409,18.17461246132353,3,4
E01003488,Newham 019A,Newham,16.89125469704157,18.347424785177775,11.648451800500744,20.288639072198087,4,5
E01003489,Newham 019B,Newham,21.263094034912925,20.821894912012567,19.98890350042637,22.938999531005308,5,6
E01003490,Newham 019C,Newham,16.73356295859143,17.84591119478462,9.526312041768616,21.69021781179729,4,5
E01003491,Newham 022A,Newham,21.47336272141252,21.968828307355626,15.235270027852776,24.83197110671373,5,6
E01003492,Newham 025A,Newham,16.15205981735018,16.524213571668238,10.313334830140938,20.97572683713496,4,5
E01003494,Newham 025C,Newham,11.868618057297898,10.165744478665744,6.067481352419912,22.18491733402899,3,4
E01003495,Newham 025D,Newham,6.982298511614299,7.059703850882266,2.43003833511137,10.149320497302876,2,3
E01003496,Newham 027A,Newham,27.06905813863071,26.903941607078767,8.92091227823788,35.76421828742835,6a,7
E01003497,Newham 034A,Tower Hamlets,13.521609921506403,10.236151742923454,1.77376588131941,35.50589060566752,3,4
E01003498,Newham 027B,Newham,12.086410317624924,12.422693811396757,3.089134808070099,24.62685747721792,3,4
E01003499,Newham 030A,Newham,15.254843785183104,15.220383636619877,12.24685292931338,20.616068538204733,4,5
E01003500,Newham 027C,Newham,15.98921160720236,13.817389553298476,2.037928393573456,38.89076333636022,4,5
E01003501,Newham 030B,Newham,12.199170480765542,11.982055467538402,8.772255279808844,16.38447891119402,3,4
E01003502,Newham 030C,Newham,23.842466926525823,24.20610719938361,13.530879848812075,31.157457896017256,5,6
E01003503,Newham 030D,Newham,28.234602828389008,27.34027792386873,21.29996000537959,38.65354985981482,6a,7
E01003506,Newham 034D,Newham,21.93450745468385,20.980270699290458,15.00223577055452,28.988425910126978,5,6
E01003507,Newham 031A,Newham,15.1608232024111,15.534219912390403,12.285746141076563,17.785917994531335,4,5
E01003508,Newham 031B,Newham,11.838222647063091,12.967328612304051,4.529181461135384,21.49292553082423,3,4
E01003509,Newham 031C,Newham,12.142432007011752,11.583087586530166,10.568829008653648,16.29580660642061,3,4
E01003511,Newham 036A,Newham,10.748302007223916,10.396487335860112,6.325538466111304,15.56919604367796,3,4
E01003512,Newham 036B,Newham,21.407649402732627,21.309834089366703,18.880717166873207,23.628640972595,5,6
E01003513,Newham 035D,Newham,7.517608013670773,7.795449524860157,4.746598746293428,10.703027481033804,2,3
E01003514,Newham 036C,Newham,10.332657132644146,9.852212188960412,5.393293093110774,19.877376513291416,3,4
E01003515,Newham 036D,Newham,17.895841478647483,19.68358183642649,3.02928001081698,32.069472039715265,4,5
E01003516,Newham 032C,Newham,12.92361418266442,11.129055700080771,8.166836270357049,23.690579090461434,3,4
E01003517,Newham 036E,Newham,17.57996523226678,18.783308185510524,4.239904305107623,25.76051505821639,4,5
E01003518,Newham 032D,Newham,5.91676043605448,5.337604765092033,4.531504382525493,9.112848700353114,2,3
E01003519,Newham 032E,Newham,14.482234849420337,12.03937593409352,9.555551083911164,22.326255471074838,3,4
E01003520,Newham 018A,Newham,23.934586243541013,24.7931013872974,17.99068825340901,28.525963407266367,5,6
E01003521,Newham 018B,Newham,26.685874550857427,26.64199509668496,21.984451166658047,30.615158873945507,6a,7
E01003522,Newham 018C,Newham,22.871033018794353,22.284506882359796,20.3664974062262,28.09887768035116,5,6
E01003523,Newham 024A,Newham,18.31733917275585,16.821734897420463,11.705984088789329,29.047747983366605,4,5
E01003524,Newham 019D,Newham,19.480961060121096,20.09113668959464,14.396740988910295,23.13200786259044,4,5
E01003525,Newham 018D,Newham,21.52411299023324,22.816848779144216,8.974939570917368,30.382673884185586,5,6
E01003526,Newham 018E,Newham,18.116190860050136,16.2684070213918,11.11246531022568,28.46803770267652,4,5
E01003527,Newham 024B,Newham,8.863784470521267,8.509753439461319,5.139423728243834,13.73172298367076,2,3
E01003528,Newham 005A,Newham,3.180379838732024,2.666053467025755,0.0,7.011827398583065,1b,2
E01003529,Newham 010A,Newham,18.266961787408157,18.25353691158332,13.646241831249537,23.105135154017823,4,5
E01003530,Newham 010B,Newham,11.859920129176436,13.033584608076035,3.165310081527609,18.38930053973786,3,4
E01003531,Newham 010C,Newham,21.04941519085409,20.275337011632907,14.432357409347082,30.89072793547438,5,6
E01003532,Newham 010D,Newham,22.0480914384419,21.1550092547558,20.135639978328317,25.71930082862997,5,6
E01003533,Newham 011A,Newham,15.842090914501284,15.55575786675595,11.52437886017012,20.30321424578169,4,5
E01003534,Newham 010E,Newham,12.78613300052912,10.87250480809306,6.76706358268313,21.276914729459087,3,4
E01003535,Newham 023A,Newham,4.166813519734344,4.180626256616963,1.989849058436961,8.638025330774031,1b,2
E01003536,Newham 023B,Newham,6.099173875988105,5.944222056817611,3.174686373709874,11.265205041730905,2,3
E01003537,Newham 024C,Newham,7.975265187160883,8.763244210891955,3.434765346956297,12.845232675358345,2,3
E01003538,Newham 029A,Newham,7.743277047611368,7.785702590796953,0.0,13.358721692552576,2,3
E01003539,Newham 029B,Newham,5.599774612852121,5.970926839540263,0.0,7.706861238651876,2,3
E01003540,Newham 029C,Newham,10.536109835462366,9.588077782287506,7.005727745199652,15.334133159846331,3,4
E01003541,Newham 029D,Newham,6.123414545979719,5.597868978784348,0.0,10.17797720817642,2,3
E01003542,Newham 024D,Newham,8.361857643677471,9.08907269966052,2.235077314601592,11.953760948402492,2,3
E01003543,Newham 001A,Newham,11.779909976647447,10.520084911066045,7.328026151512364,18.669197661179087,3,4
E01003544,Newham 001B,Waltham Forest,8.938428736110216,9.213950979905,0.0,20.424761723808864,2,3
E01003545,Newham 006A,Newham,6.818567676227691,6.250969631565169,2.005903612279556,14.34820823661348,2,3
E01003546,Newham 001C,Newham,12.350144895236504,11.116254942567966,7.77874562174233,19.045631427683844,3,4
E01003547,Newham 007A,Newham,7.28510292499459,8.824162959330772,1.693121737977773,15.165345630476091,2,3
E01003548,Newham 006B,Newham,7.216439482705167,8.336672474148987,0.0,14.297908294316294,2,3
E01003549,Newham 006C,Newham,12.451199722348797,11.744608109909295,8.272967505241727,20.815573345654496,3,4
E01003550,Newham 001D,Redbridge,9.617343737341915,9.976299625036123,5.869017740711984,11.296049552248316,2,3
E01003551,Newham 009A,Newham,10.202742316043516,7.887294428353961,6.060054005163231,17.44267925393269,3,4
E01003552,Newham 016A,Newham,6.479512886704162,6.564797907085593,5.36512925592765,6.98158687020857,2,3
E01003553,Newham 009B,Newham,12.721498206470914,12.635762352758572,11.318554727486974,15.206197811414212,3,4
E01003554,Newham 009C,Newham,9.710044954060196,9.94394908361752,6.866153921606385,12.801791495039108,2,3
E01003555,Newham 007B,Newham,15.323138414614638,14.822209420590523,11.51915339116821,20.296372366457025,4,5
E01003556,Newham 008A,Newham,18.158793885530237,17.713455158019265,15.784762521866485,22.42967177545257,4,5
E01003557,Newham 006D,Newham,13.470432115544932,13.087832692509425,10.137752698620549,19.947424263775105,3,4
E01003558,Newham 008B,Newham,15.587548857620815,15.53966945895726,11.657574601945583,19.36371102756653,4,5
E01003559,Newham 009D,Newham,18.6523454877709,16.492472029865247,10.104279342228809,48.767363603810765,4,5
E01003560,Newham 011B,Newham,8.758212274908512,9.29274987810043,4.806527009618701,11.041509800038686,2,3
E01003561,Newham 007C,Newham,11.42907372158446,11.111298736639174,9.112040741717802,16.15857845414044,3,4
E01003562,Newham 014A,Newham,11.446804655040845,11.89726203292226,7.372315346922633,15.802904710591518,3,4
E01003563,Newham 011C,Newham,6.289151863101861,4.941568316898077,4.438519204009762,15.087704027429083,2,3
E01003564,Newham 014B,Newham,15.987898067384297,15.825474087730854,14.901056816760176,17.535994796385307,4,5
E01003565,Newham 014C,Newham,17.169740306217726,17.595034203590927,13.77747506267584,19.019761478140424,4,5
E01003566,Newham 014D,Newham,20.20023757605708,20.40602696294032,16.461778830545992,22.982371621702768,5,6
E01003567,Newham 007D,Newham,13.114875079685303,12.555165782414882,9.492521107000078,19.038498054166915,3,4
E01003568,Newham 017A,Newham,15.781280033173212,16.194886780805547,12.559375217841142,18.23675955366412,4,5
E01003569,Newham 017B,Newham,19.875494451592004,19.767716410141993,17.01485914249686,24.990722443943987,4,5
E01003570,Newham 008C,Newham,14.352768955052682,14.234568581602948,10.241166878109532,17.551889570574488,3,4
E01003571,Newham 008D,Newham,10.880284926255394,12.056332877270616,5.285236468792005,18.993524183121306,3,4
E01003572,Newham 008E,Newham,9.117010903003775,7.934410845109892,5.185706426104381,14.140649324089075,2,3
E01003573,Newham 017C,Newham,14.30343625815979,16.08040984837472,5.231581374506483,17.88384145645729,3,4
E01003574,Newham 017D,Newham,10.767274577631794,8.49273622095539,5.339638114002156,18.21798051031081,3,4
E01003575,Newham 005B,Newham,4.079839486591873,3.294371248158742,2.563265558349401,8.831868735835705,1b,2
E01003576,Newham 002A,Redbridge,11.702537914766587,10.499091411935332,8.114330890331168,20.196510470850747,3,4
E01003577,Newham 005C,Redbridge,9.143638496691228,7.982455847185852,0.0,29.018895217221605,2,3
E01003578,Newham 003A,Redbridge,5.28017128123387,3.488084860192255,0.0,20.90593062638878,2,3
E01003579,Newham 004A,Newham,11.289876783473703,8.93579098624876,8.192875484963535,18.20457916870816,3,4
E01003580,Newham 005D,Redbridge,1.289649969726235,2.200060984597613,0.0,2.987418176496834,1a,1
E01003581,Newham 002B,Newham,10.513682011622937,10.67557861711429,8.18695236143134,13.711810243853852,3,4
E01003582,Newham 002C,Newham,5.952847254373715,7.237631855372413,2.37245966241865,10.255042985999076,2,3
E01003583,Newham 002D,Newham,5.865043487526519,5.986568110945436,3.23696571111987,8.830041426420923,2,3
E01003584,Newham 003B,Newham,9.058794352099044,9.479217027679992,1.575386126039725,18.92537140857252,2,3
E01003585,Newham 004B,Newham,15.398742303463672,15.670999539916115,12.968108721943208,16.858345099250442,4,5
E01003586,Newham 003C,Newham,12.403142446026584,11.81898350596692,9.248991333702245,18.6220141259524,3,4
E01003587,Newham 004C,Newham,15.780530889683982,16.655827553455815,8.187566463319673,22.789183360236255,4,5
E01003588,Newham 011D,Newham,10.152700922133072,10.68290490071346,6.593393183564061,12.49148769382575,3,4
E01003589,Newham 011E,Newham,10.829267222935172,11.391315613509066,4.858453499382984,19.170021099512702,3,4
E01003590,Newham 003D,Newham,16.949999220045612,17.536860889376882,10.014428172648785,22.205847203765693,4,5
E01003591,Newham 004D,Newham,19.76380016335767,19.76354838972573,16.670799315667367,24.026835232363528,4,5
E01003592,Newham 022B,Newham,14.443180531398568,14.700309407770543,11.508659814894612,21.44496964371733,3,4
E01003593,Newham 027D,Newham,19.81932241660046,18.54007786731628,14.493024584183726,27.097181810963047,4,5
E01003594,Newham 026A,Newham,18.199974815629787,18.3298332694196,15.202534918534504,20.60185993231104,4,5
E01003595,Newham 026B,Newham,18.76055821344753,19.0852196590495,15.719721919597491,21.920975908485357,4,5
E01003596,Newham 016B,Newham,13.862319699225994,14.059904060343614,7.069057967835118,18.32197320787768,3,4
E01003597,Newham 016C,Newham,13.822467667855802,12.920930667926116,12.131224793920726,18.02580837234552,3,4
E01003598,Newham 021A,Newham,19.00302539561119,18.786652588736917,18.031222359216017,20.576582070094,4,5
E01003599,Newham 022C,Newham,14.821362774666058,14.609989106063946,6.721465114510787,18.54612098821867,3,4
E01003600,Newham 021B,Newham,20.153251685947225,20.50554082579209,16.025568780217046,23.938854577818176,5,6
E01003601,Newham 028A,Newham,12.582096318201447,12.23484628490072,5.110720332090999,20.00267128716029,3,4
E01003602,Newham 026C,Newham,18.41950195209479,18.504313173622663,14.678842998393645,22.449565095725447,4,5
E01003603,Newham 028B,Newham,9.600694802756104,10.1195523893375,5.618647508729,12.512292750958585,2,3
E01003604,Newham 031D,Newham,11.720308412220392,12.326264870553151,4.3180696361362,15.605780373508432,3,4
E01003605,Newham 028C,Newham,18.095507215416937,18.534726541621776,12.314830338038954,24.060796198245065,4,5
E01003607,Newham 026D,Newham,19.974703815877938,20.43946789725563,14.613741032203244,22.5297631775784,4,5
E01003608,Newham 028D,Newham,13.155163481482116,13.049096861883168,10.671940356091762,14.607682751773178,3,4
E01003611,Newham 041C,Newham,9.600426599807676,9.580567236571408,7.483779152427969,11.246604076494553,2,3
E01003615,Newham 039A,Waltham Forest,11.968553352515412,12.087536368541542,7.293289851850371,14.59626366100932,3,4
E01003616,Newham 012A,Newham,23.39657552305721,17.15095266107972,12.177519271266268,42.85259199338836,5,6
E01003618,Newham 012C,Newham,31.913249628417375,24.077054576603416,15.571090842511072,50.88110108280284,6a,7
E01003619,Newham 012D,Newham,50.38723417271856,52.88367052338044,12.393273016968184,64.21458408715235,6b,8
E01003621,Newham 023C,Newham,11.14758067652282,11.20723660849249,6.675402339470534,16.139196068757865,3,4
E01003622,Newham 023D,Newham,9.83017700315181,9.214833379833424,5.218016303675935,18.938743441374147,2,3
E01003623,Newham 023E,Newham,5.165767015263536,5.329506851088985,0.0,13.86251027030732,2,3
E01003624,Newham 024E,Newham,11.48854624931602,11.273518646695068,5.95907627707218,17.071946325173975,3,4
E01003625,Newham 015A,Newham,2.436075998705397,0.0,0.0,16.352963357103306,1a,1
E01003626,Newham 015B,Newham,13.086657219167009,10.023380858215225,6.264175117656969,21.74528864499037,3,4
E01003627,Newham 015C,Newham,15.50005400481994,17.56501298557416,5.693541864067369,20.04589723549016,4,5
E01003628,Newham 015D,Newham,10.360039663359958,6.715569816492779,5.698606002550519,19.058375714707967,3,4
E01003629,Newham 015E,Newham,21.9488916254594,21.402836461280646,20.02939046089933,24.155151975952013,5,6
E01003630,Newham 021C,Newham,21.37075137722761,20.7338522103204,19.276922772080766,26.295844522492523,5,6
E01003631,Newham 020A,Newham,28.734858547033536,28.8814948583177,23.71398271005004,32.689987883296645,6a,7
E01003632,Newham 020B,Newham,24.5645052109914,27.49873541492719,15.355183698934724,32.931624809244745,5,6
E01003633,Newham 020C,Newham,29.893304941076924,31.6227878631178,18.386976157741984,33.229273099411394,6a,7
E01003634,Newham 020D,Newham,21.823278207594846,16.153382578038013,12.432745281539852,41.73277467497249,5,6
E01003635,Newham 016D,Newham,9.596756312613367,8.232997491604138,2.008802858518947,19.83874885518562,2,3
E01003636,Newham 020E,Newham,23.02726737234285,19.654377487800865,14.411703630672925,48.23501006470706,5,6
E01003637,Newham 021D,Newham,18.48366932537896,18.47940544393491,16.267071611311074,19.98560064973968,4,5
E01003638,Redbridge 017A,Redbridge,9.116398221581475,7.319767584858807,5.580371586962035,15.208878540834908,2,3
E01003639,Redbridge 013A,Redbridge,5.231646755481475,6.124778966475223,0.0,13.709626545637988,2,3
E01003640,Redbridge 013B,Redbridge,1.221282936988249,0.0,0.0,8.554032079388719,1a,1
E01003641,Redbridge 013C,Redbridge,6.40210521049092,5.22466995106609,0.0,14.209736732561396,2,3
E01003642,Redbridge 013D,Redbridge,5.753387244783184,4.319800609982103,0.0,12.14540351829852,2,3
E01003643,Redbridge 017B,Redbridge,6.480109090278727,7.220134947301259,2.693180516661132,8.19375683181008,2,3
E01003644,Redbridge 017C,Redbridge,8.709695056027442,7.714173749976918,5.668799357851824,13.037622128446106,2,3
E01003645,Redbridge 017D,Redbridge,11.285433953393262,11.123507268297969,5.445292001235852,14.44272724836174,3,4
E01003646,Redbridge 012A,Redbridge,13.346329913426535,11.2913039874448,6.202137690246373,22.57322935681072,3,4
E01003647,Redbridge 015A,Redbridge,14.895640499189398,13.45594295292584,9.856267315433566,22.01468393521271,3,4
E01003648,Redbridge 012B,Redbridge,5.60380365305098,5.305984660660915,1.804774103135668,9.281268208438892,2,3
E01003649,Redbridge 012C,Redbridge,3.235857597497786,3.87203105735254,0.0,5.076793619010219,1b,2
E01003650,Redbridge 015B,Redbridge,6.344161507060688,5.754908779306385,4.491944005726261,10.082621947051488,2,3
E01003651,Redbridge 012D,Redbridge,11.269250859031215,10.569980085982726,4.700484828741161,18.44676199716964,3,4
E01003652,Redbridge 015C,Redbridge,7.436602682342145,8.77619813838926,0.0,13.1199604552526,2,3
E01003653,Redbridge 015D,Redbridge,15.650286770292908,16.45253795879833,9.920389943876856,20.00171435690841,4,5
E01003654,Redbridge 004A,Redbridge,7.631405199941988,9.136084875936415,2.468312914083097,10.46123434117354,2,3
E01003655,Redbridge 004B,Redbridge,8.960192552703097,8.974102805058234,2.002614016519694,11.441526698913409,2,3
E01003656,Redbridge 005A,Redbridge,3.068171339507314,3.102035951286794,0.0,9.89748372153575,1b,2
E01003657,Redbridge 005B,Redbridge,2.789704716729967,3.148819974242091,0.0,4.807007593478152,1b,2
E01003658,Redbridge 004C,Redbridge,7.326222769025422,8.810878658650797,1.896175034561538,10.860049788900396,2,3
E01003659,Redbridge 005C,Redbridge,3.043399260707054,3.469545652016699,0.0,4.724269029387415,1b,2
E01003660,Redbridge 004D,Redbridge,1.83327785263211,2.158964486658844,0.0,7.28056220543457,1a,1
E01003661,Redbridge 038A,Redbridge,9.649369680888467,11.284457140604545,2.534340849389801,12.952948674110797,2,3
E01003662,Redbridge 038C,Redbridge,13.077565012996011,12.641459160816291,9.77758275818576,17.524880063912192,3,4
E01003663,Redbridge 037A,Redbridge,5.888267497524243,6.040069637205532,0.0,9.810159488235758,2,3
E01003664,Redbridge 037B,Redbridge,1.571463798072319,2.082183951735009,0.0,4.335669969876825,1a,1
E01003665,Redbridge 037E,Redbridge,4.22128819219088,3.785584587851437,0.0,9.49997537254074,1b,2
E01003666,Redbridge 038B,Redbridge,4.674700675227718,3.903232456445087,2.839727434032087,11.111949537873707,1b,2
E01003668,Redbridge 007A,Redbridge,10.838023019207156,11.295307134725975,3.041047178486055,13.8506219596792,3,4
E01003669,Redbridge 007B,Redbridge,4.977906101646526,4.809624321611499,4.061689912787494,6.363760559991506,1b,2
E01003670,Redbridge 007C,Redbridge,4.956720846844265,5.141526025846513,3.084110311731299,6.127837319019394,1b,2
E01003671,Redbridge 007D,Redbridge,5.100993380712,4.343884854210614,0.0,8.45566421202946,2,3
E01003672,Redbridge 007E,Redbridge,8.49912251096812,7.813332400004342,3.403638120109997,13.667799951803982,2,3
E01003673,Redbridge 007F,Redbridge,6.923256790684288,5.184628449884635,1.807582266432466,13.892032884572195,2,3
E01003674,Redbridge 007G,Redbridge,9.493995720384415,11.68181717011644,1.751431911111783,14.898698699230453,2,3
E01003675,Redbridge 036A,Redbridge,11.420651744794364,11.29993544532509,7.727523628427636,15.702671373598925,3,4
E01003676,Redbridge 036B,Redbridge,9.996942066776306,10.197194806082214,4.378870092686177,12.801997985415175,2,3
E01003677,Redbridge 036C,Redbridge,4.743724024233311,4.451385479574165,0.0,10.625980262677915,1b,2
E01003678,Redbridge 036D,Redbridge,3.961910497183638,4.125432020239591,0.0,5.694666744061056,1b,2
E01003679,Redbridge 036E,Redbridge,3.19543817381902,2.895228439928322,2.101725265169364,5.782262178179402,1b,2
E01003680,Redbridge 036F,Redbridge,2.203902648216181,2.500531137735614,0.0,3.568959959751759,1a,1
E01003681,Redbridge 036G,Redbridge,4.664669056231801,4.637188665372155,0.0,10.777021421328088,1b,2
E01003682,Redbridge 036H,Redbridge,3.783013270028659,3.254995044396991,0.0,7.96405156169679,1b,2
E01003683,Redbridge 040C,Redbridge,3.735728685244423,3.155533490886445,2.489659548331526,6.719468693772306,1b,2
E01003684,Redbridge 040E,Redbridge,3.887823669299197,3.703489798540662,2.879403493576608,5.054239449522852,1b,2
E01003685,Redbridge 040D,Redbridge,6.198428459017053,5.290019706217018,2.579410245847559,18.87810795209566,2,3
E01003686,Redbridge 040A,Redbridge,11.67087621849759,8.090523608363792,2.843982027959329,25.260768383705287,3,4
E01003688,Redbridge 040B,Redbridge,19.482722984348573,19.05628117073976,4.736738102269815,38.92972399182384,4,5
E01003689,Redbridge 039C,Redbridge,29.683336956014664,31.336914877875664,16.870218844408974,41.3356513407207,6a,7
E01003690,Redbridge 035A,Redbridge,13.42358035640932,14.749780276037091,0.0,22.5807964266678,3,4
E01003691,Redbridge 035B,Redbridge,2.539246895011989,3.125534376961528,0.0,11.27643122023794,1b,2
E01003692,Redbridge 035C,Redbridge,16.722336127650216,16.257884515737498,13.357522854995562,21.301260991275687,4,5
E01003693,Redbridge 035D,Redbridge,4.68345279989751,4.421612081525595,0.0,11.212084382367348,1b,2
E01003694,Redbridge 035E,Redbridge,10.078635431299258,12.247959505466266,4.116114734671904,16.47708700441445,3,4
E01003695,Redbridge 035F,Redbridge,11.022425697763824,12.799691628906904,3.645742781150092,14.995067992222312,3,4
E01003696,Redbridge 035G,Redbridge,12.111893883871783,10.529568383464389,8.554775046938673,18.848063099907375,3,4
E01003697,Redbridge 035H,Redbridge,10.024039109542889,10.950307037961784,0.0,13.3059755768872,3,4
E01003698,Redbridge 006A,Redbridge,4.503456071837634,4.720398745486766,1.652225101110935,10.376440704867994,1b,2
E01003699,Redbridge 006B,Redbridge,5.74518985702387,5.780505186106513,0.0,13.971885478346945,2,3
E01003700,Redbridge 006C,Redbridge,8.150536656701947,8.803555457505837,2.035459391691933,14.815083832537177,2,3
E01003701,Redbridge 006D,Redbridge,12.676185132963434,13.421709527969194,3.152770244060332,15.983323299275847,3,4
E01003702,Redbridge 006E,Redbridge,7.535127883129756,7.625077351693132,2.07109260784762,12.786351424235328,2,3
E01003703,Redbridge 006F,Redbridge,1.402730567043844,1.832443241776218,0.0,3.523753242430479,1a,1
E01003704,Redbridge 006G,Redbridge,8.89695719712898,9.126340951097497,3.792994631073143,11.928754685114338,2,3
E01003705,Redbridge 010A,Redbridge,10.29787722960014,10.606197918868135,2.986345200760285,16.66326741217987,3,4
E01003706,Redbridge 010B,Redbridge,3.944072914057086,3.645672462030713,2.990809514778969,8.703138435512722,1b,2
E01003707,Redbridge 008A,Redbridge,3.323891163045894,3.383891157919757,2.430054787130296,4.62128404778191,1b,2
E01003708,Redbridge 008B,Redbridge,2.581792442909872,2.93408065661944,0.0,4.074421305734928,1b,2
E01003709,Redbridge 008C,Redbridge,3.307193035684284,3.451317813886564,2.476419520512786,3.988888059031838,1b,2
E01003710,Redbridge 008D,Redbridge,3.921972797102791,3.568389161128635,1.930695649673303,6.44819267465487,1b,2
E01003711,Redbridge 010C,Redbridge,7.696402435486053,8.028489345613004,2.605963754529799,16.536833541577337,2,3
E01003712,Redbridge 010D,Redbridge,3.836655472959137,3.615840487008912,2.851203705825546,8.909388180895062,1b,2
E01003713,Redbridge 034A,Redbridge,9.524847346010109,10.328396967306777,4.601371093032957,11.469200822498506,2,3
E01003714,Redbridge 034B,Redbridge,11.948487401270032,11.761462183771286,10.789140229768805,13.47958894911695,3,4
E01003715,Redbridge 034C,Redbridge,10.014702670151854,9.847019701266142,7.909727183988045,12.28167447305422,3,4
E01003716,Redbridge 034D,Redbridge,7.25232977660097,6.886039483474054,2.36119522510576,15.170178732465557,2,3
E01003718,Redbridge 034E,Redbridge,11.966690845982011,11.648249387131392,9.5266284670581,15.480536207903544,3,4
E01003719,Redbridge 034F,Redbridge,8.977127564552283,9.721719790327196,0.0,18.138256489179398,2,3
E01003720,Redbridge 002A,Redbridge,5.072190184214306,5.628893432252234,0.0,11.077127076830386,2,3
E01003721,Redbridge 003A,Redbridge,9.414932891358392,9.405031712377436,5.758390114873562,11.311788021598671,2,3
E01003722,Redbridge 002B,Redbridge,4.922592998071047,4.865620678586167,2.983708756181139,6.882833253586631,1b,2
E01003723,Redbridge 002C,Redbridge,4.956831709203108,5.373833001566688,1.391387526669526,7.729091885876889,1b,2
E01003724,Redbridge 003B,Redbridge,4.179058686520487,4.562147410099122,1.379426025071673,6.108151618730828,1b,2
E01003725,Redbridge 003C,Redbridge,5.586308177686797,4.802474145008669,4.205142062547259,8.857804805133444,2,3
E01003726,Redbridge 002D,Redbridge,1.331660615033389,0.0,0.0,5.876445841452909,1a,1
E01003727,Redbridge 003D,Redbridge,4.869807707152646,5.137528562604223,2.378505302723672,6.891785371737227,1b,2
E01003729,Redbridge 032B,Redbridge,12.908119114388509,7.807843006341701,5.019203484284978,29.124990967177144,3,4
E01003730,Redbridge 032C,Redbridge,5.732626664208333,5.654256147655296,4.479694327916617,7.095329037533554,2,3
E01003731,Redbridge 033A,Redbridge,5.517738189871232,5.097427937693084,3.116656233112888,8.410098577461188,2,3
E01003732,Redbridge 032D,Redbridge,2.635901795690923,3.666194599941829,0.0,4.958473230392723,1b,2
E01003733,Redbridge 032E,Redbridge,6.104566024378807,6.351665306330581,4.108784884259682,7.740259348650156,2,3
E01003734,Redbridge 033B,Redbridge,9.542438470739292,7.75452652337019,5.954995451372919,22.289688185656367,2,3
E01003735,Redbridge 033C,Redbridge,5.026051885565368,5.336206383498169,2.251443710129742,7.049717468032511,2,3
E01003736,Redbridge 033D,Redbridge,9.513097402521415,6.435825811310076,0.0,21.47050879808665,2,3
E01003737,Redbridge 031A,Redbridge,4.993695715798914,4.396402167106968,2.176450117493525,10.03644834529285,1b,2
E01003738,Redbridge 031B,Redbridge,7.803157572729027,7.541221613393294,6.11733740339507,11.030468028397308,2,3
E01003739,Redbridge 031C,Redbridge,5.395415155611215,4.924917066410984,2.495205413131085,9.10788304556187,2,3
E01003740,Redbridge 031D,Redbridge,5.056614387199775,5.396218154923822,0.0,8.557088080063615,2,3
E01003741,Redbridge 031E,Redbridge,9.071963449742514,9.15414802530119,7.044605857411668,12.105696011311792,2,3
E01003742,Redbridge 031F,Redbridge,7.874847895852676,8.464318203815417,4.158886893953554,10.565429292948243,2,3
E01003743,Redbridge 031G,Redbridge,6.177286490016801,5.864583653188554,4.237413344311633,9.185477802519689,2,3
E01003744,Redbridge 001A,Redbridge,3.228123612640323,3.568114464798032,0.0,5.880584516773172,1b,2
E01003745,Redbridge 001B,Redbridge,2.982158141224177,3.566874088569096,0.0,6.430293531059514,1b,2
E01003746,Redbridge 001C,Waltham Forest,4.365644343721854,4.837676958033751,0.0,7.620807658120208,1b,2
E01003747,Redbridge 001D,Redbridge,5.307716338219735,5.71707269684163,0.0,10.027192662790958,2,3
E01003748,Redbridge 001E,Redbridge,8.663085563280397,9.583333203184289,0.0,11.742176628278107,2,3
E01003749,Redbridge 001F,Redbridge,9.947401525827008,9.622685631295996,8.58413415071957,11.654508783642225,2,3
E01003750,Redbridge 001G,Redbridge,7.319142129985806,6.718782111183916,2.116658485588827,12.784061311425178,2,3
E01003751,Redbridge 020A,Redbridge,4.314910467985999,4.308167587151594,0.0,12.236667572990507,1b,2
E01003752,Redbridge 023A,Redbridge,10.666439729085408,9.383248670596457,4.497820772756432,19.678306378819475,3,4
E01003753,Redbridge 020B,Redbridge,11.532604163678442,11.7110806895438,7.587755480606945,14.4309597985486,3,4
E01003754,Redbridge 020C,Redbridge,9.557038607274894,10.042075375585824,6.602204066158198,11.700244336711991,2,3
E01003755,Redbridge 023B,Redbridge,9.83836463192354,11.144585824959435,2.306481691220652,14.230226344642094,2,3
E01003756,Redbridge 023C,Redbridge,6.879456379488831,6.296758562973302,3.640290853486078,11.805616753810488,2,3
E01003757,Redbridge 020D,Redbridge,7.122305149552766,7.45234695138333,5.474539948501457,8.360061377167153,2,3
E01003759,Redbridge 009A,Redbridge,8.872542577329494,10.168443169958856,2.482891382807385,11.834093217716315,2,3
E01003760,Redbridge 009B,Redbridge,4.471129707915764,3.962877744389127,1.751257363865925,10.198696255693672,1b,2
E01003761,Redbridge 009C,Redbridge,3.332517971546073,3.477767327975993,2.448367682762411,4.200214689889956,1b,2
E01003762,Redbridge 009D,Redbridge,5.184444069531012,4.004493383519587,1.915590732995468,12.140562379899976,2,3
E01003763,Redbridge 009E,Redbridge,2.855424321765661,3.175004654611119,0.0,7.978713641013286,1b,2
E01003764,Redbridge 009F,Redbridge,7.020470390011648,5.485726818799273,0.0,14.603768012662613,2,3
E01003765,Redbridge 009G,Redbridge,12.667584513477866,12.536020262290425,10.792163983445851,15.168210084044045,3,4
E01003766,Redbridge 024A,Redbridge,5.800458267993095,6.456333874060001,2.272474965437729,8.053355910569252,2,3
E01003767,Redbridge 024B,Redbridge,9.21520386256733,9.323804866979316,6.144523159998502,14.626556689262843,2,3
E01003768,Redbridge 024C,Redbridge,8.798765364888267,7.603296897904888,6.143830297296237,14.3843786112,2,3
E01003769,Redbridge 022A,Redbridge,12.170825745694874,11.755418080722698,6.334304819490939,17.972528116185515,3,4
E01003770,Redbridge 022B,Redbridge,5.339654320370819,5.116709650542552,0.0,9.842138868025197,2,3
E01003771,Redbridge 022C,Redbridge,6.027903691662268,7.790034827358679,0.0,10.972356775869356,2,3
E01003772,Redbridge 024D,Redbridge,3.675360303379617,2.222051785617177,0.0,9.524507238976629,1b,2
E01003773,Redbridge 022D,Redbridge,10.55813890521086,10.636228118846306,5.809002895005166,15.427799569519893,3,4
E01003774,Redbridge 014A,Redbridge,7.721155968973172,7.958968893831873,1.482531469400068,17.270609024626907,2,3
E01003775,Redbridge 014B,Redbridge,7.10753813244204,7.806119196470345,0.0,12.323027412854312,2,3
E01003776,Redbridge 014C,Waltham Forest,8.916986396019425,8.04978487610342,1.219009451741874,18.743003759025385,2,3
E01003777,Redbridge 014D,Redbridge,15.918653825187048,16.068657189244625,11.395951127642707,19.74912190402059,4,5
E01003778,Redbridge 014E,Redbridge,17.07683866693478,18.649694951267687,7.147245668895744,22.887569589963636,4,5
E01003779,Redbridge 014F,Waltham Forest,16.72950235271709,16.763014246993457,14.036113011283073,19.859156903261074,4,5
E01003780,Redbridge 014G,Redbridge,3.154458228166587,2.365010965311171,0.0,11.64540312881512,1b,2
E01003781,Redbridge 026A,Redbridge,18.635662929797004,19.130510685409096,2.685754828552902,32.96097801123393,4,5
E01003782,Redbridge 026B,Redbridge,17.42617137579982,20.343460470060204,3.272940674720995,25.89289052858952,4,5
E01003783,Redbridge 029A,Redbridge,28.73065486641184,28.866857807459848,16.681022739750297,37.75984317226404,6a,7
E01003784,Redbridge 029B,Redbridge,8.255580167837941,3.766167460748648,3.126055600071671,14.71998924860161,2,3
E01003785,Redbridge 029C,Redbridge,10.342169167143952,7.542305455479724,0.0,28.656116707984467,3,4
E01003786,Redbridge 026C,Redbridge,4.378572271206776,4.416022617445012,2.668176238596707,6.017185987896916,1b,2
E01003787,Redbridge 026D,Redbridge,5.959427627717844,4.195920481151581,2.435597630642534,20.4754312857495,2,3
E01003788,Redbridge 029D,Redbridge,18.61530253855497,19.15529082133598,14.671695745683976,24.071988735629265,4,5
E01003789,Redbridge 018A,Redbridge,15.111998450649724,14.676513378010448,10.953762676971309,23.82168891323912,4,5
E01003790,Redbridge 027A,Redbridge,0.761535765081125,0.0,0.0,4.479382052805543,1a,1
E01003791,Redbridge 027B,Waltham Forest,6.1983891302252,5.311939906955724,0.0,19.064385116347744,2,3
E01003792,Redbridge 027C,Redbridge,5.514902587703614,5.190830942002238,0.0,13.120597948028614,2,3
E01003793,Redbridge 027D,Redbridge,3.405325736342641,4.246041482319258,0.0,8.481562531339687,1b,2
E01003794,Redbridge 018B,Redbridge,3.604055096267842,2.417903462694821,0.0,13.299211188848508,1b,2
E01003795,Redbridge 018C,Redbridge,4.106075250070287,4.150402136959009,0.0,14.825524743364266,1b,2
E01003796,Redbridge 018D,Redbridge,9.282207897875114,8.57554990122608,4.09309875614059,22.02178545591784,2,3
E01003797,Richmond upon Thames 001A,Richmond upon Thames,5.509318214554707,5.706677545329743,1.670226059245981,9.128893032126102,2,3
E01003798,Richmond upon Thames 001B,Richmond upon Thames,7.651155349420988,8.49398572664286,3.704617762101634,11.656323759229297,2,3
E01003799,Richmond upon Thames 001C,Wandsworth,5.151924694674586,6.517772230751544,0.0,13.398559549844476,2,3
E01003800,Richmond upon Thames 001D,Richmond upon Thames,7.58783478105456,8.149162380110806,5.350290067372061,10.325712119747772,2,3
E01003801,Richmond upon Thames 001E,Richmond upon Thames,6.723911837011679,5.944006700204319,0.0,23.219078805312243,2,3
E01003802,Richmond upon Thames 001F,Richmond upon Thames,3.986223253689906,5.457399545039703,0.0,9.1301011060957,1b,2
E01003803,Richmond upon Thames 001G,Richmond upon Thames,4.395891188038955,4.441061453083075,2.240746139525877,6.870138578049052,1b,2
E01003804,Richmond upon Thames 005A,Richmond upon Thames,6.437609566936668,6.479097434971304,4.98032734288425,8.535818384264854,2,3
E01003805,Richmond upon Thames 012A,Richmond upon Thames,0.988605156714627,0.0,0.0,6.173039958390365,1a,1
E01003806,Richmond upon Thames 012B,Wandsworth,0.437702483724943,0.0,0.0,8.109384839063038,1a,1
E01003807,Richmond upon Thames 005B,Richmond upon Thames,8.893568389218098,8.80439043438136,6.268885744391085,11.387625766910016,2,3
E01003808,Richmond upon Thames 005C,Richmond upon Thames,11.247324271568148,11.212977554914684,9.915446235577145,12.839721016416204,3,4
E01003809,Richmond upon Thames 005D,Wandsworth,5.124752329337912,4.978905769516165,0.0,13.716614557719312,2,3
E01003810,Richmond upon Thames 019A,Richmond upon Thames,9.305741637863868,9.517182277054705,6.448885889485538,12.734322857602328,2,3
E01003811,Richmond upon Thames 018A,Richmond upon Thames,7.481392659418651,7.449945877873974,3.161680574746727,11.259725935700947,2,3
E01003812,Richmond upon Thames 018B,Richmond upon Thames,10.187327827103852,10.630682915323977,6.43311677640247,13.572317069065264,3,4
E01003813,Richmond upon Thames 019B,Richmond upon Thames,3.945456810589199,2.996232948918047,0.0,7.683447371950516,1b,2
E01003814,Richmond upon Thames 019C,Richmond upon Thames,5.167623543329234,5.041130777051919,0.0,14.033379174697172,2,3
E01003815,Richmond upon Thames 019D,Richmond upon Thames,4.393701571273907,4.820371527418708,0.0,8.569955809182556,1b,2
E01003816,Richmond upon Thames 012C,Richmond upon Thames,1.832646452290976,0.0,0.0,7.146371552142316,1a,1
E01003817,Richmond upon Thames 012D,Richmond upon Thames,1.256761053603229,0.0,0.0,6.817204258686697,1a,1
E01003818,Richmond upon Thames 017A,Richmond upon Thames,3.004192715877509,2.84066558193472,0.0,6.282911293420955,1b,2
E01003819,Richmond upon Thames 017B,Richmond upon Thames,0.778707311366387,0.0,0.0,4.045661218642521,1a,1
E01003820,Richmond upon Thames 017C,Richmond upon Thames,3.998411245857161,3.882634311548394,2.757298656248024,5.820251218160287,1b,2
E01003821,Richmond upon Thames 008A,Richmond upon Thames,6.514457359423909,4.610998710719685,3.61725989326193,23.10851587201276,2,3
E01003822,Richmond upon Thames 023A,Richmond upon Thames,5.226153681311949,5.630877717730645,2.2535957566103,6.90353946736084,2,3
E01003823,Richmond upon Thames 023B,Richmond upon Thames,2.903450661521151,1.934102596188999,0.0,13.336030509420333,1b,2
E01003824,Richmond upon Thames 023C,Richmond upon Thames,6.143340508473144,6.414882022774362,3.240936789655449,8.576727132882482,2,3
E01003825,Richmond upon Thames 023D,Richmond upon Thames,3.16308803002761,3.533027264431309,0.0,7.574327088862306,1b,2
E01003826,Richmond upon Thames 023E,Richmond upon Thames,2.52365448559339,2.023288383324402,0.0,8.621138494338187,1b,2
E01003827,Richmond upon Thames 023F,Richmond upon Thames,5.218159779646726,6.997834305631432,0.0,9.095054758464164,2,3
E01003828,Richmond upon Thames 020A,Richmond upon Thames,4.497702654674828,4.424877787202594,2.448454938926151,8.051235574807269,1b,2
E01003829,Richmond upon Thames 020B,Richmond upon Thames,3.85865342140253,4.026551699872443,0.0,6.189251475282248,1b,2
E01003830,Richmond upon Thames 020C,Richmond upon Thames,4.313876716548199,4.415466663587187,0.0,6.208929150931684,1b,2
E01003831,Richmond upon Thames 020D,Richmond upon Thames,4.149381160981354,4.121612020885197,2.904472395541823,5.680512476815339,1b,2
E01003832,Richmond upon Thames 020E,Richmond upon Thames,4.046219093753817,4.066201549168296,2.286988645070835,5.829848825201672,1b,2
E01003833,Richmond upon Thames 020F,Richmond upon Thames,4.464282606994469,4.360522424971164,2.490683166111161,5.79473749685365,1b,2
E01003834,Richmond upon Thames 022A,Richmond upon Thames,5.347012504608196,3.060429255449091,0.0,20.414182982090157,2,3
E01003835,Richmond upon Thames 022B,Richmond upon Thames,3.4474115552294,3.897674829120311,0.0,5.905690522556391,1b,2
E01003836,Richmond upon Thames 022C,Richmond upon Thames,6.555273522125042,6.739637024204868,3.806875956326634,10.56545221765589,2,3
E01003837,Richmond upon Thames 022D,Richmond upon Thames,1.952738526979275,0.0,0.0,7.372626351815132,1a,1
E01003838,Richmond upon Thames 022E,Richmond upon Thames,5.565928706150832,5.714958624037237,1.127288617758544,8.84997487639089,2,3
E01003839,Richmond upon Thames 022F,Richmond upon Thames,8.103175598653767,7.692746659663123,3.705550623781765,12.172469957445992,2,3
E01003840,Richmond upon Thames 013A,Richmond upon Thames,4.292569126262249,4.727084446192949,1.115987452944365,6.468959100546632,1b,2
E01003841,Richmond upon Thames 013B,Richmond upon Thames,4.061300020572761,4.11221287844236,0.0,6.224157782456501,1b,2
E01003842,Richmond upon Thames 013C,Richmond upon Thames,3.53944543882158,3.683613003895873,0.0,6.574060232110179,1b,2
E01003843,Richmond upon Thames 013D,Richmond upon Thames,4.088340079568495,3.959653257466949,0.0,6.063259499480433,1b,2
E01003844,Richmond upon Thames 013E,Richmond upon Thames,6.88242458753068,6.996585550478124,3.85785336745791,9.073160785173174,2,3
E01003845,Richmond upon Thames 013F,Richmond upon Thames,2.99951338345066,3.225191954195579,0.0,6.980979650272047,1b,2
E01003846,Richmond upon Thames 002A,Richmond upon Thames,9.823501693774224,9.740350309374746,7.132581584900835,12.873288657020307,2,3
E01003847,Richmond upon Thames 002B,Richmond upon Thames,4.463566638784825,3.159888245523365,0.0,14.275314734322992,1b,2
E01003848,Richmond upon Thames 004A,Richmond upon Thames,13.899862471306474,13.66316317941596,7.940822479785925,16.970969410769886,3,4
E01003849,Richmond upon Thames 002C,Richmond upon Thames,10.251928265716233,9.790442230710491,7.275390433124002,14.37865194336552,3,4
E01003851,Richmond upon Thames 002D,Richmond upon Thames,8.505330845321764,9.0490901526691,3.235095658046911,13.270104981479264,2,3
E01003852,Richmond upon Thames 003A,Wandsworth,11.600716988654575,11.485101965747123,7.841475082336925,16.09523184534523,3,4
E01003853,Richmond upon Thames 003B,Richmond upon Thames,10.217726173637809,10.672494434279368,4.835206031811404,13.004562070241366,3,4
E01003854,Richmond upon Thames 003C,Richmond upon Thames,9.248010182935918,9.418494800481678,8.417868998188116,10.464883100971484,2,3
E01003855,Richmond upon Thames 003D,Richmond upon Thames,8.40229684865852,8.132905150380699,6.200066910801162,12.594811059698364,2,3
E01003856,Richmond upon Thames 003E,Richmond upon Thames,11.159306464656154,11.147264977477947,8.623032875938323,13.583870983239152,3,4
E01003857,Richmond upon Thames 003F,Wandsworth,9.809051653491467,9.432233088934971,7.932237281689488,12.639663656287638,2,3
E01003858,Richmond upon Thames 003G,Wandsworth,8.907183512133646,9.076536953749956,4.901985374136253,12.184707516424323,2,3
E01003859,Richmond upon Thames 005E,Richmond upon Thames,8.334843615166891,7.93340708031171,5.669716871684783,11.171425625401875,2,3
E01003860,Richmond upon Thames 002E,Richmond upon Thames,7.295991406295284,2.038989500440984,0.0,30.460501272667567,2,3
E01003861,Richmond upon Thames 004C,Richmond upon Thames,21.46624549749288,22.24844495845847,13.421593642804147,25.780101943708274,5,6
E01003862,Richmond upon Thames 004D,Richmond upon Thames,9.820625562826605,9.669629791863288,5.221954623244256,16.356266351646312,2,3
E01003863,Richmond upon Thames 004E,Richmond upon Thames,12.709043041908076,14.48753911025086,5.595926561391959,21.285190574627467,3,4
E01003864,Richmond upon Thames 002F,Richmond upon Thames,11.929534125635502,12.638517792617009,2.984549227842145,22.955918297366328,3,4
E01003865,Richmond upon Thames 004F,Richmond upon Thames,10.183627537299175,10.505684213869923,7.685796554359605,13.153298799433276,3,4
E01003866,Richmond upon Thames 007A,Richmond upon Thames,7.832213541694121,8.227219698666081,4.994363338229889,11.10476808951273,2,3
E01003867,Richmond upon Thames 011A,Richmond upon Thames,6.996340691369733,6.104880520872038,0.0,13.112315679229065,2,3
E01003868,Richmond upon Thames 007B,Richmond upon Thames,11.78503473615008,12.519658066261574,7.75225457125407,14.632326737064066,3,4
E01003869,Richmond upon Thames 011B,Richmond upon Thames,11.162085617496464,10.839805100259962,4.537280805694945,18.626026866555325,3,4
E01003870,Richmond upon Thames 011C,Richmond upon Thames,7.190965326511193,7.30946700930234,0.0,18.3768308532102,2,3
E01003871,Richmond upon Thames 007C,Richmond upon Thames,4.741502139170548,3.91242798506268,2.62699406467732,9.560519049956048,1b,2
E01003872,Richmond upon Thames 007D,Richmond upon Thames,5.292594513507114,5.421255183426686,0.0,12.194088458785052,2,3
E01003873,Richmond upon Thames 006A,Richmond upon Thames,24.057029537919433,26.51864267024688,6.488373485640764,38.6236503456315,5,6
E01003874,Richmond upon Thames 006B,Richmond upon Thames,13.327844350646696,14.769108640553782,6.058017092145549,25.907175156657893,3,4
E01003875,Richmond upon Thames 006C,Richmond upon Thames,5.68499515233092,5.618659689602402,0.0,16.78144458285319,2,3
E01003876,Richmond upon Thames 008B,Richmond upon Thames,27.03739111297297,27.376399629132553,7.876234521051217,36.831320716151644,6a,7
E01003877,Richmond upon Thames 008C,Richmond upon Thames,15.612826259973636,18.756623414362913,2.85608222250311,25.8595951992989,4,5
E01003878,Richmond upon Thames 006D,Richmond upon Thames,1.5444763345758,0.0,0.0,7.115938419929393,1a,1
E01003879,Richmond upon Thames 008D,Richmond upon Thames,4.336093183111243,3.535762898494048,2.360392126994788,10.626048080145134,1b,2
E01003880,Richmond upon Thames 016A,Richmond upon Thames,8.819786739950967,7.022004359392402,5.461982195099817,18.108965647874143,2,3
E01003881,Richmond upon Thames 016B,Richmond upon Thames,5.487028265942689,5.659126080370195,2.353591978952911,6.791938873076124,2,3
E01003882,Richmond upon Thames 014A,Richmond upon Thames,13.954930712228231,13.360136339565871,10.751965409941526,18.513598122275667,3,4
E01003883,Richmond upon Thames 014B,Richmond upon Thames,8.962367076570281,8.503857659229132,3.043558417340266,13.942227370526831,2,3
E01003884,Richmond upon Thames 016C,Richmond upon Thames,8.735709708752015,9.25776634507711,2.214996114266971,12.989657974387963,2,3
E01003885,Richmond upon Thames 016D,Richmond upon Thames,9.46125379269396,10.45492949282334,2.02075171461286,15.151930777478311,2,3
E01003886,Richmond upon Thames 021A,Richmond upon Thames,10.540291638028044,11.267087929529392,4.682837473303479,13.945566337992972,3,4
E01003887,Richmond upon Thames 021B,Richmond upon Thames,11.295666493027449,11.556647417484784,7.647912622233918,14.594455570487408,3,4
E01003888,Richmond upon Thames 021C,Richmond upon Thames,4.571071444167553,0.0,0.0,14.270632842369524,1b,2
E01003889,Richmond upon Thames 021D,Richmond upon Thames,1.376571893829231,0.0,0.0,11.178538786453938,1a,1
E01003890,Richmond upon Thames 018C,Richmond upon Thames,6.144723295185246,4.987307922606772,2.615640249632076,11.754585646059796,2,3
E01003891,Richmond upon Thames 018D,Richmond upon Thames,6.208420975384911,5.483805014592477,2.494687089799752,12.037809219383629,2,3
E01003892,Richmond upon Thames 009A,Richmond upon Thames,8.23666335258702,8.119463056683342,0.0,17.78587154724578,2,3
E01003893,Richmond upon Thames 009B,Richmond upon Thames,11.149316475439448,9.848014270815243,1.842278021132808,26.67378636332744,3,4
E01003894,Richmond upon Thames 009C,Richmond upon Thames,12.6443522074918,12.912353977742544,10.430748348675005,14.785601698639356,3,4
E01003895,Richmond upon Thames 009D,Richmond upon Thames,10.542588680332424,11.705304642275646,0.0,17.34626564123132,3,4
E01003896,Richmond upon Thames 014C,Richmond upon Thames,15.644756815689304,16.578967811233564,0.0,20.707804667847647,4,5
E01003897,Richmond upon Thames 014D,Richmond upon Thames,17.08021304934985,17.102897431037327,13.233128346808556,19.092362101668204,4,5
E01003898,Richmond upon Thames 015A,Richmond upon Thames,10.928763201693538,11.07015394242532,8.980596266411693,13.498399048700191,3,4
E01003899,Richmond upon Thames 015B,Richmond upon Thames,7.773564791516599,8.070165583613296,3.653193797390577,14.210677681848509,2,3
E01003900,Richmond upon Thames 015C,Richmond upon Thames,6.718117285660836,6.640872672063169,0.0,13.46986893540212,2,3
E01003901,Richmond upon Thames 015D,Richmond upon Thames,3.665186151237183,4.141952098927396,0.0,6.672491274043336,1b,2
E01003902,Richmond upon Thames 015E,Richmond upon Thames,6.230825055727743,6.263260855726575,5.163688208810152,7.298970114674734,2,3
E01003903,Richmond upon Thames 015F,Richmond upon Thames,5.01494715783219,5.307320874847465,0.0,7.456405669549705,2,3
E01003904,Richmond upon Thames 015G,Richmond upon Thames,5.167760140553404,4.644612076053391,2.220479370478786,9.339425064672588,2,3
E01003905,Richmond upon Thames 010A,Richmond upon Thames,6.183888627611572,5.469871500611374,2.087379023653057,10.178292883960808,2,3
E01003906,Richmond upon Thames 010B,Richmond upon Thames,8.496824195499073,8.724293566572165,5.112591553864025,10.581085979378994,2,3
E01003907,Richmond upon Thames 010C,Richmond upon Thames,2.600476051604107,2.825495554224773,0.0,7.236135863718149,1b,2
E01003908,Richmond upon Thames 010D,Richmond upon Thames,6.044866269968006,6.183577283936025,0.0,9.646947574823333,2,3
E01003909,Richmond upon Thames 010E,Richmond upon Thames,8.234214739909506,8.403907618019954,6.027563945300434,9.586658780899702,2,3
E01003910,Richmond upon Thames 011D,Richmond upon Thames,4.004745289171119,4.404305913080885,0.0,8.619540497022214,1b,2
E01003911,Southwark 020A,Southwark,17.80531469083039,16.90308395691093,11.180396218980398,25.833991910240748,4,5
E01003912,Southwark 019A,Southwark,12.09194943511069,12.096513877423392,10.802733001276074,13.768448441823208,3,4
E01003913,Southwark 024A,Southwark,25.412558679007834,26.419261072500714,19.40270981306421,30.658296568543506,6a,7
E01003914,Southwark 024B,Southwark,13.127480466891804,13.978233859494338,1.839539559693973,18.01316769572741,3,4
E01003915,Southwark 024C,Southwark,15.192869000622183,14.745993047625136,12.782210906278271,18.002246164787486,4,5
E01003916,Southwark 020B,Southwark,8.679115639634354,7.69250260670877,4.965280788509665,15.586620919461623,2,3
E01003917,Southwark 020C,Southwark,14.169057615841163,10.823171500320615,10.329003609202577,26.33043332544425,3,4
E01003918,Southwark 020D,Southwark,20.01749744459285,21.75057708012049,9.491999089622045,24.34617688621866,5,6
E01003919,Southwark 021A,Southwark,20.26259183347224,20.578586881793203,6.089970246172777,26.51160626201104,5,6
E01003920,Southwark 021B,Southwark,22.86318711932129,21.942767432206683,20.586936594233183,26.797426378091536,5,6
E01003921,Southwark 021C,Southwark,29.15626009066344,28.381480965645615,22.300136122018948,37.35550603639757,6a,7
E01003922,Southwark 021D,Southwark,24.907762262901564,25.223714709379895,8.580767304427908,33.934976559199285,5,6
E01003923,Southwark 017A,Southwark,17.35263885920074,16.525080756556424,14.151954985016694,25.72821673787516,4,5
E01003924,Southwark 021E,Southwark,20.095536672148327,19.03674676774857,16.68105796280776,28.917907350432795,5,6
E01003925,Southwark 020E,Southwark,17.71415842572923,16.660980037840016,15.37588066342576,23.66899657343835,4,5
E01003926,Southwark 021F,Southwark,16.89769005491622,15.713916733261176,12.27478571941689,24.491776948255843,4,5
E01003929,Southwark 002B,Southwark,73.21637365172853,69.41537497577136,52.315234652229314,101.43378104971524,6b,8
E01003930,Southwark 034A,Southwark,85.10295831922998,87.4868849183597,59.64123999040245,92.75766321600777,6b,8
E01003932,Southwark 034B,Southwark,71.62347496020563,71.6496759280381,43.16017250626221,98.39380566744829,6b,8
E01003933,Southwark 034C,Southwark,58.206479670418496,57.806822715291126,32.80447699203504,83.21797653211749,6b,8
E01003934,Southwark 002C,Southwark,65.87564009470613,73.52693284428892,35.76655728459102,90.28428934089997,6b,8
E01003935,Southwark 002D,Southwark,63.94557671357411,62.573301755867895,55.06547792448208,76.21409967299017,6b,8
E01003936,Southwark 009A,Southwark,44.800049006068335,48.162148409904894,14.707154895369412,69.11878628312209,6b,8
E01003937,Southwark 009B,Southwark,61.50300106439545,65.12591400011681,42.93547115242232,87.84717386488381,6b,8
E01003938,Southwark 006A,Southwark,47.180782975576406,46.21143647902268,43.675216587616816,54.96289066999432,6b,8
E01003939,Southwark 002E,Southwark,65.37011437235056,63.42444847254158,52.87549454424685,90.81166932105312,6b,8
E01003940,Southwark 006B,Southwark,18.949802383159884,20.20035876192533,13.63120396610504,21.76728804268383,4,5
E01003941,Southwark 006C,Southwark,23.005499731443685,20.47944890593987,13.62103125315377,52.64015527429147,5,6
E01003942,Southwark 006D,Southwark,25.098447055810073,24.680417317469583,17.882998304283564,35.4547247288002,6a,7
E01003943,Southwark 009C,Southwark,55.93388613138466,55.53275334250161,51.02946338395133,62.37576764721608,6b,8
E01003945,Southwark 033A,Southwark,6.864613829997221,7.189149545270504,0.0,16.55066049160645,2,3
E01003946,Southwark 033B,Southwark,7.30045283946082,7.86773841396603,2.01523394894576,13.27930539260581,2,3
E01003947,Southwark 033C,Southwark,8.24598503886262,7.263381724178785,5.436514962058666,11.56116730947254,2,3
E01003948,Southwark 033D,Southwark,15.912757447552265,16.436234252892916,8.225555919657037,26.04833867388325,4,5
E01003949,Southwark 032A,Southwark,9.034533395876986,9.538549399842486,3.797014946801557,13.119979522984757,2,3
E01003950,Southwark 032B,Southwark,9.6188354652328,9.73592637280646,3.641933636502831,13.633792454336373,2,3
E01003951,Southwark 033E,Southwark,4.466385414580288,4.030677805306722,0.0,10.5470329032459,1b,2
E01003952,Southwark 030A,Southwark,15.202329854726647,14.981323272970524,11.897057558297265,18.0965300006552,4,5
E01003953,Southwark 028A,Southwark,15.400331234235455,15.254416319977755,10.987333210186293,21.470522453564133,4,5
E01003954,Southwark 030B,Southwark,11.914542316296547,12.235773899950075,9.040682968917078,14.862030314350369,3,4
E01003955,Southwark 028B,Southwark,10.27776928986882,9.802874764895265,8.055593581755446,13.333437069692163,3,4
E01003956,Southwark 030C,Southwark,10.572830458189785,9.923908617391591,9.302260873979645,15.554617469071475,3,4
E01003957,Southwark 032C,Southwark,8.302415919403481,8.760692102834543,5.500907910248047,11.846208880467705,2,3
E01003958,Southwark 032D,Southwark,10.417117101313282,10.398991914078277,8.842589007450778,12.918309181096369,3,4
E01003960,Southwark 012A,Southwark,28.13147653605517,29.312647148562487,17.27492863493482,40.70895724475072,6a,7
E01003961,Southwark 012B,Southwark,18.21259747932478,16.929019802252565,6.527908809857664,39.57902618293922,4,5
E01003963,Southwark 016A,Southwark,22.153330602375995,28.004650956206703,6.067661309625125,31.196874743685136,5,6
E01003966,Southwark 015B,Southwark,18.12500691296531,17.861493168926852,14.799474693877729,21.904988672385144,4,5
E01003969,Southwark 017B,Southwark,17.98270778750632,18.107945330374186,6.06943479149208,23.457061852516365,4,5
E01003971,Southwark 015D,Southwark,11.314344859595645,13.756096014272446,5.882556942408832,15.7561742371383,3,4
E01003972,Southwark 016D,Southwark,12.204738600019205,15.100502229060847,5.7374757972282,17.244521754060635,3,4
E01003973,Southwark 016E,Southwark,20.457931883160136,17.927015151584303,15.354610700349676,38.54383095531429,5,6
E01003975,Southwark 004A,Southwark,15.3306558593972,16.129051239199917,10.944443705343891,18.002945772540333,4,5
E01003976,Southwark 036D,Southwark,23.9600164620962,13.7040110169295,9.535308814367498,48.53092919649141,5,6
E01003977,Southwark 010A,Southwark,11.803765099210738,12.374780643495804,4.653952792001677,15.42040833601842,3,4
E01003979,Southwark 006E,Southwark,16.282060785821454,16.72287355424146,8.196051042763223,24.441392983105217,4,5
E01003980,Southwark 013A,Southwark,14.217163827601563,13.506541739045028,7.785743749368629,22.660068209481867,3,4
E01003981,Southwark 006F,Southwark,59.74065369107889,52.65058420663596,45.247262683646575,98.59718290806515,6b,8
E01003983,Southwark 018A,Southwark,13.232255814276227,12.90504668448942,11.10454288374364,19.564373379649904,3,4
E01003984,Southwark 023A,Southwark,17.84445903821613,18.033577469865637,13.70978125174323,25.85558303720851,4,5
E01003986,Southwark 011A,Southwark,9.929200324008438,8.614896167619396,4.297958747480388,17.126493321976938,2,3
E01003987,Southwark 011B,Southwark,6.509074662707911,7.099875575163788,4.123689088214563,8.062278158943219,2,3
E01003988,Southwark 018B,Southwark,11.091483319300568,11.024809699092302,4.398386546668537,17.9349674770783,3,4
E01003989,Southwark 018C,Southwark,10.258317140459798,11.051964453340936,5.60015319112846,14.332932116467935,3,4
E01003990,Southwark 018D,Southwark,10.111520445529957,10.550561167427734,7.634218319997423,12.821933493071182,3,4
E01003991,Southwark 017C,Southwark,19.542971885916465,22.638336359582357,11.280918692328092,25.32529403328295,4,5
E01003992,Southwark 014A,Southwark,19.284815951502267,21.512655601156496,12.481453886023868,24.55292857958198,4,5
E01003993,Southwark 017D,Southwark,16.908582931644176,18.234517912102177,2.724268462835679,26.880281724080177,4,5
E01003994,Southwark 012E,Southwark,34.76264214216165,35.69473112750763,24.71391217337936,44.560778397713854,6a,7
E01003995,Southwark 014B,Southwark,42.277710494794015,44.11597948199952,29.2769729877746,49.042591672819086,6b,8
E01003997,Southwark 017E,Southwark,24.47749707498025,24.532302543525677,18.892047337487256,28.958822465789478,5,6
E01003998,Southwark 014D,Southwark,32.831973745552574,29.725166508968965,25.491200704337523,45.42454441782033,6a,7
E01003999,Southwark 014E,Southwark,21.271163389074324,22.01687560928204,2.396655889363849,29.959988889771644,5,6
E01004000,Southwark 026A,Southwark,11.072450741289655,10.350223748716504,7.544159471908039,18.692847113268144,3,4
E01004001,Southwark 026B,Southwark,7.921958506151565,7.877361242888129,3.390722718826995,12.251434820988097,2,3
E01004002,Southwark 029A,Southwark,7.105216317927236,7.201054693480343,4.058500212560043,12.446184494083967,2,3
E01004003,Southwark 023B,Southwark,18.848993342181323,19.122328349417685,14.543015077002304,20.371639587688755,4,5
E01004004,Southwark 023C,Southwark,20.15707023228772,19.71144259849517,16.410410522924572,29.630454540954965,5,6
E01004005,Southwark 023D,Southwark,22.335133513738604,21.33397498727674,11.524843391197129,32.20726847599288,5,6
E01004006,Southwark 023E,Southwark,14.962808360111948,15.74633100602172,9.22046815415882,21.629167290408173,3,4
E01004007,Southwark 018E,Southwark,11.72304318784759,7.732417924917937,6.251740018487378,27.18224597562953,3,4
E01004008,Southwark 022B,Southwark,26.88607034747596,27.94153712842,20.44243122204313,34.681661425668786,6a,7
E01004010,Southwark 022D,Southwark,30.156579664963136,31.491413084758474,20.56055305919555,35.60686613104271,6a,7
E01004011,Southwark 019B,Southwark,10.588064726839116,11.255581332969268,3.571805285500275,16.02676954697842,3,4
E01004012,Southwark 019C,Southwark,5.74661055890119,5.947416264623431,4.106593794306965,7.68009015918498,2,3
E01004013,Southwark 019D,Southwark,17.88232141481526,16.156746163537782,10.831276155659436,28.39178718709471,4,5
E01004014,Southwark 019E,Southwark,6.947516653733657,6.130723983252528,4.887110198389502,12.640702576998304,2,3
E01004015,Southwark 028C,Southwark,9.54117919213884,8.85611628580849,4.479255260947314,17.438807376116024,2,3
E01004016,Southwark 029B,Southwark,7.733168774158403,7.033839922429854,1.74757717250007,14.78775857717222,2,3
E01004017,Southwark 029C,Southwark,6.906538620452927,6.870395780301943,3.235079497297145,11.545728678933022,2,3
E01004018,Southwark 032E,Southwark,6.554951608784586,6.187155839330234,3.863105225195939,10.320603459794231,2,3
E01004019,Southwark 026C,Southwark,12.537883721599067,12.8393877350749,7.725875965297853,17.280089397263236,3,4
E01004020,Southwark 029D,Southwark,5.297098026750697,5.4370279804296,0.0,8.620064837033883,2,3
E01004021,Southwark 028D,Southwark,15.333292857932872,14.091000321330885,10.009680135288432,21.6005445352408,4,5
E01004023,Southwark 004D,Southwark,19.502014474818154,18.71742588497658,14.85259525990887,26.277027670950684,4,5
E01004024,Southwark 011C,Southwark,16.528070478830163,15.771545718319404,13.224817810661357,24.525813679373364,4,5
E01004028,Southwark 004E,Southwark,15.984782425774643,15.817184663257786,13.420613395452804,18.10794021926881,4,5
E01004029,Southwark 001A,Southwark,20.51831316774058,19.965729278322097,15.24192088103718,27.41960701544112,5,6
E01004030,Southwark 007A,Southwark,23.009366439303022,21.146428522506625,19.19321329464809,28.04997333288376,5,6
E01004031,Southwark 007B,Southwark,25.78222373902644,26.276679815945062,17.977786587075666,34.996066746061786,6a,7
E01004032,Southwark 001B,Southwark,20.458214095501788,19.846167552352593,16.07541064177103,28.273400050542435,5,6
E01004033,Southwark 007C,Southwark,27.239252925447392,26.62633788054413,23.666759529154863,38.257833182613375,6a,7
E01004034,Southwark 007D,Southwark,20.14436502914369,20.72501648185117,14.230960755914978,26.434334673844045,5,6
E01004035,Southwark 011D,Southwark,15.2342835108722,15.00331613199524,4.877004628896625,25.726791011374928,4,5
E01004036,Southwark 007E,Southwark,18.25784024906956,16.680221904887524,14.944124344258364,26.823686059266105,4,5
E01004037,Southwark 010B,Southwark,9.184642160503788,8.529697608638182,7.244422575403934,14.916198452309768,2,3
E01004038,Southwark 010C,Southwark,9.965153191339365,10.880906079780685,3.247206654476808,15.617213867354732,2,3
E01004039,Southwark 013B,Southwark,11.869581742586576,12.309913640979673,5.903716380007354,15.235234348044663,3,4
E01004040,Southwark 013C,Southwark,16.498198985395426,16.61794190906495,13.31521073454001,19.938598501184558,4,5
E01004041,Southwark 013D,Southwark,13.677644846906087,13.545351576975584,10.216555230080353,18.63635425596497,3,4
E01004042,Southwark 010D,Southwark,12.448249888047028,13.645782424561176,7.529005189103239,16.320206137141867,3,4
E01004043,Southwark 010E,Southwark,7.917138530947809,6.530614119611866,5.476842293193465,12.939104833929392,2,3
E01004044,Southwark 013E,Southwark,9.269411264020606,7.102785764622934,6.072025719895208,14.180828781294087,2,3
E01004045,Southwark 027A,Southwark,14.810669365748248,15.661966613901328,11.52133581651632,17.153348397194566,3,4
E01004046,Southwark 028E,Southwark,15.888431731702742,14.94948611763088,12.307288619505606,21.815464363090197,4,5
E01004047,Southwark 027B,Southwark,12.735543183962028,12.466987681461204,8.3418016867176,18.7896539012827,3,4
E01004048,Southwark 027C,Southwark,10.004713560384443,9.959038175331584,5.746762557158155,18.396959942772483,3,4
E01004049,Southwark 027D,Southwark,17.77584866696779,18.59810350469361,12.70912560582292,20.1183541390903,4,5
E01004050,Southwark 024D,Southwark,13.555392248293517,12.631189376391973,7.770364172656273,19.63851268889633,3,4
E01004051,Southwark 027E,Southwark,18.327332982956403,18.14727995112655,16.001846737697687,21.570118770471453,4,5
E01004052,Southwark 024E,Southwark,12.985957333655778,12.616255316538345,5.183596361965468,18.76663158189073,3,4
E01004053,Southwark 001C,Southwark,11.164354842235038,9.817794847502569,1.924668052986459,17.199729302233525,3,4
E01004054,Southwark 001D,Southwark,5.306565649257635,5.236547328792273,4.788414209554317,6.308988308909906,2,3
E01004055,Southwark 001E,Southwark,4.882794412587302,4.439187415975077,2.02350628023423,9.94274861723375,1b,2
E01004056,Southwark 008A,Southwark,4.949732429814073,4.82358137358621,3.888721679454702,6.119871835855443,1b,2
E01004057,Southwark 008B,Southwark,9.2517928060626,5.764617083926758,3.677616369101123,26.10808902377349,2,3
E01004058,Southwark 008C,Southwark,3.908344622170699,3.727746654217326,0.0,7.345013504789748,1b,2
E01004059,Southwark 008D,Southwark,18.282209210189382,20.91543046402433,2.201205739977283,29.26753818158044,4,5
E01004060,Southwark 008E,Southwark,17.000334549088436,15.313345133629928,10.24893459692082,26.442237013948077,4,5
E01004061,Southwark 025A,Southwark,20.52327254866244,18.27518802313771,7.669232095971266,38.967939843759694,5,6
E01004062,Southwark 025B,Southwark,25.371278346013383,24.049653762774582,19.04803179593812,33.9691485153997,6a,7
E01004063,Southwark 025C,Southwark,21.270120751530825,20.44663802231141,9.10091930226293,32.538379958817885,5,6
E01004064,Southwark 026D,Southwark,19.2198885728566,20.26107010209278,11.725572379560422,24.49510473161142,4,5
E01004065,Southwark 025D,Southwark,18.42972217348788,19.026752286170137,14.947727538448069,22.882876904461547,4,5
E01004066,Southwark 025E,Southwark,19.84566360861804,17.61332456877975,10.950110462657827,32.69973096299794,4,5
E01004067,Southwark 022E,Southwark,32.81703767328781,32.92756304491226,18.23122947172021,41.62390138581342,6a,7
E01004068,Southwark 026E,Southwark,14.715541477507765,16.692895239584,7.401744482181909,22.771845743355613,3,4
E01004069,Southwark 031A,Southwark,5.672404359055538,5.725510684328032,0.0,13.041664416997529,2,3
E01004070,Southwark 031B,Southwark,10.203328735154084,10.070441569354651,7.543175848838546,14.355590782624354,3,4
E01004071,Southwark 030D,Southwark,10.180852801715988,11.114809200416207,6.940397751332856,13.881866155615842,3,4
E01004072,Southwark 030E,Southwark,9.488848475560166,9.895374550417392,3.842586424593776,13.013346540480237,2,3
E01004073,Southwark 031C,Southwark,12.520511329027173,13.248330924606458,7.566609334411512,18.399569629189592,3,4
E01004074,Southwark 031D,Southwark,12.833876418363458,14.267748247717892,0.0,22.15191140539316,3,4
E01004075,Southwark 031E,Southwark,6.838964453040175,7.077527875189815,2.083563449721681,13.46639059985114,2,3
E01004076,Sutton 011A,Sutton,3.761360836169534,4.356833114591533,0.0,11.256710459327088,1b,2
E01004077,Sutton 011B,Sutton,6.502305287998397,6.470416528495734,5.197319465857722,8.654673824591072,2,3
E01004078,Sutton 011C,Sutton,3.933867482228075,4.659165833363161,0.0,6.240649418848994,1b,2
E01004079,Sutton 011D,Sutton,4.212402351980208,4.783228404731332,0.0,6.282390842335298,1b,2
E01004080,Sutton 011E,Sutton,6.611070531485259,6.301074433169487,2.816304007092337,10.696573141809948,2,3
E01004081,Sutton 011F,Sutton,5.009992454828528,4.770148867815703,3.905113073431218,7.360271683808111,2,3
E01004082,Sutton 011G,Sutton,5.701134761778141,5.758941052226357,2.700173055068735,9.276671621180848,2,3
E01004083,Sutton 019A,Sutton,3.937386774644191,4.179255740071579,0.0,6.148531494048179,1b,2
E01004084,Sutton 024A,Sutton,3.410517940103447,3.486799936335631,0.0,5.623038932115414,1b,2
E01004085,Sutton 024B,Sutton,1.628731422559682,0.0,0.0,5.836497758176355,1a,1
E01004086,Sutton 019B,Sutton,6.051662613039894,6.102476349501116,3.901543329293118,10.875992067933169,2,3
E01004087,Sutton 017A,Sutton,4.523717204338833,4.879952464113289,0.0,6.760883744142768,1b,2
E01004088,Sutton 019C,Sutton,3.467739410610948,3.946646922316615,0.0,6.251282715065519,1b,2
E01004089,Sutton 019D,Sutton,4.814092854917974,4.88810476459101,4.38362937230125,5.264483033734461,1b,2
E01004090,Sutton 021A,Sutton,8.719539651594777,8.842940926422111,4.85085856069396,10.189403863915867,2,3
E01004091,Sutton 022A,Sutton,3.742184781731162,2.87650519033488,0.0,8.44906691923435,1b,2
E01004092,Sutton 022B,Sutton,4.056907795048323,3.948019701575469,0.0,10.5095086062367,1b,2
E01004093,Sutton 025A,Sutton,3.232334282163388,3.134329214648167,0.0,9.212724427522232,1b,2
E01004094,Sutton 025B,Sutton,7.315891181906594,7.693789165944279,2.541228381530386,11.1558543344753,2,3
E01004095,Sutton 025C,Sutton,2.85037742551548,2.489900538765756,1.201853180757635,5.385789431657673,1b,2
E01004096,Sutton 021B,Sutton,6.497596766990003,5.78842119170441,3.693767564296139,12.675894601518715,2,3
E01004097,Sutton 015A,Sutton,7.558993386242397,7.183073839826562,3.14868681724574,20.89233155502352,2,3
E01004098,Sutton 015B,Sutton,7.410052381769428,7.552596069068954,4.627842639643754,12.639875019879751,2,3
E01004099,Sutton 015C,Sutton,9.767943237670302,10.298150069168685,1.56505742872727,15.255250685286445,2,3
E01004100,Sutton 015D,Sutton,7.886548923522905,7.640507652394555,4.682670515846933,11.59882884466936,2,3
E01004101,Sutton 013A,Sutton,5.597485709524816,5.194945861001441,3.834011800387017,9.550900640095016,2,3
E01004102,Sutton 015E,Sutton,9.03542821077553,10.578008346896569,2.304693685442458,13.383786646188346,2,3
E01004103,Sutton 013B,Sutton,5.952924852800732,6.136707445949607,4.353391146071277,7.738150070189362,2,3
E01004104,Sutton 020A,Sutton,6.040185127777435,5.961311610135864,2.414652447120393,10.046209407483255,2,3
E01004105,Sutton 022C,Sutton,6.282189795913045,6.701297858999368,1.243724263128544,8.67407860335249,2,3
E01004106,Sutton 022D,Sutton,2.503041754213395,2.393416197781466,0.0,7.144468326369344,1b,2
E01004107,Sutton 020B,Sutton,4.618897333045713,4.109498670014612,2.953501241651669,7.296176192808533,1b,2
E01004108,Sutton 024C,Sutton,0.72909952110676,0.0,0.0,6.031215488434323,1a,1
E01004109,Sutton 024D,Sutton,2.309329977051609,2.08339441057401,0.0,4.42072504639839,1a,1
E01004110,Sutton 016A,Sutton,7.239593272277824,7.63080187671051,3.587814350174718,10.621592432084014,2,3
E01004111,Sutton 016B,Sutton,5.108648401983738,5.516504949574763,0.0,10.106134414899078,2,3
E01004112,Sutton 016C,Sutton,4.80607384491243,4.390589861953083,1.341333821901677,9.390213544236506,1b,2
E01004114,Sutton 025D,Sutton,0.385160518324149,0.0,0.0,2.923138105229,1a,1
E01004115,Sutton 009A,Sutton,4.297388223001295,4.015193367339402,2.184566443153247,6.812786673548644,1b,2
E01004116,Sutton 008A,Sutton,3.347091429313572,1.938154892513983,0.0,7.26571225382486,1b,2
E01004117,Sutton 006A,Sutton,0.802086501682818,0.703387874528942,0.0,3.121193853233112,1a,1
E01004118,Sutton 009B,Sutton,8.57927668084197,8.908398832731976,5.438292591648349,10.824357073381782,2,3
E01004119,Sutton 009C,Sutton,6.817481798641482,6.748597596339409,3.694562817211554,10.624477145141292,2,3
E01004120,Sutton 016D,Sutton,5.076857722357278,5.725935342053132,0.0,7.882878269148991,2,3
E01004121,Sutton 006B,Sutton,5.945323765160615,5.947800776510986,1.416004583432613,9.593001370850534,2,3
E01004122,Sutton 008B,Sutton,3.747858862587993,3.557714602669261,0.0,8.553630116504237,1b,2
E01004123,Sutton 002A,Sutton,8.900633788791925,8.727719555217142,5.253938689337958,13.130823323852448,2,3
E01004124,Sutton 002B,Sutton,6.193884325084964,5.738030498058059,0.0,10.88524121825311,2,3
E01004125,Sutton 001A,Sutton,7.208201340932805,7.376424077488817,5.883897769687485,7.862969279018349,2,3
E01004126,Sutton 002C,Sutton,7.352333203405257,7.437892401295302,6.55719748460176,8.038892620241366,2,3
E01004127,Sutton 005A,Sutton,6.139764007118067,6.503550548412456,4.386652686924586,7.354008667785648,2,3
E01004128,Sutton 002D,Sutton,6.217836432921877,6.304703565511511,4.536164954384637,7.837285007683454,2,3
E01004129,Sutton 002E,Sutton,10.197698578158704,10.85119320893642,2.979264655934707,15.225390073343966,3,4
E01004130,Sutton 003A,Sutton,4.178298532453121,3.775524082506643,0.0,8.073847919403427,1b,2
E01004131,Sutton 003B,Sutton,5.112425697450758,5.62560975072507,2.249040735688217,7.316917329520578,2,3
E01004132,Sutton 009D,Sutton,4.791429785465291,5.35230576993402,2.007532048266441,7.639492134712028,1b,2
E01004133,Sutton 009E,Sutton,3.102325526586106,2.728974062834571,1.795456221268161,5.325864155464913,1b,2
E01004134,Sutton 003C,Sutton,6.543201109524086,6.246090569081067,5.170683189947527,8.661624297097342,2,3
E01004135,Sutton 003D,Sutton,4.58603758807919,4.628277424601322,2.226266451397536,7.185127701874583,1b,2
E01004136,Sutton 003E,Sutton,4.959711495554838,4.887771792792476,0.0,7.603884137030986,1b,2
E01004137,Sutton 012A,Sutton,22.97742864822716,22.82333388702344,15.024709404392013,26.926669269328457,5,6
E01004138,Sutton 013C,Sutton,7.788825851851046,5.768268595117446,5.257942008078033,19.703079206026715,2,3
E01004139,Sutton 013D,Sutton,13.403811545713252,10.929799709145067,4.812883968998565,24.005008299514344,3,4
E01004140,Sutton 012B,Sutton,18.974924015416622,18.135052277565386,13.911265470578924,26.649616246532965,4,5
E01004141,Sutton 012C,Sutton,10.870678908752248,13.313589110827731,5.47744440558124,16.69714267594046,3,4
E01004143,Sutton 014A,Sutton,14.90901971708404,15.325528364334462,5.786341148329055,18.369653798255868,3,4
E01004144,Sutton 007A,Sutton,9.10997747452832,9.01911863471404,0.0,16.96840020257626,2,3
E01004145,Sutton 007B,Sutton,7.515806615114577,6.62342198203365,4.568413437525684,13.577501626366086,2,3
E01004146,Sutton 007C,Sutton,15.486779037638788,15.378127011339432,6.17718745626247,23.230214416716056,4,5
E01004147,Sutton 007D,Sutton,3.34377950500811,2.554853133993595,1.238594608156116,12.830417263585892,1b,2
E01004148,Sutton 014B,Sutton,8.715897385648866,5.888080368827823,3.022299883714871,19.46110291841528,2,3
E01004149,Sutton 012E,Sutton,9.236024893077634,5.929871433982208,1.208658462796676,18.115321913137485,2,3
E01004150,Sutton 021C,Sutton,17.187061243978015,18.12674254151076,7.498791024784156,25.361209538152885,4,5
E01004151,Sutton 021D,Sutton,5.908160949248712,7.001564223342328,0.0,16.971987376821545,2,3
E01004152,Sutton 018A,Sutton,16.40186497328882,15.47799186398482,7.250924094508154,27.43059882596476,4,5
E01004153,Sutton 021E,Sutton,8.393657085804332,10.096075026347172,1.789815723238141,16.11293186057618,2,3
E01004154,Sutton 022E,Sutton,3.241794198701835,3.93945458838104,0.0,6.569964492082619,1b,2
E01004155,Sutton 018B,Sutton,8.060650579219597,5.906151001462828,1.850553029292785,16.785315770187076,2,3
E01004156,Sutton 018C,Sutton,19.139739916824645,21.117278355814168,7.053712180480368,28.03712136774297,4,5
E01004157,Sutton 016E,Sutton,8.217984854957948,8.134386828053326,4.333578271276644,11.263809628336212,2,3
E01004158,Sutton 018D,Sutton,7.908667321544439,8.082646511897314,2.147383877402858,19.74926048641804,2,3
E01004159,Sutton 014C,Sutton,5.335240775300656,5.029529748260772,1.483936066753247,14.338878312209005,2,3
E01004160,Sutton 014D,Sutton,6.516824827749562,6.582429529448,3.601581319939335,17.736445200000695,2,3
E01004161,Sutton 014E,Sutton,4.360551591901912,4.433342084349559,1.389551695601945,6.539001499684981,1b,2
E01004162,Sutton 018E,Sutton,17.536675538024788,18.90705270554408,4.880766560372567,23.194787264591827,4,5
E01004163,Sutton 005B,Sutton,5.233371490295711,4.98018795949433,3.915873997822637,8.652553532227813,2,3
E01004164,Sutton 004A,Sutton,7.692323497115896,7.943809432907981,3.570425904147708,12.553704257293752,2,3
E01004165,Sutton 005C,Sutton,9.843528866723693,10.556026920910483,4.88728756510745,12.404284373347116,2,3
E01004166,Sutton 004B,Sutton,7.054690832598841,6.913415999383817,3.318660193421233,11.939841445789837,2,3
E01004167,Sutton 005D,Sutton,5.560690457297243,5.444640936400458,4.20008779923625,7.814991651815789,2,3
E01004168,Sutton 013E,Sutton,4.446229199165215,4.047955647813356,2.626527771720869,8.808812208446293,1b,2
E01004169,Sutton 004C,Sutton,4.920754079875317,4.884300235936511,3.151286461628802,7.792487939086105,1b,2
E01004170,Sutton 017B,Sutton,13.039345617893948,12.641910930121687,9.472894817189744,16.94366890456857,3,4
E01004171,Sutton 010A,Sutton,7.432287433111449,7.523188452586254,2.245967322156048,13.88351507931212,2,3
E01004172,Sutton 010B,Sutton,11.619809730110282,12.098595231550735,7.425021961474187,15.078458183930826,3,4
E01004173,Sutton 010C,Sutton,5.54892732713223,5.172095250002622,0.0,11.67338466719742,2,3
E01004174,Sutton 017C,Sutton,11.173644416892468,11.402685690025722,6.2629639137372,15.18305591478302,3,4
E01004175,Sutton 010D,Sutton,6.010499264966547,6.191196004544219,2.00548710360246,10.029622926551038,2,3
E01004176,Sutton 010E,Sutton,11.875492106047076,12.354144001883746,6.392707783716586,15.937529398319557,3,4
E01004177,Sutton 020C,Sutton,13.471133939838476,13.194308698509555,7.780366069235338,16.53142919341048,3,4
E01004178,Sutton 017D,Sutton,12.654798765116704,13.812805547997147,4.467916837040763,17.40374504993845,3,4
E01004179,Sutton 017E,Sutton,8.11831894397835,6.092320368509101,4.284846225766691,14.8821343663221,2,3
E01004180,Sutton 020D,Sutton,4.497412264872763,3.586153255802411,0.0,13.586383163516732,1b,2
E01004181,Sutton 020E,Sutton,5.71474963294802,4.729383808208627,3.899821270541397,13.416154731671234,2,3
E01004182,Sutton 019E,Sutton,7.043529634750248,6.890074492804164,4.796191734022882,11.272145550357354,2,3
E01004183,Sutton 001B,Sutton,6.171636773553114,6.296941557940741,3.196939937809163,7.941446275196428,2,3
E01004184,Sutton 001C,Sutton,2.483502338407265,3.091729500937289,0.0,5.840699397464551,1a,1
E01004185,Sutton 001D,Sutton,4.715318309602496,3.731243200145316,0.0,11.702883465471874,1b,2
E01004186,Sutton 004D,Sutton,5.489984051197919,3.965110331092853,2.216876492711786,10.320582988392593,2,3
E01004187,Sutton 005E,Sutton,3.458275266394701,3.999213065231472,0.0,6.81667943949577,1b,2
E01004189,Sutton 001E,Sutton,4.850584679935309,5.300909871956684,0.0,8.51067265189961,1b,2
E01004190,Sutton 008C,Sutton,4.659808074794459,4.600491231148392,1.833092572157021,7.230159169263475,1b,2
E01004191,Sutton 008D,Sutton,8.524303208350249,8.407062421558313,5.518456360341377,11.629192198171967,2,3
E01004192,Sutton 006C,Sutton,2.369400007230312,2.043306651718834,0.0,7.545809429333448,1a,1
E01004193,Sutton 006D,Sutton,1.880963096447829,1.864269761010324,0.0,5.844926345672124,1a,1
E01004194,Sutton 008E,Sutton,3.792152051707533,3.267841900639852,1.539732419248303,7.569897302366028,1b,2
E01004195,Sutton 006E,Sutton,6.454063682776487,7.032940534278683,2.050806861802155,9.230284568467754,2,3
E01004196,Sutton 008F,Sutton,5.218028819735756,5.056015702490671,2.081662158070049,8.507547594390509,2,3
E01004198,Tower Hamlets 002B,Tower Hamlets,27.966550056901315,28.033011613919623,24.85553146983324,31.163583932074797,6a,7
E01004199,Tower Hamlets 002C,Tower Hamlets,27.766854597175264,27.753322558356285,25.742233427198613,29.856029484168825,6a,7
E01004200,Tower Hamlets 005A,Tower Hamlets,23.98101187896605,25.190478078221584,17.307244856071428,27.11969217507279,5,6
E01004201,Tower Hamlets 002D,Tower Hamlets,15.989368503796888,13.094789630840298,8.723427081619246,24.338061672450184,4,5
E01004202,Tower Hamlets 005B,Tower Hamlets,18.553004454106528,17.013528744488063,13.36412230329502,27.693617926654817,4,5
E01004203,Tower Hamlets 005C,Tower Hamlets,28.720637962886823,28.339738621206813,24.51289391851559,34.81831652515348,6a,7
E01004204,Tower Hamlets 005D,Tower Hamlets,19.54924434924911,20.125888464248916,15.536278134756028,22.049634943306405,4,5
E01004205,Tower Hamlets 013A,Tower Hamlets,33.00592979090492,33.75949086538356,21.729293288499694,42.2251141052542,6a,7
E01004206,Tower Hamlets 013B,Tower Hamlets,40.55860491498374,40.33956667484584,39.625224833942205,41.63430826719448,6b,8
E01004207,Tower Hamlets 011A,Tower Hamlets,29.766057236232797,30.116624747264417,18.704900197518214,37.87889606231428,6a,7
E01004208,Tower Hamlets 013C,Tower Hamlets,39.4703785640146,39.65765943986236,27.16141381354057,49.86038700733645,6a,7
E01004209,Tower Hamlets 011B,Tower Hamlets,37.908763627567616,40.61150350684861,25.322385887309583,44.9101257088648,6a,7
E01004211,Tower Hamlets 013D,Tower Hamlets,32.32335413570135,33.43959279516216,8.860475242395054,41.28650498410143,6a,7
E01004212,Tower Hamlets 011D,Tower Hamlets,37.46762967647216,41.582824027080136,21.201617682960272,43.948409829057134,6a,7
E01004214,Tower Hamlets 030A,Tower Hamlets,11.137114033345812,10.11551428576544,8.240941021705094,13.80623951277964,3,4
E01004216,Tower Hamlets 030B,Tower Hamlets,7.764397090905439,9.065407537553783,3.710105498279522,10.625323531463216,2,3
E01004217,Tower Hamlets 030C,Tower Hamlets,14.971320849913948,14.76109686305696,8.638989328693686,22.62083775412197,3,4
E01004218,Tower Hamlets 030D,Tower Hamlets,10.743033726142318,10.334363175412983,8.264152273764992,16.857357451180967,3,4
E01004219,Tower Hamlets 035B,Tower Hamlets,22.729316921858594,22.227487631784854,16.10890681710211,28.199913647757985,5,6
E01004221,Tower Hamlets 036A,Tower Hamlets,15.266465714021145,14.701450200522544,11.809580553232882,25.267030229868663,4,5
E01004222,Tower Hamlets 001A,Tower Hamlets,6.626541873532163,6.553328172158497,4.86854138623796,8.222002937218692,2,3
E01004223,Tower Hamlets 001B,Tower Hamlets,6.715264772215018,6.488413952359704,2.515612193847523,13.901452008961336,2,3
E01004226,Tower Hamlets 001D,Tower Hamlets,10.285335247695365,7.06477720016707,6.113339150462348,23.198497727709167,3,4
E01004228,Tower Hamlets 003A,Tower Hamlets,17.714798322663043,23.449812403019827,7.675308951898523,27.803221270526674,4,5
E01004229,Tower Hamlets 004C,Tower Hamlets,27.56747294267724,27.91915752864988,24.58696439255717,30.358627244038523,6a,7
E01004230,Tower Hamlets 003B,Tower Hamlets,26.71191108303365,26.5372559331834,22.384285826374636,31.886042280282325,6a,7
E01004231,Tower Hamlets 004D,Tower Hamlets,27.44279284049284,26.41433126629176,17.84613739313444,37.27623590942649,6a,7
E01004232,Tower Hamlets 003C,Tower Hamlets,32.00550566914302,31.4342668748548,27.305713371356628,36.6957842535089,6a,7
E01004233,Tower Hamlets 003D,Tower Hamlets,6.500165509931636,7.173102361774966,4.129446287857494,8.54005273947681,2,3
E01004234,Tower Hamlets 003E,Tower Hamlets,7.810852974721597,7.95962774089431,3.63687240158794,24.91423559367457,2,3
E01004235,Tower Hamlets 008A,Tower Hamlets,24.840270904416144,25.07643453816255,23.389542555907795,25.775426615250193,5,6
E01004236,Tower Hamlets 008B,Tower Hamlets,23.23300769808364,23.448739633485552,20.184213884760737,24.631968031192855,5,6
E01004237,Tower Hamlets 008C,Tower Hamlets,25.62700824180501,25.573433633510486,22.620206502695304,28.64616022310083,6a,7
E01004239,Tower Hamlets 008E,Tower Hamlets,20.214376753786325,20.054591694019603,17.4079023735725,23.43329470953292,5,6
E01004240,Tower Hamlets 012A,Tower Hamlets,13.632355075714948,14.09613646917785,7.413518469421062,18.266687285740822,3,4
E01004241,Tower Hamlets 012B,Tower Hamlets,13.411604471289689,11.356378928488624,7.86462569409815,23.254690935728608,3,4
E01004243,Tower Hamlets 020A,Tower Hamlets,14.612795262836828,14.432785022912665,12.017872675181223,16.835189018191357,3,4
E01004244,Tower Hamlets 020B,Tower Hamlets,19.946200216431123,18.10408881070837,12.398847131907107,27.379042162414628,4,5
E01004245,Tower Hamlets 018A,Tower Hamlets,11.02806316731041,12.166336377738734,0.0,27.310116999327803,3,4
E01004247,Tower Hamlets 020C,Tower Hamlets,20.40879133087377,19.425179965412713,16.647957266437203,25.693593310410083,5,6
E01004248,Tower Hamlets 018C,Tower Hamlets,13.409399249626926,15.43651787335332,2.021615068557962,16.402241919419804,3,4
E01004249,Tower Hamlets 018D,Tower Hamlets,10.042560172020924,10.798562236875792,1.931252661878345,15.637363670083658,3,4
E01004251,Tower Hamlets 023A,Tower Hamlets,24.44971127219487,25.16081222208411,18.562676134299352,27.205218189612644,5,6
E01004255,Tower Hamlets 023C,Tower Hamlets,34.05309372868543,33.50902464269781,24.97870526650536,45.72465949380335,6a,7
E01004256,Tower Hamlets 024C,Tower Hamlets,29.416154821877807,28.77088113310445,21.42058067833491,36.09052729224965,6a,7
E01004257,Tower Hamlets 024D,Tower Hamlets,25.030969648299543,24.9032161468428,20.136338865608096,31.059843592233907,6a,7
E01004258,Tower Hamlets 023D,Tower Hamlets,22.928128015407115,23.00926281252027,13.35129983544892,29.455696125371684,5,6
E01004259,Tower Hamlets 007A,Tower Hamlets,27.71690775215773,28.146791815721745,20.42353817668365,33.573829281062004,6a,7
E01004260,Tower Hamlets 007B,Tower Hamlets,21.33962045258658,20.82949049612153,17.975005641208465,27.544695041381217,5,6
E01004263,Tower Hamlets 007C,Tower Hamlets,19.223342005565947,16.63960986135761,15.167857070642311,25.88762107769456,4,5
E01004264,Tower Hamlets 010C,Tower Hamlets,25.957139157828845,26.46262755865561,22.29209663102511,28.75513614521384,6a,7
E01004266,Tower Hamlets 007D,Tower Hamlets,22.124751079335343,21.992964615473575,18.787774514849723,24.934055320088493,5,6
E01004267,Tower Hamlets 012D,Tower Hamlets,23.814643700377,23.94209763596652,15.07983554754298,34.42806853381407,5,6
E01004268,Tower Hamlets 012E,Tower Hamlets,28.2356160618414,27.322818816847796,27.10299133623408,31.19383527743592,6a,7
E01004270,Tower Hamlets 014B,Tower Hamlets,28.33169344501968,29.060231972539604,8.592461975643145,37.349348803104526,6a,7
E01004271,Tower Hamlets 014C,Tower Hamlets,21.832799080282623,23.007658064886847,7.88880768125115,24.8659336182656,5,6
E01004272,Tower Hamlets 014D,Tower Hamlets,10.411056331436566,10.57622684477097,7.758107223947205,12.051879417589706,3,4
E01004274,Tower Hamlets 031A,Tower Hamlets,11.614059989730602,11.675207202162564,10.487918994581827,12.765138343403803,3,4
E01004275,Tower Hamlets 031B,Tower Hamlets,14.048272043094636,13.467800705419346,11.677396607432724,19.00794374117456,3,4
E01004276,Tower Hamlets 031C,Tower Hamlets,11.750709947953093,11.49075047997777,9.927008424425726,15.115104502226773,3,4
E01004277,Tower Hamlets 033A,Tower Hamlets,33.713040581207416,33.16818268690287,19.04606019926872,47.64653198098617,6a,7
E01004280,Tower Hamlets 032A,Tower Hamlets,8.94223188302151,7.552510462179749,5.297361327740433,13.523496835696491,2,3
E01004281,Tower Hamlets 031D,Tower Hamlets,14.707222825726449,14.933206090576462,10.438530057026949,22.716510471175106,3,4
E01004283,Tower Hamlets 016A,Tower Hamlets,23.9753516671805,25.51531486180833,15.489146696803932,29.1708700071226,5,6
E01004286,Tower Hamlets 019C,Tower Hamlets,27.445347934096024,27.44293483802839,21.69211775705863,35.74251165979893,6a,7
E01004287,Tower Hamlets 016B,Tower Hamlets,24.75611931734665,27.400070923679177,6.664686949946675,31.52742605743977,5,6
E01004288,Tower Hamlets 019D,Tower Hamlets,26.716060024515013,26.866723928144992,22.670301591331743,30.30344363819038,6a,7
E01004289,Tower Hamlets 016C,Tower Hamlets,24.441957514237743,24.907983344115767,20.267316046994928,26.82672258519188,5,6
E01004290,Tower Hamlets 016D,Tower Hamlets,24.574890882322336,23.59405926531709,16.19006289798589,40.156579527692976,5,6
E01004291,Tower Hamlets 027A,Tower Hamlets,12.837379550783014,11.713151759957576,8.629142471234973,18.501570697340718,3,4
E01004292,Tower Hamlets 026A,Tower Hamlets,11.744783331535112,12.750163312402377,7.789992189200326,17.877682769559073,3,4
E01004293,Tower Hamlets 027B,Tower Hamlets,25.058999005918224,23.488875195906143,3.784321006265155,65.89456729927626,6a,7
E01004295,Tower Hamlets 026C,Tower Hamlets,20.797243597040445,21.484771199550583,14.766198544370193,25.55038935155552,5,6
E01004296,Tower Hamlets 026D,Tower Hamlets,19.46814611308284,18.396020469492804,15.318415242195083,28.66248773817799,4,5
E01004297,Tower Hamlets 027C,Tower Hamlets,16.811564399838236,16.96729133575959,13.829462452485584,23.14372458332274,4,5
E01004298,Tower Hamlets 022A,Tower Hamlets,29.01073748510897,27.684784429275407,20.225825166415788,40.55754002240006,6a,7
E01004300,Tower Hamlets 022B,Tower Hamlets,26.270739102880015,26.763206215531028,22.236839915116494,29.31970406534153,6a,7
E01004301,Tower Hamlets 025B,Tower Hamlets,29.97396140458844,29.23800613426688,22.11420595268332,43.04826315680896,6a,7
E01004302,Tower Hamlets 025C,Tower Hamlets,31.429481731198745,30.885282447304775,28.249949461942222,35.15321328434924,6a,7
E01004303,Tower Hamlets 025D,Tower Hamlets,22.260316011467257,23.815266552270582,13.919137392521858,28.509885428517585,5,6
E01004304,Tower Hamlets 022C,Tower Hamlets,30.705425673836245,33.30866249423342,20.513277496348557,36.867287941440814,6a,7
E01004305,Tower Hamlets 022D,Tower Hamlets,26.53911222756594,26.70243378400308,24.538633288130427,28.247379115322587,6a,7
E01004306,Tower Hamlets 015A,Tower Hamlets,45.436213188429605,57.5508019683204,13.829698890251322,66.34183890180478,6b,8
E01004307,Tower Hamlets 015B,Tower Hamlets,70.12165382498299,70.86114661742147,24.643402203072988,91.92640857598457,6b,8
E01004308,Tower Hamlets 015C,Tower Hamlets,26.18655784185444,26.261605336104907,23.131706851555457,30.301587668665785,6a,7
E01004309,Tower Hamlets 015D,Tower Hamlets,43.30983672266821,39.2471389348613,25.335599533116017,83.61310204427758,6b,8
E01004310,Tower Hamlets 015E,Tower Hamlets,83.74749597687453,85.19584611593635,71.73035523324955,91.4961049118714,6b,8
E01004311,Tower Hamlets 006A,Tower Hamlets,20.994882784051487,20.118596168453713,15.218603358722902,32.81716592803436,5,6
E01004312,Tower Hamlets 009A,Tower Hamlets,12.048642220972251,12.02744454637912,10.481800168963057,13.4869278329316,3,4
E01004313,Tower Hamlets 009B,Tower Hamlets,20.448932788607365,21.97657443041197,10.317229747321988,25.972191688469195,5,6
E01004315,Tower Hamlets 006C,Tower Hamlets,22.63346437907904,21.257173142793132,17.016663355685566,32.79662108647943,5,6
E01004316,Tower Hamlets 009C,Tower Hamlets,34.31876640791768,25.64100231055269,20.662393111211827,72.67072803809846,6a,7
E01004319,Tower Hamlets 021A,Tower Hamlets,26.578525613764928,24.968192826662047,21.59280658487304,36.97194066694812,6a,7
E01004321,Tower Hamlets 021C,Tower Hamlets,37.63286512324358,37.24838063879668,32.857334544642384,41.502312400599,6a,7
E01004322,Tower Hamlets 017A,Tower Hamlets,43.31489702496963,42.82375657964562,35.130148457871606,56.56939321672593,6b,8
E01004323,Tower Hamlets 017B,Tower Hamlets,38.77738896708014,37.54118178171653,31.965940125992685,44.584472954965136,6a,7
E01004324,Tower Hamlets 017C,Tower Hamlets,28.6572257706434,28.83939534617293,25.800743666450494,31.83216241426676,6a,7
E01004326,Tower Hamlets 017D,Tower Hamlets,37.58956970530478,38.42094854958362,33.417050864289905,39.72709077106444,6a,7
E01004327,Waltham Forest 028A,Waltham Forest,6.124212541880832,6.466198525842666,3.204788291691674,8.04442290496533,2,3
E01004328,Waltham Forest 028B,Waltham Forest,8.60627301941004,8.34448962236516,7.095428690895741,10.24114473514692,2,3
E01004329,Waltham Forest 028C,Waltham Forest,4.450365854692273,4.223770112227864,3.824197578610828,7.174765144951871,1b,2
E01004330,Waltham Forest 028D,Waltham Forest,6.513971727326993,6.180994329177,5.895784982479114,7.993584857926259,2,3
E01004331,Waltham Forest 028E,Waltham Forest,6.677026561525729,6.733482949000593,3.607207876889888,8.837479584073456,2,3
E01004332,Waltham Forest 028F,Waltham Forest,7.790400967449903,6.854273669787347,4.744350486093287,13.218638466373353,2,3
E01004333,Waltham Forest 024A,Waltham Forest,13.402130638539214,15.502538457978163,5.576510597408208,20.063147897379,3,4
E01004334,Waltham Forest 024B,Waltham Forest,8.464273944634176,7.373513017504449,5.36939280231906,16.91977363455013,2,3
E01004335,Waltham Forest 027A,Waltham Forest,11.124401202455504,9.149795732211771,6.272767915494642,16.410141963362296,3,4
E01004336,Waltham Forest 026A,Waltham Forest,19.60563137619575,20.124854692333468,8.46815607983093,28.96224743890025,4,5
E01004337,Waltham Forest 027B,Waltham Forest,18.430755730699317,18.94379525856624,9.377800309058664,20.91217424369326,4,5
E01004338,Waltham Forest 027C,Waltham Forest,20.39355920017219,20.693493778843628,16.50634655609857,23.70883282818324,5,6
E01004339,Waltham Forest 027D,Waltham Forest,15.084973981482886,16.812750372541423,6.983152369306923,17.67788586007049,4,5
E01004340,Waltham Forest 027E,Waltham Forest,11.474525209179255,11.367916548275716,2.862382091754089,21.412929315172512,3,4
E01004341,Waltham Forest 027F,Waltham Forest,9.00056984868622,8.79242387322868,4.650905006699673,14.884428561760714,2,3
E01004342,Waltham Forest 011A,Waltham Forest,8.346252082578461,8.873745464833203,0.0,13.567434011111953,2,3
E01004343,Waltham Forest 008A,Waltham Forest,6.18815243394651,5.74789613875962,1.729235376511478,8.790257129540269,2,3
E01004344,Waltham Forest 008B,Waltham Forest,8.653012200363374,9.330435216391743,1.719889605661462,14.732953823106271,2,3
E01004345,Waltham Forest 010A,Waltham Forest,6.354801998855304,5.39630392416441,4.174193327081405,10.131576459437406,2,3
E01004346,Waltham Forest 011B,Waltham Forest,9.194077861760055,9.872021949510094,4.149622153861939,13.18530082302724,2,3
E01004347,Waltham Forest 011C,Waltham Forest,8.533758553734573,7.810047769538591,4.43199749021216,14.473006658829624,2,3
E01004348,Waltham Forest 010B,Waltham Forest,8.175085126114963,7.53877050421506,3.97066548298849,12.636674382575777,2,3
E01004349,Waltham Forest 001A,Waltham Forest,2.695736731068574,3.285454697636753,0.0,4.75616362458264,1b,2
E01004350,Waltham Forest 001B,Waltham Forest,4.202759362590351,4.220875931485496,2.828499492698241,5.880848852717599,1b,2
E01004351,Waltham Forest 001C,Waltham Forest,4.540359350080704,3.438676499257643,1.886846853550183,13.347264018064134,1b,2
E01004352,Waltham Forest 002A,Waltham Forest,4.628413140427464,1.836005033984157,0.0,16.438722910074112,1b,2
E01004353,Waltham Forest 002B,Waltham Forest,5.749626418616521,4.519115904292203,0.0,13.064136099795308,2,3
E01004354,Waltham Forest 002C,Waltham Forest,12.597865620054202,12.682978963082908,9.107313202682604,16.543549213206436,3,4
E01004355,Waltham Forest 004A,Waltham Forest,3.681055929512688,3.900869270372673,0.0,5.511357710189802,1b,2
E01004356,Waltham Forest 001D,Waltham Forest,3.422410635598508,3.531752925952442,0.0,6.479164790728017,1b,2
E01004357,Waltham Forest 001E,Waltham Forest,4.918733273794238,4.771589994485902,3.46611748642011,9.76194868315662,1b,2
E01004358,Waltham Forest 002D,Waltham Forest,6.463916801225912,5.245023931953398,3.237487288403987,13.205877037661445,2,3
E01004359,Waltham Forest 002E,Waltham Forest,8.176426885397918,8.858383279447198,1.939228184313846,13.746249772984456,2,3
E01004360,Waltham Forest 004B,Waltham Forest,4.079533432914038,3.54674915188104,2.055381004332802,6.818180668156478,1b,2
E01004361,Waltham Forest 005A,Waltham Forest,3.989376614755071,4.49507232437967,0.0,8.526407332325737,1b,2
E01004362,Waltham Forest 021A,Waltham Forest,6.791565766568611,6.195960161288105,1.382082187348755,18.94090025686377,2,3
E01004363,Waltham Forest 019A,Waltham Forest,12.50771140512718,12.316984865796693,5.115424183609168,20.91272104098401,3,4
E01004364,Waltham Forest 019B,Waltham Forest,14.361199886728098,15.235149124860074,4.014317011984338,20.60166342390425,3,4
E01004365,Waltham Forest 020A,Waltham Forest,20.852953557110343,20.58165750068436,16.12807345489553,29.184930335119088,5,6
E01004366,Waltham Forest 019C,Waltham Forest,8.368001608498968,7.938259309644129,5.243628985566641,15.423512890198154,2,3
E01004367,Waltham Forest 019D,Waltham Forest,13.405849299488136,14.172906307715484,9.445663184594885,17.99957223630816,3,4
E01004368,Waltham Forest 019E,Waltham Forest,10.402007034597323,10.400994265916614,8.946422009990235,11.51704831094748,3,4
E01004369,Waltham Forest 023A,Waltham Forest,9.535238976108232,10.169828901898663,5.010877000126099,11.843549054109271,2,3
E01004370,Waltham Forest 023B,Waltham Forest,7.426707250233916,8.22782633113967,0.0,10.599993069634865,2,3
E01004371,Waltham Forest 025A,Waltham Forest,10.872525544143624,12.378527827861944,3.777519653608246,18.438268967868872,3,4
E01004372,Waltham Forest 023C,Waltham Forest,5.940601025103338,4.190483038850669,3.170894519871712,16.205451492812756,2,3
E01004373,Waltham Forest 025B,Waltham Forest,16.662948030908417,18.395176222997332,9.868636732040745,21.695379017461622,4,5
E01004374,Waltham Forest 025C,Waltham Forest,13.688271164092065,14.952375688172156,4.667029374284312,21.21384945694648,3,4
E01004375,Waltham Forest 025D,Waltham Forest,19.32790532752901,18.870618696712008,12.874550803696009,26.4076233244496,4,5
E01004376,Waltham Forest 025E,Waltham Forest,22.93619205301211,22.282956190485077,20.29537397640769,27.151731342579374,5,6
E01004377,Waltham Forest 010C,Waltham Forest,2.73663918056265,3.09583342571223,0.0,5.908313123308623,1b,2
E01004378,Waltham Forest 010D,Waltham Forest,5.976359983915013,6.1557711912168,3.644221012919314,9.48846051076976,2,3
E01004379,Waltham Forest 007A,Waltham Forest,7.488138941378014,7.799576809731089,1.77197550999576,9.327966269665572,2,3
E01004380,Waltham Forest 007B,Waltham Forest,2.578404021653855,1.912175908137447,0.0,8.31493178388323,1b,2
E01004381,Waltham Forest 007C,Waltham Forest,7.809095250552761,7.896572771643198,4.112693292808596,10.738064775520549,2,3
E01004382,Waltham Forest 008C,Waltham Forest,6.242976970907193,5.408470105881074,1.856969015589677,10.757037319629989,2,3
E01004383,Waltham Forest 007D,Waltham Forest,5.493534953053925,6.271518094615752,0.0,7.544242154749517,2,3
E01004384,Waltham Forest 003A,Waltham Forest,6.089788788148847,5.869991654212867,3.899012715582006,8.899742014760083,2,3
E01004385,Waltham Forest 003B,Waltham Forest,3.408416813150676,4.179690785458218,0.0,7.100003310433197,1b,2
E01004386,Waltham Forest 003C,Waltham Forest,4.487253057131002,5.061032453152595,1.783377536337707,8.469518300112156,1b,2
E01004387,Waltham Forest 007E,Waltham Forest,3.59272135143626,4.132095221893113,0.0,7.008432032909512,1b,2
E01004388,Waltham Forest 007F,Waltham Forest,5.83704478467164,6.229203831493771,0.0,9.57696369599504,2,3
E01004389,Waltham Forest 003D,Waltham Forest,5.129460415289012,4.657192197371637,2.101887813160444,12.235840499856986,2,3
E01004390,Waltham Forest 003E,Waltham Forest,3.93330854683349,3.919550429934962,0.0,6.926932604387787,1b,2
E01004391,Waltham Forest 014A,Waltham Forest,8.108133613984615,8.713404181253695,0.0,26.575577951789757,2,3
E01004392,Waltham Forest 017A,Waltham Forest,16.50799751618334,16.50084664533982,6.649279619667714,30.22846195065384,4,5
E01004393,Waltham Forest 014B,Waltham Forest,16.433421696177692,16.184989162894986,12.08189092359393,21.11377645591965,4,5
E01004394,Waltham Forest 017B,Waltham Forest,15.587821385871726,15.502222963607508,10.477316148147462,21.595863490621394,4,5
E01004395,Waltham Forest 018A,Waltham Forest,0.66389837411722,0.0,0.0,13.75064660357666,1a,1
E01004396,Waltham Forest 012A,Waltham Forest,13.199788664529695,13.183378954804992,10.187761088550328,18.14040527902608,3,4
E01004397,Waltham Forest 017C,Waltham Forest,27.61557351595191,29.092300009729925,13.261949245665036,39.52698120317908,6a,7
E01004398,Waltham Forest 009A,Waltham Forest,3.637009566237061,4.088280399727651,0.0,8.816581760529697,1b,2
E01004399,Waltham Forest 009B,Waltham Forest,2.904981336106682,2.518259192081539,0.0,7.941488939675793,1b,2
E01004400,Waltham Forest 009C,Waltham Forest,6.574130645051961,6.57577074846956,4.743168266827142,8.194131464378826,2,3
E01004401,Waltham Forest 014C,Waltham Forest,6.508523795429351,5.652227515812314,0.0,19.251865764672512,2,3
E01004402,Waltham Forest 009D,Waltham Forest,4.358100094373905,4.68286650069045,0.0,6.453158590514989,1b,2
E01004403,Waltham Forest 009E,Waltham Forest,7.150360001385557,6.484095663272345,3.420636325593665,14.827171706792488,2,3
E01004404,Waltham Forest 014D,Waltham Forest,6.194088248152871,5.439452313651496,4.042772732072945,9.27796570473276,2,3
E01004405,Waltham Forest 020B,Waltham Forest,18.658968755862617,18.717616503607633,15.669397712835144,24.024021622818314,4,5
E01004406,Waltham Forest 016A,Waltham Forest,25.045339697041495,23.559982727918776,19.69986996279281,33.23462354430111,6a,7
E01004407,Waltham Forest 013A,Waltham Forest,10.626316325376154,10.645010194828664,6.917945051337105,13.514256939424303,3,4
E01004408,Waltham Forest 016B,Waltham Forest,13.939585103299876,14.275776010078824,11.497113796635793,15.94968043936422,3,4
E01004409,Waltham Forest 016C,Waltham Forest,23.173397591093558,25.7454898174933,9.639704884937174,33.01202589794572,5,6
E01004410,Waltham Forest 013B,Waltham Forest,10.96444792023454,10.522329990137376,5.566690990946079,18.53806385384319,3,4
E01004411,Waltham Forest 016D,Waltham Forest,31.107800841475207,31.667341488524468,20.108634887031407,36.64592472517525,6a,7
E01004412,Waltham Forest 015A,Waltham Forest,17.084278557814834,17.846727599410645,10.873429167505098,23.261223042924957,4,5
E01004413,Waltham Forest 004C,Waltham Forest,6.715750908702473,6.632317906963374,5.366687963864247,8.550212210249587,2,3
E01004414,Waltham Forest 005B,Waltham Forest,8.229790140105584,9.163487623857153,3.776229541578544,13.759530516503377,2,3
E01004415,Waltham Forest 004D,Waltham Forest,4.836918806915093,4.34350562735133,0.0,9.97585816397511,1b,2
E01004416,Waltham Forest 004E,Waltham Forest,4.956034455958296,5.730073832485157,0.0,8.817355663928554,1b,2
E01004417,Waltham Forest 005C,Waltham Forest,8.062497185884627,8.139665234054782,0.0,14.548637361408144,2,3
E01004418,Waltham Forest 008D,Waltham Forest,8.03045379833791,8.455001727133638,0.0,10.758222674971924,2,3
E01004419,Waltham Forest 008E,Waltham Forest,8.765939185579084,9.530094569712372,0.0,14.332910387945647,2,3
E01004420,Waltham Forest 020C,Waltham Forest,18.307134836411088,18.156804805307157,14.552681756991555,23.582044956958683,4,5
E01004421,Waltham Forest 018B,Waltham Forest,9.403787818146936,8.16638803383528,7.122875126824112,15.504430457110653,2,3
E01004422,Waltham Forest 022A,Waltham Forest,5.286070728151683,5.902408225895506,0.0,11.102416320119149,2,3
E01004423,Waltham Forest 020D,Waltham Forest,10.683888357786884,8.646118427619113,4.460996467876935,18.252812657224325,3,4
E01004424,Waltham Forest 022B,Waltham Forest,7.624418854578356,8.423564129430504,3.622023290228277,11.167478584425767,2,3
E01004425,Waltham Forest 022C,Waltham Forest,8.160578545219556,8.221419109307469,0.0,13.790989941402588,2,3
E01004426,Waltham Forest 022D,Waltham Forest,7.309712580904586,7.457449830166357,4.778843924260135,8.893869878551266,2,3
E01004427,Waltham Forest 022E,Waltham Forest,6.397287247278227,6.885939888484046,0.0,12.137842914293328,2,3
E01004428,Waltham Forest 026B,Waltham Forest,6.073872326723842,5.418318209308941,3.675488759109019,9.101605505866186,2,3
E01004429,Waltham Forest 026C,Waltham Forest,5.552684316948318,4.098030847531686,0.0,20.28116584126404,2,3
E01004430,Waltham Forest 026D,Waltham Forest,14.392314090153256,17.21289530416084,3.321631694662065,25.601429261269207,3,4
E01004432,Waltham Forest 023D,Waltham Forest,9.541041856377683,9.33894546539538,6.279973413509485,16.188570069619775,2,3
E01004434,Waltham Forest 026E,Waltham Forest,4.771816569925438,4.759261046529232,0.0,10.612013140991682,1b,2
E01004435,Waltham Forest 023E,Waltham Forest,11.254922032248594,10.555112567668305,6.811219498352662,21.139529415553454,3,4
E01004436,Waltham Forest 021B,Waltham Forest,14.807100353743666,16.21937166984222,3.144797627488143,22.53634593852641,3,4
E01004437,Waltham Forest 021C,Waltham Forest,12.342860575181309,10.638665747429958,5.522818657752634,18.590495263977267,3,4
E01004438,Waltham Forest 024C,Waltham Forest,22.112493262380276,22.462557042730655,16.5612737899927,31.56370424363853,5,6
E01004439,Waltham Forest 021D,Waltham Forest,16.062273303111695,16.06485447548108,6.967276876379474,23.854010011371344,4,5
E01004440,Waltham Forest 024D,Waltham Forest,20.688807773663928,20.213801510123307,14.883932200057068,27.922111253846207,5,6
E01004441,Waltham Forest 024E,Waltham Forest,19.144022622373207,19.403839028139835,13.708971057156528,23.943007563537495,4,5
E01004442,Waltham Forest 021E,Waltham Forest,12.05140581431962,13.11051610497966,2.116833297396247,23.03195530212101,3,4
E01004443,Waltham Forest 016E,Waltham Forest,32.09348030414497,32.14785236123463,23.6799715495118,43.148687104479926,6a,7
E01004444,Waltham Forest 017D,Waltham Forest,17.30330868557939,17.853729533690927,11.200660076198483,20.77155318462792,4,5
E01004445,Waltham Forest 018C,Waltham Forest,14.855374702127833,17.07791800740894,1.685640443304361,22.87898797899592,3,4
E01004446,Waltham Forest 017E,Waltham Forest,13.009977094056609,12.629721437538969,10.020971321547933,15.903632760667657,3,4
E01004447,Waltham Forest 016F,Waltham Forest,14.460408496537848,16.53908034786007,1.700246537625524,20.63515296794383,3,4
E01004448,Waltham Forest 018D,Waltham Forest,4.631172250675747,3.620349533428934,0.0,14.14266068950708,1b,2
E01004449,Waltham Forest 018E,Waltham Forest,6.953425178165111,6.853260297626925,1.498980638842529,11.876757983411798,2,3
E01004450,Waltham Forest 006A,Waltham Forest,3.456332502516401,2.746774928209574,1.973701138472425,8.85721803143802,1b,2
E01004451,Waltham Forest 005D,Waltham Forest,5.891163289800026,6.893893801238084,0.0,11.606340076193504,2,3
E01004452,Waltham Forest 005E,Waltham Forest,9.836579966748356,9.84540906669401,2.376606103782746,15.052488282912726,2,3
E01004453,Waltham Forest 006B,Waltham Forest,4.134025620337975,4.214154315675939,0.0,8.149151131260407,1b,2
E01004454,Waltham Forest 006C,Waltham Forest,8.24498652905321,8.211076347542312,3.665755450587343,12.40285259252336,2,3
E01004455,Waltham Forest 006D,Waltham Forest,9.40698717095805,9.31179717101088,3.097686179679278,15.725230462136684,2,3
E01004456,Waltham Forest 006E,Waltham Forest,3.222812104565856,3.827827267169037,0.0,8.921228568265805,1b,2
E01004457,Waltham Forest 012B,Waltham Forest,7.509606145575196,5.923043649088298,2.674081616870906,17.641635756741465,2,3
E01004458,Waltham Forest 012C,Waltham Forest,10.046348660579172,10.793944684873676,5.680411753241153,14.354416445574916,3,4
E01004459,Waltham Forest 012D,Waltham Forest,4.317086686329418,4.706599210780477,0.0,10.8601419166443,1b,2
E01004460,Waltham Forest 011D,Waltham Forest,12.135802731012792,11.567443500579731,9.510696803201167,18.166248697658663,3,4
E01004462,Waltham Forest 011E,Waltham Forest,9.303188709930918,8.3220344658396,2.583770213076614,26.841160591333846,2,3
E01004463,Waltham Forest 012E,Waltham Forest,6.359304698259848,6.392619642774748,2.128332899853049,12.227273973608796,2,3
E01004464,Waltham Forest 013C,Waltham Forest,8.517802584093465,8.364454711988461,5.413815494967785,10.50703282664527,2,3
E01004465,Waltham Forest 015B,Waltham Forest,12.851064822910212,13.222160960366336,5.302279568049872,16.012535787292773,3,4
E01004466,Waltham Forest 015C,Waltham Forest,10.846916419216225,12.699074212354002,3.276658452113513,14.693276592274882,3,4
E01004467,Waltham Forest 015D,Waltham Forest,13.02680009721826,14.207294980985711,5.904594027043396,17.50088013229133,3,4
E01004468,Waltham Forest 015E,Waltham Forest,4.798271637147259,4.201826835785541,0.0,13.40944168376269,1b,2
E01004469,Waltham Forest 013D,Waltham Forest,6.716816537151628,6.75514290148044,3.260439666303166,10.032438573684397,2,3
E01004470,Waltham Forest 013E,Waltham Forest,9.787546386216793,9.915672992144543,8.305597582454608,10.929776086282216,2,3
E01004471,Waltham Forest 013F,Waltham Forest,7.785188341453049,7.935395997739764,5.61692225262622,9.612333722071677,2,3
E01004472,Wandsworth 021A,Wandsworth,17.071174980489346,17.87959133805684,12.782299824992704,21.35451905531817,4,5
E01004473,Wandsworth 026A,Wandsworth,18.52073449691481,18.44079787787376,17.023213009024612,21.30666978273088,4,5
E01004474,Wandsworth 021B,Wandsworth,22.061087787851378,21.411157211552567,19.29150400265963,27.228150244077167,5,6
E01004475,Wandsworth 026B,Wandsworth,18.673141632773003,18.178057552395764,14.076767867167472,23.038909975389256,4,5
E01004476,Wandsworth 021C,Wandsworth,17.60682953050621,17.217700685087788,12.982821460962496,22.235040627448296,4,5
E01004477,Wandsworth 017A,Wandsworth,10.219572629255508,8.643539745708162,7.203281006515208,15.484850975049207,3,4
E01004478,Wandsworth 017B,Wandsworth,5.34407465233393,4.004056832142776,3.206511415328607,8.476603449265571,2,3
E01004479,Wandsworth 017C,Wandsworth,8.369904079019774,7.180220324441226,3.308831351170847,17.436671289164433,2,3
E01004480,Wandsworth 026C,Wandsworth,17.046937625426256,16.96960308808764,13.633183983644978,22.161287463839983,4,5
E01004481,Wandsworth 029A,Wandsworth,20.016649938502,19.78502805488763,16.600120413167264,25.83131431018032,5,6
E01004482,Wandsworth 030A,Wandsworth,13.263164422261726,13.395628924946603,10.250502569840108,17.52772843831345,3,4
E01004483,Wandsworth 026D,Wandsworth,6.530757348306115,5.716714228314074,4.098187918775257,16.815735288855702,2,3
E01004484,Wandsworth 026E,Wandsworth,9.092224801788683,11.124027746077235,0.0,21.830038627239134,2,3
E01004485,Wandsworth 030B,Wandsworth,18.47687023294096,19.062062629092345,9.695866664472144,23.309036470837565,4,5
E01004486,Wandsworth 026F,Wandsworth,4.46590079659365,4.253198192578231,1.654826717370499,12.012448276886095,1b,2
E01004487,Wandsworth 030C,Wandsworth,9.9767737644998,11.750654913488338,2.015848392626994,17.62680636185318,2,3
E01004488,Wandsworth 029B,Wandsworth,15.508872225109462,15.126317596507317,9.896612050616394,21.624019285329965,4,5
E01004489,Wandsworth 030D,Wandsworth,11.315564574494044,11.086795149219508,4.679443246878033,16.489322791498317,3,4
E01004490,Wandsworth 031A,Wandsworth,10.92133347664851,11.589086159483127,6.840774205966109,14.711082042041172,3,4
E01004491,Wandsworth 031B,Wandsworth,6.569253330448422,7.169396544501833,2.205910658638364,10.976405278969713,2,3
E01004492,Wandsworth 031C,Wandsworth,7.761450085559299,8.300147434793399,0.0,13.878759608030007,2,3
E01004493,Wandsworth 019A,Wandsworth,8.55117043118309,9.225910273189536,4.378927284660661,12.300316562509588,2,3
E01004494,Wandsworth 018A,Wandsworth,6.817453356971604,6.760102227213545,5.383881955510698,8.69323435036039,2,3
E01004495,Wandsworth 024A,Wandsworth,10.045764245501054,11.109390134346684,4.32373217277055,12.269779433750942,3,4
E01004496,Wandsworth 024B,Wandsworth,12.73840857335824,12.673819744579486,11.613371808680023,13.90848576949264,3,4
E01004497,Wandsworth 024C,Wandsworth,9.536627200678756,10.73954103314296,2.187063404077637,11.857833850120732,2,3
E01004498,Wandsworth 031D,Wandsworth,12.568931652389432,12.553724441162805,11.198181713856624,13.460161864297,3,4
E01004499,Wandsworth 020A,Wandsworth,11.905721624908226,10.896817607121086,8.95523941428546,17.064243131726805,3,4
E01004500,Wandsworth 014A,Wandsworth,20.1348803865492,18.868911010123288,16.049624823895464,27.476944741652098,5,6
E01004501,Wandsworth 014B,Wandsworth,14.833774976755617,14.89361786000142,7.244594709098282,23.934077782317367,3,4
E01004502,Wandsworth 020B,Wandsworth,10.422750282573226,11.420544900285568,4.649047232093086,16.151406170565117,3,4
E01004503,Wandsworth 014C,Wandsworth,11.051078446324707,9.858091440554864,7.108805803288895,18.150437343840977,3,4
E01004504,Wandsworth 020C,Wandsworth,6.504737482648538,6.816132105369609,2.44800740763066,9.86784768709474,2,3
E01004505,Wandsworth 014D,Wandsworth,12.61733173225328,12.43475236161292,5.856978575449417,18.8147934593344,3,4
E01004506,Wandsworth 011A,Wandsworth,22.96525035704888,22.93660921065069,15.096548134450252,32.99673116126874,5,6
E01004507,Wandsworth 014E,Wandsworth,18.457240531580965,18.379773502891677,9.726599784522625,26.831900450623436,4,5
E01004508,Wandsworth 012A,Wandsworth,47.95296775555751,48.28618517765952,41.208004832855984,57.01260835753404,6b,8
E01004510,Wandsworth 012B,Wandsworth,26.325717088233215,20.472121741836887,15.716544404309314,46.42819866350506,6a,7
E01004511,Wandsworth 010B,Wandsworth,15.445105007528545,13.997522645106235,7.665822231308102,20.980639496596822,4,5
E01004512,Wandsworth 019B,Wandsworth,12.62242426698127,13.208631920456527,5.012055883791692,20.508899364078044,3,4
E01004513,Wandsworth 018B,Wandsworth,14.576576819938795,14.132367427985567,7.434386513744152,20.926206635895987,3,4
E01004514,Wandsworth 012C,Wandsworth,23.20083438645954,23.564326703685232,20.003631757365113,27.051860520743467,5,6
E01004515,Wandsworth 012D,Wandsworth,40.88629456718025,42.28107863274796,20.586844525066542,49.33927849027773,6b,8
E01004516,Wandsworth 036A,Wandsworth,4.471490770768899,5.099998908095187,2.107402582317923,6.40472321861818,1b,2
E01004517,Wandsworth 037A,Wandsworth,8.173734064117532,8.325418173780669,5.187354223965622,12.448535295050668,2,3
E01004518,Wandsworth 036B,Wandsworth,6.615081441481249,6.223957310116576,4.988233496145615,10.31375025353173,2,3
E01004519,Wandsworth 036C,Wandsworth,12.561038893433269,14.680693864197004,5.581896962203395,18.600567827033316,3,4
E01004520,Wandsworth 036D,Wandsworth,8.982678924714957,7.791590611154676,5.514017746114265,14.47036619550572,2,3
E01004521,Wandsworth 037B,Wandsworth,8.732955832421357,8.712807327829733,7.256515854931576,9.767174271243627,2,3
E01004522,Wandsworth 037C,Wandsworth,8.065439275208096,8.251006950151691,6.861721609922379,9.622088538625952,2,3
E01004523,Wandsworth 036E,Wandsworth,6.033457199942593,5.667992279816501,2.305413905230116,8.32185924650575,2,3
E01004524,Wandsworth 037D,Wandsworth,8.310591586879012,8.530000809535071,5.938046558633324,10.52286021106824,2,3
E01004525,Wandsworth 035A,Wandsworth,32.218851788259805,31.108629943906976,26.94189824038737,40.96922527641393,6a,7
E01004526,Wandsworth 035B,Wandsworth,29.51513293339753,28.914230807850245,24.990296028959467,36.82414627910154,6a,7
E01004527,Wandsworth 035C,Wandsworth,24.96541374679511,24.491094496918915,20.072039788793287,32.17392852864644,5,6
E01004528,Wandsworth 035D,Wandsworth,17.867103235487516,17.870734444263356,5.477893105794788,31.25106140836742,4,5
E01004529,Wandsworth 035E,Wandsworth,19.209565081985808,21.097084188622816,1.492203234761658,26.350338121631243,4,5
E01004530,Wandsworth 035F,Wandsworth,20.4964672203042,22.89366515957063,8.380898233503641,26.1266825161108,5,6
E01004531,Wandsworth 033A,Wandsworth,16.47867545949105,15.769839700055243,10.263321943627842,26.17052012328831,4,5
E01004532,Wandsworth 032A,Wandsworth,3.32801518560089,2.490966331409213,2.17714320157725,7.236133469916631,1b,2
E01004533,Wandsworth 033B,Wandsworth,12.913689191023952,16.071015341087968,2.200827243503622,21.766135752823743,3,4
E01004534,Wandsworth 008A,Wandsworth,29.604030625441816,36.470209829045686,2.089763768049548,46.82669311873058,6a,7
E01004535,Wandsworth 007A,Wandsworth,44.09062663717504,44.205733006026925,41.830766261121816,46.74929858769209,6b,8
E01004536,Wandsworth 008B,Wandsworth,56.31453612283054,56.404733114521754,43.72454579962076,66.10501354584001,6b,8
E01004537,Wandsworth 007B,Wandsworth,48.375989544149775,49.72167596376197,36.713944705410285,65.74087287877597,6b,8
E01004538,Wandsworth 007C,Wandsworth,30.245164678947823,35.550765058427004,12.764282724764485,43.00847976509639,6a,7
E01004539,Wandsworth 003A,Wandsworth,7.698574796918559,8.201716015453858,4.149072842660368,11.257786047794712,2,3
E01004540,Wandsworth 003B,Wandsworth,9.80093749597944,9.28915327606116,8.05144142037423,12.470747185964886,2,3
E01004541,Wandsworth 007D,Wandsworth,44.642088110199246,42.55749500536156,39.21608726564412,54.809859934919984,6b,8
E01004542,Wandsworth 021D,Wandsworth,12.268369117165934,12.930439610103718,6.103222645677754,18.43811089284283,3,4
E01004543,Wandsworth 027A,Wandsworth,12.516018391098054,13.233127435281713,8.04877024218018,18.428447972540056,3,4
E01004544,Wandsworth 021E,Wandsworth,19.455022064748455,19.1387898010318,16.887874593443122,22.42124396694209,4,5
E01004545,Wandsworth 027B,Wandsworth,22.284017667045287,23.23300771279813,10.597012762500295,29.843831572271405,5,6
E01004546,Wandsworth 027C,Wandsworth,17.44155104880273,17.344341461301354,16.764690778141002,19.391701770974088,4,5
E01004547,Wandsworth 029C,Wandsworth,13.7278022918604,13.508158972792886,7.615194515562908,19.05994010578108,3,4
E01004548,Wandsworth 029D,Wandsworth,19.67689604548892,20.00715831118761,14.770526070542992,22.960398383660944,4,5
E01004549,Wandsworth 027D,Wandsworth,14.633696307390291,15.780052309859393,9.399460024850685,20.237680910526425,3,4
E01004550,Wandsworth 017D,Wandsworth,11.618061040183225,11.70593125456116,4.582064889188644,22.09041089165453,3,4
E01004551,Wandsworth 012E,Wandsworth,60.30096796615243,60.483665006141926,49.37572205406272,69.7654028120395,6b,8
E01004552,Wandsworth 008C,Wandsworth,53.66364777486076,54.5611562933385,40.147608817275206,59.97265034280753,6b,8
E01004553,Wandsworth 015A,Wandsworth,42.107393767166016,45.271716462853036,5.151409743637029,54.868236942419365,6b,8
E01004554,Wandsworth 009A,Wandsworth,15.004190830242427,9.985564369400455,1.730325684016722,48.413995104279415,4,5
E01004555,Wandsworth 017E,Wandsworth,5.666657302647443,4.893523897842885,2.130436768065875,9.7459041652606,2,3
E01004556,Wandsworth 009B,Wandsworth,17.701577725687606,8.562184256805807,3.545529109960595,37.5967433555782,4,5
E01004557,Wandsworth 015B,Wandsworth,16.970781592564055,9.257338174107971,3.934329484830518,39.80903488690895,4,5
E01004558,Wandsworth 015C,Wandsworth,4.964070006784673,4.629628927375007,0.0,7.690750922292148,1b,2
E01004559,Wandsworth 015D,Wandsworth,6.210007157400798,6.762108726811642,3.00772093713087,8.915570277134595,2,3
E01004560,Wandsworth 001A,Wandsworth,5.41234034893533,6.474011047150655,0.0,16.902088672444375,2,3
E01004563,Wandsworth 039E,Wandsworth,12.5592720476781,13.90844571994212,1.815481360560132,20.589215046329954,3,4
E01004564,Wandsworth 039D,Wandsworth,12.869347107351787,12.199121564383857,6.627186364465837,21.545851347913565,3,4
E01004565,Wandsworth 005A,Wandsworth,14.132773738974322,13.742466065990058,12.66324033239328,17.20120311080595,3,4
E01004566,Wandsworth 001B,Wandsworth,17.88782515167868,18.55175943131099,10.012583361568243,22.129166317421507,4,5
E01004567,Wandsworth 039A,Wandsworth,13.80701447961806,13.399530709552632,9.22804251373566,17.94968247758651,3,4
E01004568,Wandsworth 013A,Wandsworth,5.706514113176994,5.974072350068332,0.0,10.234917245186272,2,3
E01004569,Wandsworth 023A,Wandsworth,9.591447127129182,9.519285422349837,7.203996704471963,12.864766325287906,2,3
E01004570,Wandsworth 023B,Wandsworth,9.925089378377995,10.427347963693764,6.533933174424929,11.349588957151123,2,3
E01004571,Wandsworth 023C,Wandsworth,9.215916906172671,9.893294699384946,6.050879638041499,11.974514514034254,2,3
E01004572,Wandsworth 016A,Wandsworth,8.192032940442363,8.824950427770712,1.393101839731415,15.628590880602948,2,3
E01004573,Wandsworth 023D,Wandsworth,3.361773847832447,3.582978526936619,0.0,8.488321537051021,1b,2
E01004574,Wandsworth 013B,Wandsworth,5.774007644395932,5.887758700147081,3.125638188892934,8.436563048101675,2,3
E01004575,Wandsworth 013C,Wandsworth,4.7488067173977,4.448755149079883,0.0,14.510449617186673,1b,2
E01004576,Wandsworth 013D,Wandsworth,1.525486524287185,0.0,0.0,5.231133043433983,1a,1
E01004577,Wandsworth 003C,Wandsworth,10.205865282182188,10.474565170394795,4.862468257443193,13.933551038497535,3,4
E01004579,Wandsworth 004B,Wandsworth,9.987184693756454,10.189740517049236,8.142115012665046,11.567296348650911,2,3
E01004580,Wandsworth 004C,Wandsworth,28.271294635658673,36.31405665495701,7.503923714903824,46.74336836962622,6a,7
E01004581,Wandsworth 004D,Wandsworth,7.437114259984845,8.472585984932905,3.221055459374305,9.31453981704258,2,3
E01004582,Wandsworth 001C,Wandsworth,8.771846729115964,8.387914731024539,7.41610699487541,10.275424175881271,2,3
E01004583,Wandsworth 001D,Wandsworth,9.476158973068436,9.95481227301712,3.402752532419034,12.343077957992866,2,3
E01004584,Wandsworth 003D,Wandsworth,10.048172404303706,9.91698152241981,9.066884043759575,11.26284361502209,3,4
E01004585,Wandsworth 008D,Wandsworth,39.50763332164079,39.74765496701304,6.887584550108445,55.648942664595566,6a,7
E01004586,Wandsworth 009C,Wandsworth,38.99422960633303,40.034030828487126,11.499662227181409,53.101327355058395,6a,7
E01004587,Wandsworth 009D,Wandsworth,11.1924156500217,11.34804325061805,8.038419989957353,13.059519244655489,3,4
E01004588,Wandsworth 008E,Wandsworth,53.33696884424749,53.57179831603933,42.37953294250172,62.974146410320586,6b,8
E01004589,Wandsworth 009E,Wandsworth,22.73176252401769,12.031183051259006,9.667274376192976,42.572694984160506,5,6
E01004590,Wandsworth 005B,Wandsworth,9.412920134834996,9.912463102060496,2.285166921458635,15.48770534996174,2,3
E01004591,Wandsworth 005C,Wandsworth,13.039831370868743,12.761960859153108,9.74018124448852,18.524759786405635,3,4
E01004592,Wandsworth 005D,Wandsworth,11.324038116818862,8.143197471829778,5.538514752585839,37.8579981898986,3,4
E01004593,Wandsworth 025A,Wandsworth,8.40035620425863,8.861554487498925,4.43962145798193,10.992855870899009,2,3
E01004594,Wandsworth 020D,Wandsworth,10.574900945855097,10.817735122327065,8.276703501263608,12.99509504817136,3,4
E01004595,Wandsworth 025B,Wandsworth,7.70792477911367,8.293299437963263,2.210328344525448,11.018273937247706,2,3
E01004596,Wandsworth 020E,Wandsworth,10.583879374470254,10.490892681681636,8.25220731411387,12.577823542280033,3,4
E01004597,Wandsworth 025C,Wandsworth,5.784836698856647,6.637950484028192,2.385726966907848,9.58871877438532,2,3
E01004598,Wandsworth 025D,Wandsworth,9.832027222362154,11.055407881595968,2.70255546939504,15.23014459219767,2,3
E01004599,Wandsworth 025E,Wandsworth,7.230550934694776,6.755400198864688,6.322166329983729,10.079659419189776,2,3
E01004601,Wandsworth 018D,Wandsworth,9.97785633712958,9.007935846370668,4.184644605352874,17.853157784542226,2,3
E01004602,Wandsworth 010C,Wandsworth,26.325136662633096,26.076751256520037,16.826847624367794,31.39924487234033,6a,7
E01004604,Wandsworth 006A,Wandsworth,7.589355252324547,7.460065950301471,0.0,12.598249111846965,2,3
E01004605,Wandsworth 006B,Wandsworth,6.138071589769437,6.02741279202902,4.617007034367362,7.892956842266472,2,3
E01004606,Wandsworth 006C,Wandsworth,14.400059576148871,15.130162944375062,5.908034571942633,28.292245760032745,3,4
E01004607,Wandsworth 006D,Wandsworth,16.700237014283495,16.833736736511717,11.039450134533537,25.621839874179056,4,5
E01004608,Wandsworth 006E,Wandsworth,28.281429926181634,28.413387816515563,21.620526233910887,33.2276286121389,6a,7
E01004609,Wandsworth 010E,Wandsworth,28.68059136309851,28.520025509453344,20.43434362180807,36.55594666095564,6a,7
E01004610,Wandsworth 033C,Wandsworth,14.327260666493956,15.271934566075638,4.907631157630508,25.648527050336327,3,4
E01004611,Wandsworth 032B,Wandsworth,13.626687671714388,13.663854647522548,4.052135605219473,18.19258797519779,3,4
E01004612,Wandsworth 032C,Wandsworth,16.034885658861032,15.7629973554876,11.22802115754314,26.196255440771537,4,5
E01004613,Wandsworth 033D,Wandsworth,24.214094551270108,26.437596606722902,11.793468839521832,31.648629500996307,5,6
E01004614,Wandsworth 034A,Wandsworth,20.340370572198488,19.360797716455227,12.814772508219264,29.21230456010304,5,6
E01004615,Wandsworth 034B,Wandsworth,11.804918651511114,11.721319999058997,6.37920580725448,17.585388758218528,3,4
E01004616,Wandsworth 034C,Wandsworth,29.933810777754037,29.508565395471695,25.75236986387669,36.87902122175353,6a,7
E01004617,Wandsworth 034D,Wandsworth,14.042568261403972,12.933781023312887,0.0,33.80559817690814,3,4
E01004618,Wandsworth 032D,Wandsworth,14.47630171916607,14.125254872791928,10.028982049682805,19.33921907027948,3,4
E01004619,Wandsworth 015E,Wandsworth,6.353733745902266,7.26891239462278,0.0,12.262717448295636,2,3
E01004620,Wandsworth 019C,Wandsworth,5.370369432153077,5.213983274215045,2.271799331803815,9.663991531024406,2,3
E01004621,Wandsworth 019D,Wandsworth,12.57032823143642,6.620445017320048,0.0,46.28858310971726,3,4
E01004622,Wandsworth 024D,Wandsworth,3.720592828446981,4.064185447104508,0.0,5.555104919646432,1b,2
E01004623,Wandsworth 019E,Wandsworth,6.832768949711944,5.537728484352218,4.694624589613456,11.306753535182295,2,3
E01004624,Wandsworth 024E,Wandsworth,5.671884893956922,5.236711509304962,1.85722316047244,13.173750516763675,2,3
E01004625,Wandsworth 027E,Wandsworth,5.569393518186391,6.792678564031389,1.906601315266335,9.660888223262193,2,3
E01004626,Wandsworth 027F,Wandsworth,4.459863359043484,4.116055452734276,0.0,14.23456901272554,1b,2
E01004627,Wandsworth 019F,Wandsworth,16.961833839879755,16.30008862518757,13.834778480540248,22.051512814343983,4,5
E01004628,Wandsworth 022A,Wandsworth,6.247132778974366,6.333031965728892,2.657325490790026,9.819795447156594,2,3
E01004629,Wandsworth 020F,Wandsworth,9.253801025321833,8.734074028324816,4.677044679635439,12.9825420753573,2,3
E01004630,Wandsworth 022B,Wandsworth,8.719437173051054,8.865011118112895,6.063999821322161,11.226360662497958,2,3
E01004631,Wandsworth 022C,Wandsworth,8.0445222287909,7.567362944026566,5.658459493755254,12.855988666717948,2,3
E01004632,Wandsworth 028A,Wandsworth,9.239374755151593,9.522303676881387,7.163060726246506,11.49499353663914,2,3
E01004633,Wandsworth 022D,Wandsworth,9.980014501333072,9.765459976256055,9.525061238097445,10.748823072138295,2,3
E01004634,Wandsworth 028B,Wandsworth,5.549750192959655,5.451188868832485,3.743308068570649,8.043898850698138,2,3
E01004635,Wandsworth 028C,Wandsworth,9.26946794166068,9.194971845953871,5.269462206624996,11.148669688625858,2,3
E01004636,Wandsworth 028D,Wandsworth,5.080225735713404,4.795148995133169,2.609805870654786,9.029957335435096,2,3
E01004637,Wandsworth 028E,Wandsworth,6.379110709332074,5.267154867882759,3.577443851218674,9.409897619224102,2,3
E01004638,Wandsworth 011B,Wandsworth,3.73270889300486,2.900291794431284,1.218536201266335,9.482982660045582,1b,2
E01004639,Wandsworth 011C,Wandsworth,5.007158711025951,4.112810556043794,2.003280849263328,9.05018172124866,2,3
E01004640,Wandsworth 011D,Wandsworth,7.258964856869335,8.24915748150682,3.645688592327364,9.647814342178634,2,3
E01004641,Wandsworth 011E,Wandsworth,10.930092539855393,11.556273965598702,7.082694829274055,14.082439638491678,3,4
E01004642,Wandsworth 016B,Wandsworth,6.180556913080463,6.460447500895203,3.180029830730931,7.838755167457515,2,3
E01004643,Wandsworth 016C,Wandsworth,11.071766325880017,11.788200590498477,1.322296344756331,21.965320382369345,3,4
E01004644,Wandsworth 016D,Wandsworth,7.051340887409308,6.635481121775708,2.534786112714911,11.092380870878428,2,3
E01004645,Wandsworth 016E,Wandsworth,6.474272587954848,6.41387080792372,1.335549213998686,12.196405226389684,2,3
E01004646,Westminster 002A,Westminster,17.923293470306763,17.610116949782373,11.210550307898169,23.27195888405861,4,5
E01004647,Westminster 001A,Westminster,14.98215573582196,14.16456485902944,8.522880281251558,25.281932833374277,3,4
E01004648,Westminster 002B,Westminster,17.73827153740479,17.270300504709123,13.056066913160524,23.44611840152228,4,5
E01004649,Westminster 001B,Westminster,21.286962520806767,21.80753716373664,16.126738330053755,24.05184868295113,5,6
E01004650,Westminster 002C,Westminster,19.46260653405454,19.985776923203034,15.201442476249774,24.5416367222668,4,5
E01004651,Westminster 003A,Westminster,21.523551934450524,21.77001728021521,17.617268086987167,24.87406536155809,5,6
E01004652,Westminster 017A,Westminster,41.43629473869999,41.0790485171931,37.62342341714396,45.963658503269805,6b,8
E01004653,Westminster 014A,Westminster,18.615781162294866,15.790987671409386,12.96612539665043,27.346202430623126,4,5
E01004654,Westminster 014B,Westminster,23.496494464161927,25.767220917180257,15.668377139148651,29.1462986794588,5,6
E01004656,Westminster 014D,Westminster,29.754844939704704,31.399032380670445,15.958079176169118,40.33717712453971,6a,7
E01004657,Westminster 012A,Westminster,57.73863010459112,58.53709101256808,45.52653031612275,64.79417829595091,6b,8
E01004658,Westminster 012B,Westminster,47.06900589865181,44.95019193228754,38.563823400953446,57.70939555075008,6b,8
E01004659,Westminster 008A,Westminster,47.27417479654248,47.99187942318403,39.80721368204908,53.320841001702895,6b,8
E01004660,Westminster 008B,Westminster,62.50371229355776,61.244816820469694,56.23288415809009,70.37129424230989,6b,8
E01004661,Westminster 012C,Westminster,59.761295472986326,60.16173089394002,49.26576954505043,63.726011829129845,6b,8
E01004662,Westminster 012D,Westminster,58.36547836485868,58.0781818099125,55.124301239689565,62.96073215155172,6b,8
E01004663,Westminster 012E,Westminster,51.4385445300389,52.633549495524136,38.298792612551615,62.52218953815023,6b,8
E01004665,Westminster 024A,Westminster,10.821177879352907,10.04592644423667,9.464775157624317,12.312927598970845,3,4
E01004668,Westminster 023D,Westminster,13.6469670892652,13.386878703663108,10.221467677006844,16.78751282782921,3,4
E01004669,Westminster 024B,Westminster,10.427703445966747,9.427066888554265,8.705622968931499,15.739799354007516,3,4
E01004670,Westminster 009A,Westminster,25.16754254377595,24.906866234293823,12.233605001524596,44.299808168859165,6a,7
E01004674,Westminster 005A,Westminster,18.406741831413733,18.33245745315052,15.824298756132777,21.651040723595173,4,5
E01004675,Westminster 005B,Westminster,18.150418018793097,17.966131364979486,15.833297483650746,21.2140211792088,4,5
E01004676,Westminster 006A,Westminster,17.161464581719134,17.135815414442888,13.959743816831008,19.67246353290803,4,5
E01004677,Westminster 005C,Westminster,17.736559506862452,17.574401046352715,16.544056915589234,19.287583841394834,4,5
E01004678,Westminster 005D,Westminster,18.574387899587556,18.508156635862623,17.297561717097228,20.28575717919744,4,5
E01004679,Westminster 005E,Westminster,18.5638496557606,18.46144362655644,15.660277321599237,21.796757011958228,4,5
E01004680,Westminster 015A,Westminster,40.63111111095,38.221445551006205,32.09430381458445,56.82454731037511,6b,8
E01004681,Westminster 016A,Westminster,44.91669355074817,46.782041639074784,32.21201473022617,54.88110670825091,6b,8
E01004682,Westminster 016B,Westminster,50.82859711080105,48.85271557782845,43.92259582399809,65.12286206359961,6b,8
E01004683,Westminster 015B,Westminster,42.08110327070871,43.158863378007695,32.70498811951012,46.830603019137655,6b,8
E01004684,Westminster 015C,Westminster,47.159652713500634,48.177611803613054,41.71272859198061,51.36533553806681,6b,8
E01004686,Westminster 015E,Westminster,39.907477569304895,40.379751816716,37.08179374516318,41.933586410066006,6a,7
E01004687,Westminster 019A,Westminster,41.92158894468992,43.51931452917602,29.30398807246417,58.7057983124308,6b,8
E01004690,Westminster 019D,Westminster,61.11736953224401,60.450555733210265,44.922356414748464,78.47839560045635,6b,8
E01004691,Westminster 019E,Westminster,32.558923438580415,31.322583123848773,14.462843130694973,73.04949862937887,6a,7
E01004692,Westminster 019F,Westminster,20.17298114854539,20.644304444120465,9.27340966854711,26.076460547510106,5,6
E01004693,Westminster 017B,Westminster,27.328222666769584,27.19689487835776,25.422952379222597,28.995121335002477,6a,7
E01004694,Westminster 016C,Westminster,35.16284828001154,33.507884934929926,30.438827614121507,44.03548251704369,6a,7
E01004695,Westminster 017C,Westminster,24.426161486078644,26.68373075846757,18.307653896530844,28.361166586887755,5,6
E01004696,Westminster 017D,Westminster,39.6102799777264,38.917774174058366,35.54980952458557,43.88174486162576,6a,7
E01004697,Westminster 016D,Westminster,42.00067731220839,42.08467123299776,37.44116555723405,45.43278579151583,6b,8
E01004698,Westminster 017E,Westminster,33.21397965893617,34.60241270236111,24.84259553614625,37.341627492772126,6a,7
E01004699,Westminster 017F,Westminster,30.132728506779607,28.571960969548165,25.81923840651389,39.48259691449397,6a,7
E01004700,Westminster 016E,Westminster,40.2321270879823,39.63340623676599,37.63074883655476,43.535131035330394,6b,8
E01004701,Westminster 007A,Westminster,17.547304016083444,16.391269801075172,14.410227802219794,27.11873799687817,4,5
E01004702,Westminster 009E,Westminster,34.590880022130776,34.71206658619529,25.800682359826933,44.37832663903179,6a,7
E01004703,Westminster 007B,Westminster,28.806360192262098,28.6022225848378,18.34457957852384,34.904369244251434,6a,7
E01004705,Westminster 007D,Westminster,16.45308120032995,15.721795982343476,13.904142962857897,21.050444162779392,4,5
E01004706,Westminster 006B,Westminster,13.78433386228461,13.189881936794931,9.251380833278867,19.721448374695782,3,4
E01004707,Westminster 006C,Westminster,13.109134202961505,13.239046229619651,9.656935891533095,16.64228253327727,3,4
E01004708,Westminster 006D,Westminster,16.318848786803382,15.028928954201312,13.143676923718028,21.55929462297868,4,5
E01004709,Westminster 007E,Westminster,16.739902527631518,16.856208530211262,14.368363654174937,19.46600457836624,4,5
E01004710,Westminster 002D,Westminster,21.565405297892028,21.904355106238214,16.27610811138508,26.742263376919453,5,6
E01004711,Westminster 002E,Westminster,18.442859073956047,18.877697021530768,13.629299141314688,22.00332496000502,4,5
E01004712,Westminster 008C,Westminster,60.14925758856937,60.11286443601016,49.15676102187956,69.56805183980958,6b,8
E01004713,Westminster 011A,Westminster,49.7250455548509,49.38691484358228,39.958033202688114,62.23962601350386,6b,8
E01004714,Westminster 011B,Westminster,60.02736878043968,60.18684304645031,39.28288546485622,74.3651930418856,6b,8
E01004715,Westminster 013A,Westminster,53.28368161811974,52.93836213505212,45.2365210409801,62.75251939227032,6b,8
E01004716,Westminster 011C,Westminster,48.755833136458726,48.12609355238385,36.68308775611071,57.375147679021616,6b,8
E01004717,Westminster 011D,Westminster,56.73149560427235,57.05551367206847,45.9759163956152,63.710802147381045,6b,8
E01004718,Westminster 004A,Westminster,17.853436169990427,19.263394466004275,12.744800305964024,19.91081998041249,4,5
E01004719,Westminster 004B,Westminster,15.12299436720131,15.623694832786008,10.217638077071172,17.491235168196592,4,5
E01004720,Westminster 004C,Westminster,18.81243738504636,18.63271753651981,14.779145065407942,23.39722657142353,4,5
E01004721,Westminster 004D,Westminster,14.035694963066328,14.847805474268672,9.407288137570676,21.30192665204,3,4
E01004722,Westminster 004E,Westminster,16.74753332232653,16.883852015468356,13.8713237037797,19.04178611256744,4,5
E01004723,Westminster 005F,Westminster,19.22730667332833,19.271784565818656,14.131590157562083,22.75471208320525,4,5
E01004724,Westminster 001C,Westminster,14.87881719711643,14.743666383493425,11.77288820871114,20.685565055283387,3,4
E01004725,Westminster 003B,Westminster,15.961109211985248,15.537229399351473,7.825465903016488,29.10189726271932,4,5
E01004726,Westminster 003C,Westminster,19.418634067336377,19.31161100131125,13.94060287365868,25.408394766891064,4,5
E01004727,Westminster 008D,Westminster,20.784400853741495,20.135071565801645,0.0,70.38492908534347,5,6
E01004728,Westminster 003D,Westminster,18.534808513005167,16.998990786746276,14.315331971285127,24.380608903808493,4,5
E01004729,Westminster 003E,Westminster,14.990469099266724,14.6631161262261,14.214213235984833,16.421430908629866,3,4
E01004730,Westminster 001D,Westminster,3.382757618402898,2.418762012250248,0.0,14.102105766563538,1b,2
E01004731,Westminster 020A,Westminster,50.62391349201972,48.40052492669473,25.374603705859112,77.67623713447004,6b,8
E01004732,Westminster 020B,Westminster,41.815563229708886,45.17224770307385,28.11346758801075,48.872795701061406,6b,8
E01004733,Westminster 020C,Westminster,45.32809507611567,39.9891897205911,22.3413469112544,101.56594914218034,6b,8
E01004734,Westminster 018A,Westminster,89.12159500217831,90.6955486613824,72.42947787961475,98.12176787903712,6b,8
E01004735,Westminster 018B,Westminster,77.5256400315382,81.00968409835782,31.4028985988952,101.92410538845016,6b,8
E01004736,Westminster 018C,Westminster,58.71151791437097,55.049921580688576,23.172038402112523,106.66910237967392,6b,8
E01004737,Westminster 024C,Westminster,26.246257293092555,27.666250567791955,14.359169252312885,33.006711277329686,6a,7
E01004740,Westminster 021A,Westminster,41.68746540194868,41.20433646596301,40.18670651544215,44.374555729801685,6b,8
E01004741,Westminster 024F,Westminster,39.27373581170282,36.03892980045936,32.76818964776206,52.786349087067194,6a,7
E01004742,Westminster 022A,Westminster,39.579396892260455,39.76235014750323,37.667064799703375,41.979968936983774,6a,7
E01004743,Westminster 021B,Westminster,24.13267375933273,19.464954591936756,15.973470301801408,42.8004062894136,5,6
E01004744,Westminster 020D,Westminster,47.347634657433325,44.586480246309726,38.69500033606997,60.783189203189735,6b,8
E01004746,Westminster 021D,Westminster,26.93168226719443,27.217647779097625,14.862817665922782,38.714581356562874,6a,7
E01004747,Westminster 021E,Westminster,39.80736750140616,39.79882336770611,19.61412798655785,55.707416398550485,6a,7
E01004748,Westminster 020E,Westminster,63.13869603912216,60.60205489390279,55.691118524971245,78.94417262450413,6b,8
E01004749,Westminster 022B,Westminster,48.56672999151658,42.15763414010758,35.749122384287645,67.7410159909351,6b,8
E01004750,Westminster 023E,Westminster,62.57755903252781,59.97146273392336,38.569927184585566,91.0237562513874,6b,8
E01004751,Westminster 022C,Westminster,43.248684710941696,41.490623557573485,36.69913516982884,59.140071428773005,6b,8
E01004752,Westminster 022D,Westminster,31.06448600899112,36.58082361313264,13.935796347438698,37.160500462260494,6a,7
E01004753,Westminster 022E,Westminster,26.70234149787433,31.17951069033369,11.777910019264263,35.852985537964216,6a,7
E01004754,Westminster 010A,Westminster,17.659169161032956,17.121651982962327,13.775922228272885,25.532460489993728,4,5
E01004755,Westminster 010B,Westminster,16.747498071195682,17.22964947962653,10.556374818990404,21.58246365045721,4,5
E01004756,Westminster 006E,Westminster,16.75628256792336,16.37586056117768,15.612591749639936,18.821678942037344,4,5
E01004757,Westminster 010C,Westminster,28.74905915290376,30.855498920575094,15.556035878384977,35.39989846706342,6a,7
E01004760,Westminster 014E,Westminster,15.038540369048146,15.034291744936274,13.616794970913451,16.635655577571644,4,5
E01004761,Westminster 018D,Westminster,53.30654812869526,52.44084951994556,42.872939198117166,65.84714664759096,6b,8
E01004762,Westminster 011E,Westminster,56.85470302109353,56.10480738847114,50.44300365865914,67.93503979565952,6b,8
E01004763,Westminster 013B,Westminster,70.73141145740844,74.09557684421075,51.534480178667216,85.11330024995243,6b,8
E01004765,Westminster 013D,Westminster,64.10032021592068,64.4405525872323,47.50175270475865,78.41884653868021,6b,8
E01032512,Westminster 010F,Westminster,15.942849951750476,15.592365024421902,12.789289032293414,21.500711720188946,4,5
E01032513,Westminster 010G,Westminster,17.517891230558554,16.639434760724445,15.204847548119062,22.733660286566263,4,5
E01032562,Bromley 040D,Lewisham,5.809551870783204,6.54031080808792,1.884725811218178,7.755829054396971,2,3
E01032563,Bromley 040E,Bromley,5.095166905893516,4.470270998916372,0.0,9.698610336327285,2,3
E01032564,Lewisham 037E,Lewisham,5.964637276998152,5.706536848016327,4.95577096161459,8.26826495446752,2,3
E01032565,Lewisham 038E,Lewisham,5.034432525754584,5.12875980587877,3.159345840779346,6.837698385617519,2,3
E01032566,Bexley 029D,Greenwich,4.536138502677973,4.899409286998299,0.0,9.456825878310976,1b,2
E01032567,Greenwich 033D,Greenwich,4.671782009144045,4.717631200762273,0.0,7.753828871989617,1b,2
E01032568,Bromley 041E,Croydon,10.143994283250976,10.9375625761306,3.390930218631454,15.534219426074188,3,4
E01032569,Croydon 045E,Croydon,7.528227568241503,7.804249457856178,3.646407415914358,9.532626825254471,2,3
E01032570,Bromley 042D,Bromley,3.651551333387718,4.456203792625463,0.0,6.358766703265753,1b,2
E01032572,Ealing 040D,Hounslow,16.261902378865194,17.971088837224997,9.244399314813052,21.612199044189264,4,5
E01032573,Hounslow 029E,Hounslow,19.065122752094684,19.26173798348301,12.541079190170594,22.755893116202,4,5
E01032574,Enfield 037E,Haringey,10.610136938437488,9.176725584683796,5.341305637007478,20.14094162218213,3,4
E01032575,Haringey 037D,Haringey,13.60908791436248,13.873755821424997,8.119271821759394,18.473188520220003,3,4
E01032576,Harrow 032E,Harrow,3.266866442287741,3.351532183346211,0.0,12.31879077853457,1b,2
E01032577,Hillingdon 033E,Hillingdon,2.452118215783769,2.429223563294894,0.0,7.433600638317758,1a,1
E01032579,Lewisham 039E,Lewisham,20.167887281515725,22.089403801835743,11.102990540562294,32.30026265821088,5,6
E01032580,Barking and Dagenham 023F,Barking & Dagenham,8.18409538409804,7.691095378966243,6.350353339845876,11.454133560687907,2,3
E01032581,Redbridge 034G,Redbridge,8.338139477570985,7.838805549613321,3.577329977715252,13.418659785312848,2,3
E01032582,Lambeth 036E,Southwark,93.45291726537432,92.3112834823849,78.00757460239667,116.23369757813188,6b,8
E01032583,Southwark 034D,Southwark,85.75598365992478,86.57888720528926,63.26894833209593,97.40237715776931,6b,8
E01032584,Southwark 034E,Southwark,93.49594991184036,92.41082898382957,84.99903857842607,101.77789041508655,6b,8
E01032623,Sutton 025E,Sutton,2.368732857236365,1.618640101465569,0.0,7.967532817307652,1a,1
E01032637,Southwark 035E,Southwark,38.120933305695935,46.575068610326014,10.439833037715117,48.89376296441661,6a,7
E01032638,Southwark 035D,Southwark,12.505187471106376,12.375478534604778,11.951091906534156,13.436828167093877,3,4
E01032639,Southwark 014F,Southwark,53.45676394897272,51.610560417662086,44.29520566395759,63.925545804150154,6b,8
E01032640,Southwark 035B,Southwark,51.38346160033545,47.825095235619045,44.08155328420952,64.44754279207027,6b,8
E01032646,Southwark 036B,Southwark,48.72062482838464,49.72807745708983,44.15977812328988,52.08292252752791,6b,8
E01032719,Southwark 014G,Southwark,63.595664817075296,65.22721712516211,60.22728468708095,65.33249263898286,6b,8
E01032739,City of London 001F,Tower Hamlets,97.09449520248953,98.00437067769498,47.71316765236856,155.52772961286254,6b,8
E01032740,City of London 001G,City of London,65.991818050979,69.73002645118775,31.731444493661957,85.93510140318747,6b,8
E01032741,Havering 013E,Havering,31.093311058528663,33.66859230039372,6.47334913290918,46.24688276492954,6a,7
E01032742,Havering 013F,Havering,15.483542926128091,9.845514061527652,0.0,34.12487108406253,4,5
E01032743,Ealing 010F,Hillingdon,8.034589062743201,8.01032808145824,6.812375269624815,9.167651953334046,2,3
E01032744,Ealing 010G,Ealing,10.423105464881967,10.104395443752372,4.781597257130108,13.2265758517431,3,4
E01032764,Tower Hamlets 004E,Tower Hamlets,8.811329960252987,6.062848713347865,0.0,30.032898251471327,2,3
E01032765,Tower Hamlets 004F,Tower Hamlets,12.070831025083484,10.261563872451497,7.010810368697195,19.827578411645696,3,4
E01032767,Tower Hamlets 021F,Tower Hamlets,48.799066518897405,44.00921951272698,38.3048641044955,79.87998979245253,6b,8
E01032768,Tower Hamlets 025E,Tower Hamlets,23.519811505181703,22.76629108568284,21.438437041897465,28.083435724721657,5,6
E01032769,Tower Hamlets 025F,Tower Hamlets,27.194177022587645,27.86032039539428,21.95235106360444,32.253387500187145,6a,7
E01032770,Tower Hamlets 032B,Tower Hamlets,17.205647406832572,17.31379322400199,16.779420121006353,17.52372887548937,4,5
E01032771,Tower Hamlets 033B,Tower Hamlets,35.533841739217706,36.32331360726397,18.636446391411944,50.73344545545804,6a,7
E01032772,Tower Hamlets 032C,Tower Hamlets,19.478916061394514,18.494599218817847,16.901428311272916,25.31344301557926,4,5
E01032774,Tower Hamlets 032E,Tower Hamlets,12.459085216770855,12.541963612459092,4.177138065367838,19.128189593823013,3,4
E01032775,Tower Hamlets 031F,Tower Hamlets,7.323466881439997,5.946667586933899,5.414067349015573,11.24092632959306,2,3
E01032776,Tower Hamlets 034D,Tower Hamlets,13.695448858300114,12.734920309712011,5.462302703958324,22.84401327727275,3,4
E01032777,Tower Hamlets 035A,Tower Hamlets,13.08857239729976,12.170040863199066,6.781694493730885,20.59947402005409,3,4
E01032779,Tower Hamlets 035C,Tower Hamlets,14.0997734420623,11.541542090053674,11.0986855865069,19.659092649626324,3,4
E01032780,Tower Hamlets 035D,Tower Hamlets,23.37950346796628,23.687121831282965,9.050010549254948,35.03275750822868,5,6
E01032781,Tower Hamlets 033C,Tower Hamlets,12.088182136998,8.861800646914917,6.28604798737592,21.04775628184811,3,4
E01032782,Tower Hamlets 033D,Tower Hamlets,25.512970898243665,27.597094676107645,18.220764562445886,32.48380932861151,6a,7
E01032783,Tower Hamlets 031G,Tower Hamlets,11.003410561873215,10.68342235229126,9.815308181199168,12.384331366907787,3,4
E01032784,Tower Hamlets 004G,Tower Hamlets,15.345336105807016,12.795021991930266,11.52909105972902,20.234866355747563,4,5
E01032785,Tower Hamlets 010E,Tower Hamlets,15.80429661923534,15.869073597333514,4.873866315960353,26.820141109553127,4,5
E01032786,Tower Hamlets 010F,Tower Hamlets,17.61560681688064,18.678108633839518,8.61024837782916,20.453569393356535,4,5
E01032787,Tower Hamlets 011F,Tower Hamlets,33.43254474876726,31.39017715331785,27.67613519567416,40.550069887643765,6a,7
E01032788,Hammersmith and Fulham 023D,Wandsworth,10.211888219920898,10.432166748031907,7.937284811397276,11.979456648577948,3,4
E01032789,Hammersmith and Fulham 023E,Hammersmith & Fulham,8.292609665604509,8.608638708317487,7.277687615507215,8.991502672988823,2,3
E01032790,Hammersmith and Fulham 023F,Wandsworth,8.351786456174818,8.218891580025428,7.217201767632575,9.752565395588023,2,3
E01032803,Southwark 036C,Southwark,45.389677229860965,44.70294952215342,43.383239902057824,48.02681580788178,6b,8
E01032834,Southwark 035C,Southwark,17.839377284419516,14.398033989503288,8.40270686426642,42.88594718730728,4,5
E01033000,Hounslow 025F,Hounslow,12.172180104315348,12.903609595248508,10.318354348507135,13.73389284983952,3,4
E01033030,Hounslow 025G,Hounslow,14.473795272251,14.14673556051693,13.744959665577706,15.317124905628337,3,4
E01033081,Hounslow 031D,Richmond upon Thames,11.121907796790769,11.462199392142512,0.0,16.611355505832538,3,4
E01033082,Hounslow 031C,Richmond upon Thames,10.179144612690507,9.263017392446647,0.0,16.409734740595134,3,4
E01033083,Hounslow 018F,Hounslow,38.023390996319776,37.95412219617465,31.7156640786334,44.90898351303705,6a,7
E01033084,Hounslow 018G,Hounslow,31.09402939230163,32.8508941995385,23.16369302428204,39.8587171596614,6a,7
E01033086,Haringey 020F,Haringey,7.088452779142913,8.08351382998839,3.695167765141616,8.491615691453255,2,3
E01033098,Wandsworth 038C,Wandsworth,13.21184926794214,12.331786312173366,4.193930793495374,24.70777110815244,3,4
E01033099,Wandsworth 004E,Wandsworth,26.45732482106058,37.38880110160449,8.056241116662394,40.53042125656991,6a,7
E01033100,Wandsworth 039B,Wandsworth,21.90842088211313,22.35462090586315,19.69309073937091,24.407834567250525,5,6
E01033132,Wandsworth 038D,Wandsworth,13.01250696384507,12.898428148869955,3.181885470195746,23.2375528741002,3,4
E01033133,Wandsworth 004G,Wandsworth,21.22171910276752,10.61405108116382,7.0641131572839,41.1975612066679,5,6
E01033135,Wandsworth 010G,Wandsworth,16.299507636340547,17.63272429828066,11.50004176537676,18.26868362599216,4,5
E01033146,Enfield 025F,Enfield,5.122716869458166,5.00413182617645,2.640153658772567,6.857531247660447,2,3
E01033148,Enfield 003F,Enfield,2.952306994282367,3.319334423046096,0.0,5.351008839262451,1b,2
E01033150,Enfield 003G,Enfield,4.395851056398538,4.531556609303928,3.617490737058286,5.314730444878418,1b,2
E01033151,Enfield 025G,Waltham Forest,1.627672214277713,0.0,0.0,11.029984775028112,1a,1
E01033208,Lambeth 004G,Wandsworth,42.56979084935046,43.58890103071039,39.95345997948937,44.71709252050661,6b,8
E01033320,Lewisham 017E,Lewisham,7.721127006923459,8.665130705223493,4.325219599155551,13.446751386625984,2,3
E01033322,Lewisham 017F,Lewisham,10.18384192787244,10.17479461912644,9.368877665172004,11.158011002807722,3,4
E01033324,Lewisham 008E,Lewisham,21.76609818087133,20.423319956953176,18.52655509576317,26.80423066792473,5,6
E01033325,Lewisham 008F,Lewisham,23.246660403097952,23.94251224445548,18.00053755930909,27.89533980742608,5,6
E01033327,Lewisham 041B,Lewisham,37.426732853797056,42.60699906887981,16.37546944174595,53.48186481945552,6a,7
E01033341,Lewisham 041C,Lewisham,31.006196799017506,28.376797745117635,23.68239646141287,41.06230686943876,6a,7
E01033455,Brent 031G,Brent,21.850318660255112,21.64355473528221,19.85060162589792,24.8843979735714,5,6
E01033456,Brent 027F,Brent,9.842065638011425,9.778861475367789,5.104387730776735,14.509560875301288,2,3
E01033457,Brent 035A,Brent,26.43479557463056,27.25685062799101,15.345149739164128,31.416643517492552,6a,7
E01033463,Brent 003G,Brent,5.613233554041408,4.403830134343007,0.0,12.81205556599502,2,3
E01033485,Brent 031H,Hammersmith & Fulham,22.52733618948871,22.07974862712212,20.123756206393328,27.597906960737703,5,6
E01033486,Islington 011E,Islington,30.372959036464728,29.802569760158065,26.707102839619225,34.084160701673405,6a,7
E01033487,Islington 011F,Islington,27.461839871640993,27.67581561082355,26.04876335070825,28.66094065339117,6a,7
E01033488,Islington 011G,Islington,29.10014816367368,28.280517132871488,25.687333645329705,38.35072852090872,6a,7
E01033489,Islington 022G,Islington,43.026390784853355,42.628912037707735,38.03119500445416,49.03313146215068,6b,8
E01033490,Islington 022H,Islington,51.20769525946674,47.40697370246776,41.02749075241884,67.42028547010227,6b,8
E01033491,Islington 011H,Islington,28.897086475353696,30.138782518369013,13.885300662379262,36.391435222392175,6a,7
E01033493,Islington 006F,Islington,26.311755093200773,28.412480343681345,17.699087223865632,30.72297246157478,6a,7
E01033494,Islington 006G,Islington,22.419967838278207,18.701950272797564,13.500642237539449,34.23109023235475,5,6
E01033569,Kingston upon Thames 004G,Kingston upon Thames,23.28132799692528,25.451070342774024,6.558741521755849,34.314005787072155,5,6
E01033570,Richmond upon Thames 004G,Richmond upon Thames,5.34741245726355,6.216588744904961,0.0,9.680912563340003,2,3
E01033571,Richmond upon Thames 004H,Richmond upon Thames,7.839626752695305,7.665369170584551,3.590019329312455,14.876948497766758,2,3
E01033579,Newham 040C,Tower Hamlets,10.335391761668866,9.841711254805196,0.0,23.824625517070825,3,4
E01033580,Newham 042A,Newham,8.682247363817162,8.611076966121843,7.970102345549677,9.203232479760835,2,3
E01033581,Newham 041A,Newham,7.158912482071616,7.592094946077438,0.0,13.336725697237467,2,3
E01033582,Newham 041B,Newham,5.840009443730302,5.706210136435484,1.974701065070712,10.127986589462065,2,3
E01033584,Newham 034I,Newham,16.383268032433694,16.470233998855626,6.242544500632107,22.20399137526743,4,5
E01033586,Newham 040D,Newham,15.722802975709511,12.201435789670793,0.0,39.224621264240874,4,5
E01033587,Barking and Dagenham 021E,Newham,12.170129394791743,6.859671418865295,0.0,30.854142523774808,3,4
E01033589,Redbridge 039B,Redbridge,22.405156927112504,22.881357433448574,9.80335209453258,33.53342283095981,5,6
E01033590,Redbridge 037C,Redbridge,4.074500600845951,3.738596694110544,3.08653046720627,6.315805183741846,1b,2
E01033591,Redbridge 039A,Redbridge,10.451987653812472,10.15553238008884,5.923001874531034,19.085162955013978,3,4
E01033592,Redbridge 037D,Redbridge,4.288716661901661,4.331690723253502,2.384023808530902,6.655107463779744,1b,2
E01033593,Westminster 015F,Westminster,42.555682813538,41.846002719652525,36.6806273080658,53.650502416298,6b,8
E01033594,Westminster 015G,Westminster,47.01663464636293,47.432321127687935,36.59723480652526,64.86895429812574,6b,8
E01033597,Westminster 023F,Westminster,14.827430124215814,11.669585063686512,8.936046794163747,22.46531112658996,3,4
E01033598,Westminster 009F,Westminster,19.541143309008028,20.517548879927137,15.012674827426425,21.60379930674691,4,5
E01033599,Westminster 023G,Westminster,16.576303177135074,12.489812800275208,7.951488494864814,37.41552331913212,4,5
E01033601,Westminster 009G,Westminster,25.98255266700667,25.064958423409944,16.918308057960495,35.96439151964957,6a,7
E01033602,Westminster 009H,Westminster,26.590541361351644,24.908261102055107,20.084144457086463,41.553176893495845,6a,7
E01033603,Westminster 009I,Westminster,50.84332751235157,53.24882448532065,41.53631569170392,56.88235025437464,6b,8
E01033604,Westminster 009J,Westminster,44.838307855010186,44.26557797865736,32.12786562963212,57.725000955288714,6b,8
E01033605,Westminster 009K,Westminster,27.389244467597173,23.48900056059883,15.527671890049664,38.45499004556631,6a,7
E01033699,Hackney 030A,Hackney,25.930029495860943,27.005109352054596,18.48864293157236,32.834385909495325,6a,7
E01033700,Hackney 030B,Hackney,28.38897742419688,28.038783294485835,22.25153404552761,34.90651905306203,6a,7
E01033702,Hackney 028C,Waltham Forest,5.877962231288629,5.036925200310918,3.904606979033511,12.030426018257428,2,3
E01033703,Hackney 010F,Hackney,23.072125479218297,23.34129867624461,20.697320332151524,25.889467061025,5,6
E01033704,Hackney 023F,Tower Hamlets,20.689324497778287,20.371152874063448,13.825796416794525,29.422757330232425,5,6
E01033705,Hackney 028D,Waltham Forest,10.119022620413595,9.222663920595592,6.47794982965754,16.528127964207663,3,4
E01033706,Hackney 033B,Tower Hamlets,29.622973601311877,30.4931692438748,21.37902320965328,35.92334693377288,6a,7
E01033708,Hackney 033C,Tower Hamlets,60.644360604049126,71.24466089637532,30.16323503539036,84.21243349657425,6b,8
E01033709,Hackney 032B,Hackney,23.078396139924436,23.42520742339141,16.61785806119217,27.081549116220643,5,6
E01033710,Hackney 028E,Waltham Forest,7.453195605151764,6.898058153058873,4.666054142003064,11.350611972486249,2,3
E01033711,Hackney 032C,Islington,27.805773508154846,29.275961761273688,22.82764427368961,34.06900312333181,6a,7
E01033712,Hackney 023G,Tower Hamlets,17.539626417908515,17.5485633982833,14.317250765990892,20.6992759678868,4,5
E01033713,Hackney 010G,Hackney,15.298131644782268,15.630258918803104,8.379305189059622,23.33691193178267,4,5
E01033727,Greenwich 035B,Lewisham,9.879046177811514,9.537366742016188,4.306474257860867,14.44871716393322,2,3
E01033728,Greenwich 035C,Lewisham,8.501424521510758,9.409370237557315,0.0,15.251625307530851,2,3
E01033729,Greenwich 030E,Greenwich,4.195513233411381,4.378594547739298,0.0,8.183036717741757,1b,2
E01033732,Greenwich 041E,Greenwich,17.194538166785858,17.200122756162497,11.951700882988671,21.663444550927583,4,5
E01033734,Greenwich 039B,Greenwich,22.90059184304292,23.015361178712777,11.334583311223884,36.507052048641405,5,6
E01033735,Greenwich 042D,Greenwich,42.56354797345822,41.66330330506945,36.86177391074111,49.84416000777043,6b,8
E01033736,Greenwich 039A,Greenwich,27.575773676696368,31.61384244681826,11.85163431310628,37.536953726462414,6a,7
E01033737,Greenwich 042B,Greenwich,35.24102166507077,34.659064616257695,28.262141168354454,48.11062829080653,6a,7
E01033738,Greenwich 037D,Greenwich,15.944721872043116,18.30398250790453,5.932064580955505,22.955488771160223,4,5
E01033739,Greenwich 002E,Greenwich,3.180373677501717,3.653747340515599,0.0,5.60539586896733,1b,2
E01033740,Greenwich 002F,Greenwich,5.948893090565096,6.196051673916552,4.332083414246957,7.014040021841264,2,3
E01033741,Greenwich 002G,Greenwich,4.174858287261744,4.341578894933728,0.0,8.693498819792017,1b,2
E01033742,Greenwich 007F,Greenwich,4.46220206192816,3.906573134203326,3.117143913444838,8.26579774009491,1b,2
E01033743,Greenwich 002H,Greenwich,3.251148545648584,2.134846355073809,0.0,12.300192903702094,1b,2
E01033744,Greenwich 007G,Greenwich,13.889568223281408,16.821688258544206,3.127295765072979,26.6231739126018,3,4
E01033745,Greenwich 002I,Greenwich,5.447127925534414,5.216453118210687,1.751127151273292,11.752445756397346,2,3
E01033746,Greenwich 038E,Lewisham,19.233959045219265,19.634914767471027,14.82961011050867,26.881434154828227,4,5
E01033784,Havering 007F,Havering,4.758680620812049,4.547156516157468,2.562741871041874,9.571527474008413,1b,2
E01033785,Havering 007G,Havering,9.418754229340298,9.045912289435844,4.396653246181713,15.468814957001166,2,3
E01033786,Havering 017G,Havering,24.590862125476637,23.504465814253567,17.775516873513197,33.624170588473895,5,6
E01033787,Havering 017H,Havering,9.691144731450018,6.628442914833355,1.614999832412985,24.259159579385724,2,3
E01033788,Havering 017I,Havering,14.620280414226777,14.212170335056486,10.495231897635588,20.13600290596512,3,4
E01033789,Bexley 008H,Bexley,4.920056682166674,3.654549566227296,2.003028601293493,8.609959459745749,1b,2
E01033790,Bexley 008I,Bexley,9.499019386108802,9.543121103984792,7.668548636906852,11.007524442500236,2,3
E01033791,Bexley 019G,Bexley,7.476897605272941,8.474152283561372,1.836071290543601,10.493128903140848,2,3
E01033792,Bexley 019H,Bexley,3.166892815759816,3.484057891940401,0.0,9.385253567120344,1b,2
E01033862,Lambeth 003F,Lambeth,33.658010180079955,33.57242696657923,21.50329641414987,52.152260183300875,6a,7
E01033863,Lambeth 003G,Lambeth,33.821001658442626,34.72762580161007,26.47202461051307,39.52784892539216,6a,7
E01033864,Lambeth 004H,Lambeth,29.17861143356763,28.840760716907347,26.30137957088308,32.73154472957276,6a,7
E01033865,Lambeth 004I,Lambeth,36.22071383655541,38.47148305255888,25.67453638428212,41.64293675749444,6a,7
E01033866,Lambeth 004J,Lambeth,29.669560358890863,31.79155179042824,16.678557146451155,38.41658070825582,6a,7
E01033867,Southwark 002F,Southwark,61.28209645612979,59.81895983393315,53.796008558709424,82.07543113919479,6b,8
E01033868,Southwark 002G,Southwark,64.97877028692665,59.787387076774806,50.254746310434335,82.80731989140128,6b,8
E01033869,Southwark 004F,Southwark,16.52008993692233,16.35400059899897,11.28281709127602,21.7953140220548,4,5
E01033870,Southwark 004G,Southwark,11.196557396677052,10.108729324817151,8.271941878798096,15.65575243764647,3,4
E01033871,Southwark 004H,Southwark,19.10516934687444,18.99049366674314,15.268015104020488,23.824228140417745,4,5
E01033872,Southwark 004I,Southwark,10.200965071150868,9.716557829240818,5.516770878534099,14.596639790356289,3,4
E01033873,Southwark 009G,Southwark,47.78431076355121,46.55694370475329,32.88681402772983,65.10125055718142,6b,8
E01033874,Southwark 009H,Southwark,69.57864945137716,70.2637034643298,63.278245314725126,73.72903781502959,6b,8
E01033875,Southwark 012G,Southwark,43.40006223926105,41.873675980607835,38.27412024192749,55.8593725096945,6b,8
E01033876,Southwark 012H,Southwark,51.412096361090775,49.6744812417978,41.82235438587616,60.03669494934987,6b,8
E01033877,Southwark 012I,Southwark,36.73934856145016,39.14396855267333,25.72090220483796,41.468556475236014,6a,7
E01033878,Southwark 015F,Southwark,15.616670765098473,15.3993865488322,14.960752795786194,16.424185934280786,4,5
E01033879,Southwark 015G,Southwark,10.340449424318829,7.636837319259481,5.650560014408835,16.26271921703054,3,4
E01033880,Southwark 015H,Southwark,12.967811561336354,13.481429316046729,6.714163990824273,18.035780813469145,3,4
E01033881,Southwark 016F,Southwark,11.66348976329668,13.638701376914216,5.129339224296243,19.505814183307265,3,4
E01033882,Southwark 022G,Southwark,19.35100784890025,19.980943054200424,10.974508117940626,23.11107853380404,4,5
E01033883,Southwark 022H,Southwark,26.689350265902807,25.24295309177588,23.107136679581487,32.32442275661726,6a,7
E01033884,Southwark 035A,Southwark,72.00330308394545,68.47118499784405,52.893943045202086,99.39175494395161,6b,8
E01033885,Southwark 036A,Southwark,42.99167561940884,48.07350034569309,17.03070735686959,52.77266782379927,6b,8
E01033911,Barnet 017E,Barnet,1.849466010957308,1.744493364039012,0.0,8.715058526269342,1a,1
E01033912,Barnet 017F,Barnet,5.813795586248585,6.245333213808398,1.819870684826034,8.393619592026628,2,3
E01033913,Barnet 024G,Barnet,13.623705751851476,13.498892149761524,9.578839296952069,18.86210102175477,3,4
E01033914,Barnet 024H,Barnet,12.769977434573354,13.258447749273078,1.781321503203921,19.650972837882243,3,4
E01033915,Barnet 042A,Barnet,5.340437913237137,5.210921386181957,1.97144560656466,11.045356615896198,2,3
E01033916,Barnet 042B,Barnet,14.32134027851559,13.33241265544995,10.868509344041932,21.75086047943767,3,4
E01033917,Barnet 042C,Barnet,9.500909378846352,9.500909378846352,8.601261570750776,10.400557186941926,2,3
E01033918,Barnet 042D,Barnet,11.587997795923869,12.088334392407685,2.879844282532315,15.503988055663152,3,4
E01033919,Barnet 042E,Barnet,8.744934865238685,9.755146777016003,5.089186100809569,11.843085838069012,2,3
E01033920,Barnet 042F,Barnet,9.786534978828964,10.593844289372836,3.177867505547604,18.176552258999337,2,3
E01033921,Barnet 043A,Barnet,12.216370554887884,11.304053131664684,10.746863083497754,14.28865709801164,3,4
E01033922,Barnet 043B,Barnet,14.953892234202444,15.54804403082636,9.63014549140615,19.582345711566987,3,4
E01033923,Barnet 043C,Barnet,12.855780995105432,12.307435336365812,11.173976694245674,15.576326492247164,3,4
E01033924,Barnet 043D,Barnet,12.669316010825664,13.676166722205744,7.241272138001284,16.717864052656786,3,4
E01033925,Barnet 043E,Barnet,6.245891186888449,5.851811672400337,1.731371699792597,11.993978429506786,2,3
E01033926,Enfield 014E,Waltham Forest,2.947373050751001,2.953584693696414,0.0,6.95419054629557,1b,2
E01033927,Enfield 020F,Enfield,17.685105531253175,18.04444577997583,6.709753684864245,25.506073632340655,4,5
E01033928,Enfield 020G,Enfield,17.481602291575577,17.97438986796491,11.989012822954162,24.1454005595132,4,5
E01033929,Brent 002F,Brent,9.61374711019768,8.829140854726514,6.763373191804041,16.07071693643953,2,3
E01033930,Brent 002G,Brent,7.360090342365742,7.625810944404281,3.762649832932723,9.393157376396172,2,3
E01033931,Brent 009F,Brent,24.1845902258929,24.04693015829948,16.177670590421727,31.61661445422741,5,6
E01033932,Brent 009G,Brent,17.471799702030903,19.784778119274804,7.174815574199764,26.192030028294536,4,5
E01033933,Brent 010G,Brent,7.447486494399397,7.252356309207086,5.5591962714851,8.889443828051272,2,3
E01033934,Brent 010H,Brent,6.479185572444521,6.428773683317199,2.451061497223609,10.950013588949917,2,3
E01033935,Brent 020F,Brent,20.697033896447003,21.39146667524128,4.317984588807766,30.21390837641812,5,6
E01033936,Brent 020G,Brent,25.60073220658047,25.14565075576308,21.466478967883862,30.25307903404317,6a,7
E01033937,Brent 027G,Brent,18.12102712629149,18.83014297200805,12.396370841783607,20.27114998366829,4,5
E01033938,Brent 027H,Ealing,7.427517018248637,7.757801185554793,0.0,20.616961002360988,2,3
E01033939,Brent 027I,Ealing,12.021793153087035,12.431401651525828,6.743272615303739,16.30256733141191,3,4
E01033940,Brent 035B,Brent,29.17062214403817,29.410176642480927,25.139031884539847,33.04164111139373,6a,7
E01033941,Brent 035C,Brent,29.20480787118764,29.43479591952855,24.311037808753085,32.52607058798747,6a,7
E01033942,Brent 035D,Brent,18.05443291160432,19.442054383514215,2.070622664392923,30.162571432314166,4,5
E01033943,Haringey 015E,Waltham Forest,13.592875968697998,14.61122131584154,2.207903488552543,31.009862825935024,3,4
E01033944,Haringey 015F,Haringey,26.589696031394965,25.425277548433467,20.436214451820007,33.992122022305,6a,7
E01033945,Haringey 020G,Haringey,7.033245457785,7.026251649286015,6.298115058919548,7.978921000015073,2,3
E01033946,Haringey 020H,Haringey,10.621169733364091,9.29445909424654,7.962894637460145,19.376763660832417,3,4
E01034026,Ealing 015F,Ealing,20.874483197197815,20.87960691467236,17.749051563297925,25.01828308946596,5,6
E01034027,Ealing 015G,Ealing,18.38387849488753,19.96869600354902,6.338772729922839,24.582648058811603,4,5
E01034028,Ealing 019F,Ealing,15.137925009475888,15.533391987628567,10.112549347649956,18.99216141233013,4,5
E01034029,Ealing 019G,Ealing,19.583612705543775,18.4325274785638,15.768297236783036,25.72095503153448,4,5
E01034030,Ealing 042A,Ealing,35.62277240033245,35.41639726602632,27.8078050659272,44.542914271482005,6a,7
E01034031,Ealing 042B,Ealing,35.15997919725411,35.03319934737212,34.221354556320264,36.225383688069954,6a,7
E01034032,Hounslow 006G,Hounslow,11.9820489783926,12.141437881172184,6.784903032469339,16.882001787712205,3,4
E01034033,Hounslow 006H,Hounslow,10.601290856586768,10.838748360613584,2.073122272942536,15.624777301550846,3,4
E01034034,Hounslow 014F,Hounslow,14.292396673081758,13.752677645897254,11.755013637412931,17.188617638981498,3,4
E01034035,Hounslow 014G,Hounslow,12.308114384683416,12.380641280183012,10.18027836243656,13.784553639503129,3,4
E01034036,Hounslow 015F,Hounslow,34.74352593838976,34.417797372340246,27.63633257019161,40.45192940816682,6a,7
E01034037,Hounslow 015G,Hounslow,27.443138959270527,28.27917594617451,12.037915148369311,34.17747628235944,6a,7
E01034038,Hounslow 017F,Hounslow,21.585511010491317,23.674408803645285,8.70098738406444,36.60916497090895,5,6
E01034039,Hounslow 017G,Hounslow,14.903491552779768,14.810451452621384,10.175304153445015,19.447692842881455,3,4
E01034040,Hounslow 018H,Hounslow,29.28358567713237,30.194697178408127,19.42543644645332,41.221431479385245,6a,7
E01034041,Hounslow 018I,Hounslow,14.960450196615133,12.46285485912586,4.196177658144225,29.75824149918535,3,4
E01034042,Hounslow 030A,Richmond upon Thames,7.97552862152479,9.102955475188065,1.923512206642207,16.66607174381005,2,3
E01034043,Hounslow 030B,Richmond upon Thames,9.975351499105354,9.79061694451415,7.73368169408159,11.884355394264013,2,3
E01034044,Hounslow 030C,Richmond upon Thames,11.63245612358612,11.452797743545217,11.018281286084504,12.118393062843744,3,4
E01034045,Hounslow 031A,Hounslow,9.670334243098782,10.542732636547177,5.921920295090525,12.673968401931589,2,3
E01034046,Hounslow 031B,Richmond upon Thames,11.983578680069265,12.31746172451448,9.688556925662908,15.937281394531194,3,4
E01034139,Croydon 015F,Croydon,11.845918313556304,10.007892785452142,3.234852904616899,23.022718063240823,3,4
E01034140,Croydon 015G,Croydon,12.633076438422558,12.491906900111347,10.54317572600658,15.008981561773068,3,4
E01034141,Croydon 020F,Croydon,43.021669946813525,40.95392630128952,35.465332377297685,49.76131319271305,6b,8
E01034142,Croydon 020G,Croydon,35.809635072857795,39.80270650300776,7.016709978735471,57.10301464047056,6a,7
E01034143,Croydon 020H,Croydon,59.02985884710988,62.21316694723704,41.966233889151006,66.66684480744404,6b,8
E01034144,Croydon 024F,Croydon,17.53354824827511,15.4730981571425,9.092498785105027,38.58735137749427,4,5
E01034145,Croydon 024G,Croydon,47.76350589443677,51.199948529294325,25.771283220268508,61.0949146214024,6b,8
E01034146,Croydon 024H,Croydon,9.2812800031348,9.975463056434393,4.845048010195464,14.066967226059113,2,3
E01034147,Croydon 046A,Croydon,57.31624738984063,57.31624738984063,57.31624738984063,57.31624738984063,6b,8
E01034148,Croydon 046B,Croydon,58.70031000279487,59.72998393553162,46.45082585656027,67.9907952782453,6b,8
E01034149,Croydon 046C,Croydon,42.66881424642071,44.833119906226585,8.947845695215701,63.469641025890816,6b,8
E01034150,Croydon 046D,Croydon,55.60375259762668,56.23029498441084,43.04510629042647,69.20040258783186,6b,8
E01034151,Croydon 046E,Croydon,23.50388706416089,23.425429779680364,23.194713518783704,23.891517894018605,5,6
E01034152,Croydon 047B,Croydon,22.422076562015224,22.704697219729304,17.604510930193648,25.799308610139363,5,6
E01034153,Sutton 004F,Sutton,7.728753486396968,8.182636851545393,3.003010534882745,10.170119351693232,2,3
E01034154,Sutton 004G,Sutton,7.422596826433913,7.612029591922422,5.525306196727032,9.002415726564308,2,3
E01034155,Sutton 012F,Sutton,21.23780581883351,19.510221971520515,16.02010488623634,28.77763363576044,5,6
E01034156,Sutton 012G,Sutton,26.379982021780897,26.73768562571822,19.178528118757427,29.47631171008879,6a,7
E01034173,Greenwich 005F,Greenwich,12.764257294645,12.46674055832737,10.341023881694174,16.02164922371688,3,4
E01034174,Greenwich 034F,Greenwich,9.150793948459894,9.330417785065888,0.0,12.724989004677235,2,3
E01034175,Greenwich 034G,Greenwich,9.387056101898676,9.508630799466689,6.141245220999547,11.365796762129095,2,3
E01034176,Greenwich 034H,Greenwich,8.49598165985434,8.46936973847415,4.46659212055444,11.318162930579533,2,3
E01034177,Greenwich 034I,Greenwich,9.453461375254872,9.408904950455144,7.584627007804817,11.437334642941323,2,3
E01034178,Greenwich 035E,Greenwich,13.172926564706165,9.967217708880188,9.489496162728416,20.062065822509886,3,4
E01034179,Greenwich 035F,Greenwich,23.114654235352845,22.346977542958516,17.823367857737427,30.001578263781848,5,6
E01034180,Greenwich 035G,Greenwich,20.225300300115432,20.50638056098084,16.882081054872117,22.589917209587455,5,6
E01034181,Greenwich 035H,Greenwich,17.138194199230448,17.46037756699969,12.953403117212408,20.98800971530269,4,5
E01034182,Greenwich 035I,Greenwich,22.29582437450206,21.565771896200665,19.03836566431688,27.777528983746254,5,6
E01034183,Greenwich 037E,Greenwich,9.659197883543047,9.426692756140175,3.342057514062529,16.1876317605002,2,3
E01034184,Greenwich 037F,Greenwich,13.913805393325026,14.044351141676405,12.870544201887252,14.826520836411415,3,4
E01034185,Greenwich 037G,Greenwich,13.485185897687746,13.46630155033882,11.28786915442864,15.143749260698227,3,4
E01034186,Greenwich 039C,Greenwich,42.43805233400982,44.14526236575682,33.06361278825837,48.80624332882025,6b,8
E01034187,Greenwich 039D,Greenwich,40.88426518628573,40.553489776718905,29.683419218836956,52.88742108422329,6b,8
E01034188,Greenwich 040A,Greenwich,15.468111204923709,19.22941072061503,0.0,30.723116901505712,4,5
E01034189,Greenwich 040B,Greenwich,9.40942461025418,10.740539730626251,0.0,19.18331471755133,2,3
E01034190,Greenwich 040C,Greenwich,12.064466039750949,14.114338629287428,0.0,21.928816309240556,3,4
E01034191,Greenwich 040D,Greenwich,5.916305234583578,7.628216683948,0.0,11.384475038921376,2,3
E01034192,Greenwich 040E,Greenwich,13.065083872916423,12.658319578215172,9.223868784992936,19.18421463127568,3,4
E01034193,Greenwich 041A,Greenwich,16.117992414635236,18.78485212135927,5.637909068256813,25.337122535122383,4,5
E01034194,Greenwich 041B,Greenwich,13.87462981613034,12.176937779059404,11.187072662954176,19.400556835911768,3,4
E01034195,Greenwich 041C,Greenwich,15.199515787358528,15.199515787358528,15.199515787358528,15.199515787358528,4,5
E01034196,Greenwich 041D,Greenwich,6.261672696657111,4.297590000668816,0.0,17.373292767749188,2,3
E01034198,Greenwich 042C,Greenwich,8.543968068969605,8.414329821319834,0.0,16.6639584275487,2,3
E01034199,Newham 012E,Newham,42.37610713960715,44.9047352624647,18.655227683348446,50.310205336838976,6b,8
E01034200,Newham 012F,Newham,59.467803924763714,55.49989259450581,49.021065934245776,76.51916316376933,6b,8
E01034201,Newham 022E,Newham,18.158597858003848,18.473642816815182,10.2569865509125,22.09763300472051,4,5
E01034202,Newham 022F,Newham,15.534804631683958,16.419813761397243,11.73563047724886,18.288557222500835,4,5
E01034203,Newham 025E,Newham,21.575356834719575,21.660873088519327,18.46827115470133,24.51141000713831,5,6
E01034204,Newham 025F,Newham,10.72423548542728,11.0258390759764,7.934107742507513,13.625201782856353,3,4
E01034205,Newham 033E,Newham,3.913761309240937,2.928558164159765,0.0,22.42760481426712,1b,2
E01034206,Newham 033F,Newham,4.864952093855123,4.738514416796873,0.0,13.243892831026908,1b,2
E01034207,Newham 033G,Newham,11.487546817035083,12.573310656590614,2.959418831115396,15.597843277742005,3,4
E01034208,Newham 034J,Newham,20.170336933319874,20.10131710060574,13.67877306174574,26.328058180280348,5,6
E01034209,Newham 034K,Tower Hamlets,25.683043634519343,26.159157233298135,9.31763911546412,42.6265601128444,6a,7
E01034210,Newham 034L,Newham,19.390916136236154,19.94171308206072,15.926358681244832,22.13493201856216,4,5
E01034211,Newham 034M,Newham,13.347441714922278,8.571182877077788,2.717910090695568,36.586905114529294,3,4
E01034212,Newham 034N,Newham,12.826650195108302,11.085786468174868,5.758101095583041,25.25722326232458,3,4
E01034213,Newham 038A,Waltham Forest,7.163465456930169,7.654579472692194,1.967376373110627,12.867670305239312,2,3
E01034214,Newham 038B,Newham,12.637446045633387,12.637446045633387,12.451255527447447,12.823636563819331,3,4
E01034215,Newham 038C,Newham,43.82072258134097,44.865900517533134,41.01147151250787,46.37398528164616,6b,8
E01034216,Newham 038D,Newham,48.12466055329496,47.68453266716909,42.38057863311444,52.402594797078415,6b,8
E01034217,Newham 038E,Newham,29.325810412171368,37.361641346676954,2.936265782451828,50.33296410413074,6a,7
E01034218,Newham 039B,Waltham Forest,22.80011505792638,22.64548233098169,9.048694612491348,41.827976199469646,5,6
E01034219,Newham 039C,Newham,50.60465653525742,49.6105640407014,4.937033233498242,79.92444848435366,6b,8
E01034220,Newham 039D,Newham,60.1288561221438,55.6559265145912,43.24403438333454,83.03887759254087,6b,8
E01034221,Newham 039E,Newham,50.68575460832153,52.52287269486101,37.37178872195848,59.85999432752152,6b,8
E01034222,Newham 040A,Newham,19.874262205250908,12.928981065966608,1.982734210928228,45.58244742698548,4,5
E01034223,Newham 040B,Newham,31.16061874875503,39.1116314824241,12.727134304506208,41.75334347487052,6a,7
E01034224,Newham 041D,Newham,7.078355312213671,6.770862133416892,0.0,12.476025934264197,2,3
E01034225,Newham 042B,Newham,9.55203330794272,9.71408136639696,3.085500244113632,12.972536108877232,2,3
E01034226,Newham 042C,Newham,11.242661174160906,11.051970060369143,7.985670678212722,14.09509645912408,3,4
E01034227,Newham 042D,Newham,9.05668592769742,9.433977678918788,6.995392716324368,10.36339563662774,2,3
E01034228,Newham 042E,Newham,8.098054742992954,8.237767573927247,7.230370041057645,8.76508543897288,2,3
E01034229,Newham 042F,Newham,7.474536685126984,7.7040008028822,2.758215476867336,13.389302602518464,2,3
E01034230,Newham 042G,Newham,7.280869639221477,6.585920672516851,6.407094262049812,8.659289488573384,2,3
E01034231,Newham 042H,Newham,7.371021336363034,7.266337229643902,6.913974647205423,8.414505892168975,2,3
E01034383,Bromley 005F,Bromley,15.010400182524595,13.676269985356717,2.625840778412558,30.90809483689417,4,5
E01034384,Bromley 005G,Bromley,13.67904759570707,13.848196650822036,8.455774721906932,16.973502327323587,3,4
E01034385,Bromley 018F,Bromley,25.649885945864405,25.643577699081533,4.530330131101447,35.61484857588773,6a,7
E01034386,Bromley 018G,Bromley,29.32605355755864,28.949603471211876,24.27053724462593,34.611456545493056,6a,7
E01034387,Lewisham 001F,Southwark,9.481545925229764,9.559250179692745,8.750886808272082,10.05679653326149,2,3
E01034388,Lewisham 001G,Lewisham,4.601914338603733,4.82433730325448,3.387531354405414,5.654950869599195,1b,2
E01034389,Lewisham 001H,Lewisham,11.27411090596544,10.814064868564325,10.193661630714216,14.243446662373485,3,4
E01034390,Lewisham 020F,Lewisham,13.156559225500027,14.931062644499375,3.792836474266575,26.063938441981232,3,4
E01034391,Lewisham 020G,Lewisham,13.969386944042537,16.49065346738776,6.636350060865857,26.84477102205105,3,4
E01034392,Lewisham 040A,Lewisham,35.67237384868136,38.181658810419805,25.14376013569204,51.5202099990664,6a,7
E01034393,Lewisham 040B,Lewisham,47.72497281377625,42.825634178639845,39.78122984459962,62.90078700676394,6b,8
E01034394,Lewisham 040C,Lewisham,52.8328523694031,50.81594028271256,41.58003916282056,65.65787581695972,6b,8
E01034395,Lewisham 040D,Lewisham,38.38496835540619,40.74341324192937,13.738467182869366,49.54514139561532,6a,7
E01034469,Barking and Dagenham 004F,Barking & Dagenham,3.656455150410037,3.30030989451289,0.0,9.36182445893502,1b,2
E01034470,Barking and Dagenham 004G,Barking & Dagenham,4.163527901956684,3.757817214681868,3.216438081883943,7.513657975209228,1b,2
E01034471,Barking and Dagenham 008G,Barking & Dagenham,9.206605878670102,9.289253991527527,6.970981472717261,11.472988309147098,2,3
E01034472,Barking and Dagenham 008H,Barking & Dagenham,8.756194759849375,8.726167032615052,7.18787898850374,10.148317566440776,2,3
E01034473,Barking and Dagenham 015E,Barking & Dagenham,37.79309654214442,37.56675511892025,33.09938483781458,45.20620965411213,6a,7
E01034474,Barking and Dagenham 015F,Barking & Dagenham,31.601976144351408,31.556194756812893,25.195188850511077,36.95445836085448,6a,7
E01034475,Barking and Dagenham 019F,Newham,6.706672362462765,6.834580195062624,0.0,11.931564873305105,2,3
E01034476,Barking and Dagenham 019G,Barking & Dagenham,3.430185803962219,3.185964898239545,0.0,7.843985588027726,1b,2
E01034477,Barking and Dagenham 019H,Barking & Dagenham,7.189605753430125,7.190352984567385,5.962198629774777,8.57498100658151,2,3
E01034478,Barking and Dagenham 019I,Barking & Dagenham,3.305027546606605,3.268454627526505,0.0,8.856209536453214,1b,2
E01034479,Barking and Dagenham 021G,Barking & Dagenham,9.112132645665602,5.713837112269321,2.207514489221868,29.797304148927086,2,3
E01034480,Redbridge 023E,Redbridge,5.705441579941652,7.294700911283016,2.156084796207804,8.068136774901268,2,3
E01034481,Redbridge 023F,Redbridge,6.291971109664999,4.584400048475867,4.027878775147332,17.04876406064609,2,3
E01034482,Redbridge 032F,Redbridge,36.75039643375283,36.86232248596802,36.323360334371024,37.065506480919446,6a,7
E01034483,Redbridge 032G,Redbridge,28.34382624887991,27.804767580278888,16.838448652473197,35.59382559820134,6a,7
E01034484,Redbridge 032H,Redbridge,18.977552165475803,21.291647223719455,3.93730722850819,34.54892173444074,4,5
E01034485,Waltham Forest 014F,Waltham Forest,16.34908994934135,15.591466508841522,13.486383359924746,20.634532094939807,4,5
E01034486,Waltham Forest 014G,Waltham Forest,16.17928374339553,16.263692195599088,6.820475607368683,26.04574358530478,4,5
E01034487,Waltham Forest 020H,Waltham Forest,18.182902923825992,18.09321083289864,16.355702476779904,21.085498416238327,4,5
E01034488,Waltham Forest 020I,Waltham Forest,10.822683569971424,11.327917497862556,5.096913702670546,16.436188103984364,3,4
E01034576,Kingston upon Thames 004H,Kingston upon Thames,15.091473652431246,12.76223104288162,4.93837475461184,28.66160105960644,4,5
E01034577,Kingston upon Thames 004I,Kingston upon Thames,25.75671105789773,23.780940483337243,23.407487107157024,32.05747615775941,6a,7
E01034578,Merton 001F,Wandsworth,6.544718674838697,7.205395889176184,0.0,10.717989819506258,2,3
E01034579,Merton 001G,Wandsworth,5.929746862399086,5.960340142847341,1.883804584242699,10.07845424915132,2,3
E01034580,Merton 005F,Merton,18.079094967813838,17.83913432562113,13.282496693181528,26.032714783108908,4,5
E01034581,Merton 005G,Merton,15.112941376436552,15.054377553295998,10.052925187065414,21.554532384331253,4,5
E01034589,Harrow 002F,Harrow,9.455056180312615,9.072610084905094,5.262051373533026,17.84486959193928,2,3
E01034590,Harrow 002G,Harrow,7.326723668022226,8.512192913970463,1.916055242724571,13.78890340420918,2,3
E01034591,Harrow 013F,Harrow,9.502370071160612,8.566105051786055,0.0,19.931894288701145,2,3
E01034592,Harrow 013G,Harrow,17.564381928365854,18.50861696424945,10.397867240958506,20.387140654155544,4,5
E01034593,Harrow 015E,Harrow,3.545491674322058,3.605668011969233,0.0,9.498767869189894,1b,2
E01034594,Harrow 015F,Harrow,6.08503024950752,6.557320418971987,3.439273819637016,8.100741320797798,2,3
E01034595,Harrow 023E,Harrow,14.7268915446721,10.7449887769829,6.671063859427071,31.659281507172857,3,4
E01034596,Harrow 023F,Harrow,36.99177514576678,39.37772789134278,32.4079277947942,40.792424452278766,6a,7
E01034597,Harrow 023G,Harrow,30.493706113407907,32.40020188529543,9.514089038629846,38.76328740141002,6a,7
E01034598,Harrow 023H,Harrow,38.85367437244537,41.633756247005515,27.18772942481067,46.447665398632125,6a,7
E01034599,Harrow 027E,Harrow,14.144672432455204,15.05991507711221,6.392915473454467,23.747120379531616,3,4
E01034600,Harrow 027F,Harrow,17.4525883105664,18.002555474789993,8.379459434668213,20.954257149870003,4,5
E01034601,Hillingdon 015G,Hillingdon,4.097530623093181,2.966635453056635,0.0,14.704893387058892,1b,2
E01034602,Hillingdon 015H,Hillingdon,21.778795374229993,23.986597123061905,0.0,30.493430578429347,5,6
E01034603,Hillingdon 015I,Hillingdon,3.420735356955773,0.0,0.0,18.28650971148117,1b,2
E01034604,Hillingdon 015J,Hillingdon,15.552719109234133,15.4045421992907,4.39753953045177,27.67899065802207,4,5
E01034605,Hillingdon 015K,Hillingdon,10.98405280654266,10.493506736755226,0.0,17.09488670046601,3,4
E01034606,Hillingdon 016G,Hillingdon,5.371608740239088,4.923233945630204,2.545872587168517,11.583497996979329,2,3
E01034607,Hillingdon 016H,Hillingdon,3.283687104521406,3.890378197423293,0.0,6.564475255586434,1b,2
E01034608,Hillingdon 022G,Hillingdon,3.05597602446653,0.0,0.0,12.201113580886071,1b,2
E01034609,Hillingdon 022H,Hillingdon,11.18301520090534,11.433246720420335,5.989398704749984,14.254724421977198,3,4
E01034610,Hillingdon 027G,Hillingdon,7.996938174252536,8.110761225867805,4.891110787913139,12.771061748215764,2,3
E01034611,Hillingdon 027H,Hillingdon,6.152384775727359,6.593925902465276,2.68795782244527,8.660387551845497,2,3
E01034612,Hillingdon 027I,Hillingdon,14.575893090248597,15.057955154436527,2.923591278782088,22.915870210337705,3,4
E01034613,Hillingdon 027J,Hillingdon,4.45444875436661,4.168514334012741,0.0,20.735279593100092,1b,2
E01034614,Hillingdon 028F,Hillingdon,3.885174214998261,4.132810664919014,1.895191878403919,5.502500561924673,1b,2
E01034615,Hillingdon 028G,Hillingdon,3.10460340400752,3.099144524717117,0.0,5.68584365421021,1b,2
E01034616,Hillingdon 030F,Hillingdon,22.1267689594942,21.985950104220585,18.70378256562012,25.18620639976743,5,6
E01034617,Hillingdon 030G,Hounslow,11.13695166570561,8.106361654644537,0.0,24.926411440781028,3,4
E01035484,Hammersmith and Fulham 001F,Kensington & Chelsea,10.480475425346503,5.58552266211228,0.0,28.703806362438108,3,4
E01035485,Hammersmith and Fulham 001G,Kensington & Chelsea,27.535058214799164,25.80952492511964,7.891753526886117,39.763760979901996,6a,7
E01035486,Hammersmith and Fulham 023G,Wandsworth,10.52677939659866,8.996691653341545,6.070405038195374,20.04898051088433,3,4
E01035487,Hammersmith and Fulham 023H,Hammersmith & Fulham,10.964826919023302,9.944625487475063,7.773854616864112,16.26680414074367,3,4
E01035488,Wandsworth 004H,Wandsworth,23.619939755160335,23.369090574365767,11.504058464606178,37.000114306698336,5,6
E01035489,Wandsworth 004I,Wandsworth,14.024593409013686,13.74812390829495,13.168380204850596,15.433745614614256,3,4
E01035490,Wandsworth 010H,Wandsworth,15.23896499335638,10.91288240271166,4.155034946342304,37.01903337608314,4,5
E01035491,Wandsworth 010I,Wandsworth,17.65362681728772,19.35350649320193,7.829821171025148,26.29740591765208,4,5
E01035492,Wandsworth 010J,Wandsworth,9.296381118159578,7.894511815083831,4.062871621485931,16.206682654239252,2,3
E01035493,Wandsworth 010K,Wandsworth,20.819882903256488,22.717527041652644,13.647500311295012,24.606674481976185,5,6
E01035494,Wandsworth 018E,Wandsworth,18.92443976495929,17.033499611653465,13.889907492320829,23.92025707169241,4,5
E01035495,Wandsworth 018F,Wandsworth,20.07035149959543,21.514116131929573,15.582892723169644,24.43230416377837,5,6
E01035496,Wandsworth 038A,Wandsworth,28.77075687807016,28.96555228956097,10.541101389154068,43.57797100901189,6a,7
E01035497,Wandsworth 038B,Wandsworth,6.53357123874525,5.607498291189327,4.302624138517432,9.764363949689372,2,3
E01035498,Wandsworth 038E,Wandsworth,8.47405631056165,8.528217535266485,0.0,20.2213111734739,2,3
E01035499,Wandsworth 039C,Wandsworth,10.82960187733001,10.710344959190378,8.414572700987566,13.705372793358634,3,4
E01035638,Hackney 002G,Hackney,20.9178217194094,23.107903295962068,6.43939675393956,26.615434503687993,5,6
E01035639,Hackney 002H,Hackney,19.410389485050207,21.026172134636667,0.0,32.35273289045296,4,5
E01035640,Hackney 020F,Hackney,26.074297668593136,26.691676985342063,21.42078172282552,28.552300742188425,6a,7
E01035641,Hackney 020G,Hackney,25.87953385530982,27.65015598344955,18.59842974390058,30.306020967085804,6a,7
E01035642,Hackney 025G,Hackney,15.947525760773567,15.457940503412408,13.387080890336405,19.63093636227854,4,5
E01035643,Hackney 025H,Hackney,10.903190549290771,10.889668863674938,6.159317858354038,14.836064425878927,3,4
E01035644,Hackney 025I,Hackney,7.86988065872521,7.381408041776462,5.630956947036166,11.085749604311752,2,3
E01035645,Hackney 025J,Hackney,13.54830312673422,13.625435262935463,11.733665491271882,15.970416077949093,3,4
E01035646,Hackney 026E,Hackney,8.729189730560945,8.15374358902169,3.725244051574399,14.607339659669409,2,3
E01035647,Hackney 026F,Hackney,8.975630466742539,9.105300178446877,5.653568988736956,14.011930770848192,2,3
E01035648,Hackney 026G,Hackney,18.854866093514037,19.288115491557956,16.487807693071204,20.35542569786903,4,5
E01035649,Hackney 026H,Islington,22.8831618309404,23.784212828552047,13.893048956420834,30.04129325650362,5,6
E01035650,Hackney 031C,Hackney,18.531184836489736,18.737457745046108,11.640718971711236,25.705592584152527,4,5
E01035651,Islington 007E,Islington,29.930997559560144,30.927234274834163,17.512603382597966,39.348903339830606,6a,7
E01035652,Islington 007F,Islington,26.892690271515907,26.05368506285365,19.548234511810648,33.85453427874708,6a,7
E01035653,Islington 011J,Islington,21.06533063619784,20.93576964556136,14.144842239871624,32.710589732603445,5,6
E01035654,Islington 011K,Islington,25.598333869084527,25.598333869084527,20.192139584364707,31.004528153804355,6a,7
E01035655,Islington 020F,Islington,27.716916645861133,26.39547908264665,21.471804612100645,36.35574889799498,6a,7
E01035656,Islington 020G,Islington,13.372756316841723,13.936757521142376,5.793017518675028,20.129519778973798,3,4
E01035657,Tower Hamlets 001E,Tower Hamlets,8.385831260847175,8.006606852988387,3.541790816689015,14.974403505423506,2,3
E01035658,Tower Hamlets 001F,Tower Hamlets,8.065648737766889,7.624104462864191,7.049500743599271,9.906781555271202,2,3
E01035659,Tower Hamlets 001G,Tower Hamlets,7.596616017766422,6.901314587828447,4.428183073289959,15.985181421969513,2,3
E01035660,Tower Hamlets 002E,Tower Hamlets,23.618695679625606,26.023089962734083,14.059884716486971,31.64024636735757,5,6
E01035661,Tower Hamlets 002F,Tower Hamlets,26.759446861088623,25.372587162827124,24.504952543866388,30.054926426011583,6a,7
E01035662,Tower Hamlets 004H,Tower Hamlets,14.706516741605103,14.819828653405414,8.110602530167153,21.189119041242748,3,4
E01035663,Tower Hamlets 004I,Tower Hamlets,20.31028393259782,22.77617409778369,2.802586853443664,27.16153657033364,5,6
E01035664,Tower Hamlets 006E,Tower Hamlets,14.679510880610922,13.963427747611172,11.84786010105962,21.731610768013407,3,4
E01035665,Tower Hamlets 008F,Tower Hamlets,15.965323803139388,16.031363945936448,11.229590741317008,22.220199206326026,4,5
E01035666,Tower Hamlets 008G,Tower Hamlets,20.81531162400061,21.123116180922352,17.538587369126105,24.14625397353724,5,6
E01035667,Tower Hamlets 008H,Tower Hamlets,16.807560350688732,17.584502514222507,11.170963774025944,19.832734151139928,4,5
E01035668,Tower Hamlets 009E,Tower Hamlets,18.281284621905513,16.142069663742554,10.836804373350096,32.650021602077615,4,5
E01035669,Tower Hamlets 009F,Tower Hamlets,31.825066851107508,21.925921529252115,10.653280337323771,64.14953485616348,6a,7
E01035670,Tower Hamlets 010G,Tower Hamlets,24.041348838935587,22.881931155195357,14.17225027572179,31.88327047948169,5,6
E01035671,Tower Hamlets 012F,Tower Hamlets,13.383266225327048,14.803304039574218,8.570706251461058,17.02185289631846,3,4
E01035672,Tower Hamlets 012G,Tower Hamlets,10.505033654533902,9.138921659712643,7.144967430330869,17.99619907078459,3,4
E01035673,Tower Hamlets 012H,Tower Hamlets,8.949596801012836,8.267289558963515,6.868533580504929,11.71296726357006,2,3
E01035674,Tower Hamlets 014F,Tower Hamlets,28.67784528444733,28.796129460850604,21.971839475320493,34.31555775096001,6a,7
E01035675,Tower Hamlets 014G,Tower Hamlets,35.51523502690583,36.418402755378125,26.93933307210272,39.97892258036608,6a,7
E01035676,Tower Hamlets 014H,Tower Hamlets,16.292478089405957,17.124718855787336,7.545717151527658,25.250270748448717,4,5
E01035677,Tower Hamlets 014I,Tower Hamlets,14.312639169901924,13.181872646073815,10.144387416004689,19.088338990344173,3,4
E01035678,Tower Hamlets 018E,Tower Hamlets,12.781992470908635,13.198085302949714,10.624948700207115,15.013720832566982,3,4
E01035679,Tower Hamlets 018F,Tower Hamlets,15.883950604128207,16.72573771749495,10.30874356949708,19.453036945101175,4,5
E01035680,Tower Hamlets 019E,Tower Hamlets,22.216874920243523,22.827918527871667,9.223076594058618,28.154303388863674,5,6
E01035681,Tower Hamlets 019F,Tower Hamlets,24.17732110433996,25.3824153492547,12.967296424880413,32.416624441325844,5,6
E01035682,Tower Hamlets 019G,Tower Hamlets,27.019097665130275,27.44716993390435,24.153394057384062,29.056764352556883,6a,7
E01035683,Tower Hamlets 019H,Tower Hamlets,23.178336459014307,22.00350365644419,17.727207252792514,33.81454338812602,5,6
E01035684,Tower Hamlets 020E,Tower Hamlets,9.040193900909186,9.057857066465832,8.89889131004788,9.163833326213844,2,3
E01035685,Tower Hamlets 020F,Tower Hamlets,10.881634829958651,12.21889018529145,8.369751798436972,12.644828324764427,3,4
E01035686,Tower Hamlets 021G,Tower Hamlets,36.73605969467788,37.53991643410663,33.48994210306485,40.25383663998839,6a,7
E01035687,Tower Hamlets 021H,Tower Hamlets,47.93978989130242,42.39762945826918,39.18574063403362,80.1475384780728,6b,8
E01035688,Tower Hamlets 021I,Tower Hamlets,43.98822316541774,43.98822316541774,42.945818062696745,45.030628268138734,6b,8
E01035689,Tower Hamlets 021J,Tower Hamlets,32.93018833417806,32.7041481891778,28.75546586087353,37.55699109748311,6a,7
E01035690,Tower Hamlets 023E,Tower Hamlets,27.60737248396183,27.557684081690635,25.652706814135662,29.483777714400816,6a,7
E01035691,Tower Hamlets 023F,Tower Hamlets,24.531226122031445,26.01478775145196,20.010396489165643,28.341470397988296,5,6
E01035692,Tower Hamlets 024E,Tower Hamlets,15.907582454897492,16.431920441846277,11.205320066047,20.410859281213884,4,5
E01035693,Tower Hamlets 024F,Tower Hamlets,14.953091249412104,16.105280947918416,6.886247274658113,20.566541783854568,3,4
E01035694,Tower Hamlets 024G,Tower Hamlets,23.286636935358885,24.526780432787405,9.509898151491736,34.18930020082141,5,6
E01035695,Tower Hamlets 024H,Tower Hamlets,23.22697988080919,22.091687259345704,18.126581009036244,30.134794829412943,5,6
E01035696,Tower Hamlets 026E,Tower Hamlets,20.380914766501053,20.15632940421464,4.70612413490071,40.94164397455736,5,6
E01035697,Tower Hamlets 026F,Tower Hamlets,34.51614759155889,34.08545944844008,25.160151133444558,46.273285310872566,6a,7
E01035698,Tower Hamlets 032F,Tower Hamlets,18.33016854055855,18.33016854055855,18.02815079848928,18.632186282627817,4,5
E01035699,Tower Hamlets 032G,Tower Hamlets,18.711397625896954,18.711397625896954,18.482788520203275,18.94000673159063,4,5
E01035700,Tower Hamlets 034A,Tower Hamlets,3.955482911161159,2.345744184323836,0.0,9.520704549159642,1b,2
E01035701,Tower Hamlets 034B,Tower Hamlets,2.398119680439945,2.399873660814032,2.113427553424554,2.679303846707163,1a,1
E01035702,Tower Hamlets 034C,Tower Hamlets,9.428857956857742,6.952658615987306,1.718035560576507,25.5410639310564,2,3
E01035703,Tower Hamlets 036B,Tower Hamlets,24.11882659877916,26.09186957270044,18.438419733320945,33.01051889038687,5,6
E01035704,Tower Hamlets 036C,Tower Hamlets,21.257666473984127,21.257666473984127,20.475802437293638,22.03953051067463,5,6
E01035705,Tower Hamlets 036D,Tower Hamlets,16.396893479394148,16.360325197703578,9.391088790728546,19.715223904726244,4,5
E01035706,Tower Hamlets 036E,Tower Hamlets,18.103314670665,16.366924504354255,12.256410482298993,25.061999978855816,4,5
E01035707,Camden 015F,Islington,12.648334133018908,10.022803192470722,4.849562372863771,30.139063834593983,3,4
E01035708,Camden 022F,Islington,46.235568542791256,45.33614305290136,2.512678126201639,104.74196255813582,6b,8
E01035709,Camden 022G,Camden,56.81286469971703,58.29089134617845,35.463689700604434,70.15257178657257,6b,8
E01035710,Camden 023F,Camden,52.06689372346381,48.69870188034763,16.630060700225112,93.3977795347768,6b,8
E01035711,Camden 026E,Camden,65.910876868774,66.73180131925514,45.87660103894909,88.23712328747614,6b,8
E01035712,Camden 029E,Islington,44.76053905016086,46.38502123016741,20.636194189456475,59.268680415913984,6b,8
E01035713,Kensington and Chelsea 016F,Kensington & Chelsea,35.917890782062294,35.840061638807384,26.57351214916436,43.06582527837735,6a,7
E01035714,Kensington and Chelsea 020F,Kensington & Chelsea,20.76335186686893,19.321759329661944,9.123671061340666,33.14090108560397,5,6
E01035715,Westminster 007H,Westminster,21.09423524934305,17.592489910900433,13.26035845735734,33.41259167891616,5,6
E01035716,Westminster 013G,Westminster,72.8870822063987,74.10885115959195,53.95549154223024,90.23215543984189,6b,8
E01035717,Westminster 014H,Westminster,17.630775518405475,17.81129540148145,15.554773210195751,19.633690626705945,4,5
E01035718,Westminster 019G,Westminster,21.345578130919108,18.36037012213949,0.0,58.416145219122,5,6
E01035719,Westminster 021F,Westminster,17.095329886505183,16.21432507063361,8.159429175887302,29.060555695631137,4,5
E01035720,Westminster 021G,Westminster,27.151005202683404,27.575604293041888,15.194949251739796,39.85021288309014,6a,7
E01035721,Westminster 023H,Westminster,40.060264373714965,42.32452124694035,21.898904669034327,56.92386351420109,6b,8
E01035722,Westminster 024G,Westminster,15.191327307993449,14.890969106497966,8.53031354897467,26.833259571846707,4,5
